MFCC_1,MFCC_2,MFCC_3,MFCC_4,MFCC_5,MFCC_6,MFCC_7,MFCC_8,MFCC_9,MFCC_10,MFCC_11,MFCC_12,MFCC_13,MFCC_14,MFCC_15,MFCC_16,MFCC_17,MFCC_18,MFCC_19,MFCC_20,F0,ZCR,Gender
-233.70909,148.97513,-9.992089,54.269527,-36.959724,-37.631325,0.7718157,-15.149273,4.1900234,-16.909426,-12.35319,-3.6007926,-33.19481,-17.795326,-0.9785809,-9.807114,-9.767961,-0.9263196,-0.79852414,-2.8507698,328.53399684924324,0.0576171875,0
-235.70186,175.57365,-19.79636,67.796585,-43.046036,-2.349144,22.13803,-33.509895,-30.602009,-20.305645,13.565931,-1.6516609,-17.568096,0.9061281,2.805108,-13.815559,-5.392988,2.5412831,-18.017012,2.3755941,138.18028677687056,0.1307373046875,1
-254.50294,151.6448,-20.937246,47.705597,-32.25188,-28.629585,11.378497,-23.792727,0.28792596,-4.804205,-24.960135,-4.8504705,-5.778166,-12.375519,-1.9220212,-2.367505,-12.189608,-5.159425,-5.4381332,-10.451935,279.7428827419782,0.0921630859375,0
-323.88974,100.441444,-7.4877033,23.708036,9.382955,-4.370167,-4.351928,-10.755955,-1.6387725,-16.206556,-21.712162,-9.741753,-10.741292,-9.646185,-16.101866,-11.335678,-3.8335042,-13.430127,-3.949986,-2.7500515,232.3926931461828,0.0479736328125,1
-267.18848,157.85146,18.521347,42.513847,-37.115574,-9.883036,-4.949133,-39.917236,6.5468493,-12.541224,-20.338156,-4.598214,-17.763237,-6.3243628,-16.836994,-13.400736,-2.7122388,-14.098737,-2.991774,-8.263113,253.59129100944216,0.03424072265625,0
-255.09822,143.33112,-7.5991755,70.47942,-41.019653,-51.820766,-13.013519,-24.61471,-3.4926486,-8.5919485,-6.032633,-5.619165,-12.959069,-11.827362,-8.400439,-11.191757,-19.016808,-0.68699235,2.1418474,-2.3704247,336.2351011349345,0.10552978515625,0
-233.84729,130.56432,-20.752499,95.79039,-3.7867644,-10.179287,6.393702,-33.77533,-5.815098,-16.656883,-8.860949,-3.7270715,-21.211273,-8.978443,-2.698915,3.740769,-7.5896955,-12.480654,-10.84334,-19.348082,130.60214788638805,0.044219970703125,1
-281.79202,137.09746,-34.463768,35.98533,-22.611897,-31.08599,-3.7712922,-23.535414,-6.225601,-5.391526,-0.5204974,-1.257527,-8.219663,2.218,-12.350479,-8.753817,-5.6338296,-17.294647,-2.6697562,-3.2756107,365.2476389285138,0.055084228515625,0
-231.98819,181.4089,-17.646194,39.473522,-11.219355,14.066494,-0.9975376,-30.17788,7.9555693,-14.782719,-5.280408,-3.9783587,-12.186878,6.5886736,-14.465793,-8.969467,2.8847613,-8.130316,-3.0119295,-1.2865189,153.00351952863423,0.030853271484375,1
-160.14017,155.0298,-39.42304,52.11848,9.855297,5.9855185,9.840215,-9.205866,14.321201,-7.635746,-0.8489353,6.3692513,-9.458574,-1.7953305,-8.490362,-4.879812,-5.467142,-9.22384,0.07656439,-4.1467624,300.2006063451427,0.056915283203125,0
-212.52505,195.5048,-29.891094,44.33967,-19.161055,0.98419666,25.83442,-20.86668,10.821983,-2.4615366,-20.421787,-1.0876224,-9.508724,-11.436106,-7.6463017,-4.373804,-7.0252056,-5.536917,-0.9363285,-10.008791,139.0312368587515,0.04241943359375,1
-272.4545,194.23323,40.333324,10.234234,-6.350231,18.288475,10.298729,-8.787173,9.737703,1.4192015,-7.671573,-0.83464473,8.863955,5.3772926,-8.27519,-4.7803926,-4.450468,1.3184235,4.3565636,-4.8359137,345.6027118160457,0.040283203125,0
-213.48958,151.07051,-34.79874,27.105888,-5.0892186,-18.296715,1.0513453,-2.687675,8.487264,-8.906369,-8.362887,-1.3412409,-9.750323,-8.284514,-14.245596,-7.285856,-4.8246756,-10.323871,-1.4831085,-1.9142852,315.79788097331897,0.053802490234375,0
-218.15697,189.52148,-16.159834,43.620018,-16.43197,2.8038845,17.116873,-10.576243,4.3297834,-6.415279,3.469409,-2.2371385,-3.6148157,9.600489,-7.360877,0.41798496,5.6306,-3.3351822,-0.98212886,0.60651034,174.82270614900398,0.032196044921875,1
-300.08728,170.58644,21.100292,81.455055,-17.26785,12.108299,15.360844,-45.14524,-2.1510007,-11.4935055,-18.111198,-10.610987,-14.267435,17.744165,-2.3363538,-20.212875,10.820183,2.0699205,-11.2069845,0.8407928,75.79138675079226,0.050933837890625,1
-281.2255,191.6732,12.488708,18.102367,-5.4934626,-7.9948153,-3.3691223,-24.356213,-14.3801365,-8.137217,0.5243281,3.2985625,-7.302256,1.3746414,-1.560888,-8.48411,-1.9465301,-5.0089216,-5.343148,-5.815053,210.17791640531493,0.039459228515625,1
-258.52795,167.86618,22.954264,22.437973,-51.86119,14.954559,20.099327,-17.730831,-10.214149,-45.76941,-9.491296,-6.983194,-23.000624,6.131452,-29.314219,-20.884485,1.0751876,-23.048939,0.10233888,0.97136426,194.9298224912558,0.112884521484375,1
-215.64362,156.20518,-16.517359,46.587883,8.464348,-3.9480972,6.66718,-14.139978,-5.0790677,-17.28044,-9.442382,-3.1895351,-14.527969,1.5050393,-6.7220993,-10.103308,-2.0941885,-13.887902,-3.6346414,1.2602477,188.7642212562345,0.03460693359375,1
-180.30733,156.73108,-48.012234,19.78601,-59.00718,-19.360863,0.94279313,-35.645027,-1.5751457,-21.315952,-14.63808,-5.4934683,-16.4011,-0.27851534,-7.4836903,-10.551373,-9.165819,-8.895672,-8.854974,-3.898828,389.9790630889033,0.067352294921875,0
-201.07733,167.38097,-72.75688,40.306053,-8.401275,-38.600365,-5.098434,-16.467451,-9.085611,-3.796691,-2.4033537,-4.017085,1.271978,-2.00216,-9.443701,-1.0886905,-11.32062,-12.43099,-0.19490683,-4.208813,337.23148831967336,0.080810546875,0
-279.77765,126.03487,-10.284206,50.976067,0.51175857,-6.0247355,14.279997,-14.160302,-6.609698,-10.480195,-4.9611964,0.036729574,-15.8421755,-0.45342767,-1.1037278,-12.04742,-2.87461,-4.981305,-5.698664,-4.7972937,222.611438291926,0.058135986328125,1
-181.23938,115.67254,-53.45367,87.99386,-29.563145,0.811776,2.8609607,-32.431656,5.182431,-14.456664,-12.011609,-15.288642,-5.07905,-4.1081014,-13.170902,2.165938,-2.0376189,2.0000648,-5.168336,-11.94132,331.9724559264591,0.132720947265625,0
-202.61264,146.32826,-84.61432,45.784184,-21.953497,-23.536566,1.5697201,-10.904156,18.277412,-4.632212,-16.315578,-11.007503,-7.6296773,-12.001743,-10.621889,-1.7728038,-14.324638,-0.35838947,-0.3893795,-12.272823,320.3610790147605,0.084381103515625,0
-248.83813,168.79973,-8.440004,7.8663898,-23.602352,-5.3406906,-12.047409,-40.49786,0.3609581,-9.675154,-21.946915,-8.611521,-12.876921,-2.7080474,-14.102528,-19.964848,-6.4380136,-16.37941,-18.074999,-12.186744,306.2110911792533,0.035736083984375,0
-165.7851,123.57467,-48.3145,51.19355,-26.348568,-28.32524,4.5455847,-15.187662,10.362426,-14.545792,-11.166807,-0.16315192,-24.042667,-8.906088,-9.48893,-7.5649195,-5.8260517,-14.957455,0.25879663,-4.9557176,322.84041040831374,0.052825927734375,0
-231.95499,179.43227,-47.757156,28.497257,-14.184534,-9.7088785,-15.819055,-45.236473,-2.2698581,-11.124861,-8.283634,-11.354889,-14.442578,11.494276,-20.344252,-8.53393,8.843381,-23.095015,0.27502072,5.488039,190.64031635879303,0.049652099609375,1
-215.2769,161.80609,-41.10238,35.892586,-31.870361,-27.146,-15.289495,-17.355629,1.8928444,-25.216331,-5.2568736,-2.371567,-7.8874593,-0.074267864,-11.964648,-2.5606446,-7.5743904,-4.575983,-0.8292912,-10.237629,244.5985647537488,0.06011962890625,0
-223.0227,211.01907,-55.33639,25.800804,-17.478024,-22.1521,-6.789031,-43.437855,-3.3076682,-8.806612,-19.528923,-1.0053648,-9.437067,3.7942328,-15.31693,-20.8378,7.854829,-12.479487,-9.427324,3.8625984,186.68215555978048,0.054443359375,1
-163.73038,192.22858,-54.924583,48.10179,-36.377647,-10.530862,20.05991,-27.370852,8.488435,-6.186504,-10.479031,4.1701136,-3.807136,1.2413844,-6.4568043,1.9971898,-2.331255,-9.01568,4.409649,-6.322506,126.89383299230904,0.08892822265625,1
-217.65543,153.28317,-11.534588,75.79677,-7.7216444,-1.9979947,18.502476,-20.011967,4.105072,-10.850039,-13.139215,-1.9292403,-12.628468,-2.2753413,-0.10177493,0.7940519,1.5837069,-3.8686936,-7.455269,-7.815655,151.63004461675004,0.0595703125,1
-267.8807,179.33496,-26.54712,26.73759,-0.052390397,-2.521348,4.1926045,-23.30622,-6.431635,-6.761849,-6.0359573,-3.977766,-17.653713,-7.5530286,-3.7794483,-8.018134,0.007762015,-0.12587942,-9.182688,-8.643751,211.4589169501696,0.04107666015625,1
-205.18991,195.67825,-24.577343,43.051765,-21.72784,-2.19699,10.90789,-37.062283,7.0146646,-4.3200073,-17.900673,8.090702,-1.4685649,-6.637554,-10.979118,-2.7529297,-0.24475051,-12.778079,-4.3045163,-4.1888895,133.11137477933613,0.04681396484375,1
-173.90637,182.83063,-55.955803,58.132275,-19.92065,0.9157684,34.975555,-15.641367,4.1308517,-9.51207,-2.466495,0.49466348,-16.349712,5.3212433,-8.111189,-10.010483,2.531493,-5.128009,4.9311,5.0387278,147.23705458492466,0.059356689453125,1
-201.03867,170.02243,-43.927486,52.959373,-4.4446445,-2.1105576,-7.693682,-33.63224,3.6377754,-9.584543,1.9200264,-5.793891,-16.01569,13.455784,-10.177027,-13.744712,5.2039223,-5.903331,-7.052767,-2.17883,170.75310752230047,0.03741455078125,1
-221.95517,157.54628,-15.72304,52.55995,-22.508064,-43.164536,10.069708,-15.855642,-10.819159,-2.917075,-15.15281,-8.538504,-8.963671,-7.123083,-6.579067,-7.8477464,-8.367439,-9.472282,-2.0554004,-5.559808,338.2331752327364,0.043670654296875,0
-245.76222,146.17032,-50.49951,56.547173,-4.004784,-4.934709,14.510862,-9.831572,16.060684,-7.595725,-3.8449578,6.523322,-12.028419,4.9153247,4.228125,0.55088484,0.03218341,-4.3160067,4.1367536,0.16735482,68.75538126962859,0.1658935546875,1
-226.80435,199.44098,-7.6924667,31.815697,2.5465753,-10.733913,-10.841975,-13.183725,11.515904,-4.036805,-5.9868183,11.288188,3.6990237,-13.026528,-7.795619,1.5852265,-10.26598,-3.3830483,-0.5178819,-6.523144,322.708474814411,0.046600341796875,0
-247.45705,125.71152,-13.154587,57.77116,-5.8693714,-22.64739,-15.18071,-19.989927,9.9178095,-16.154928,-10.979955,3.1578696,-10.397728,-4.1372714,-19.614006,-11.684261,2.268198,-5.6086335,14.590695,22.67234,433.6239623923047,0.0716552734375,0
-298.63586,111.33845,7.1366534,74.77304,-25.50367,-33.165096,11.653229,-20.50973,-16.143646,-13.239723,-17.768438,-10.504447,-4.7867494,-7.280474,-12.262055,-8.451347,-13.460618,-11.40836,-8.614853,-13.028882,323.5251587604206,0.0399169921875,0
-230.52301,143.13264,-50.81727,53.262184,-9.402287,10.960556,13.554407,-2.3460588,31.166615,-2.9692745,-3.2309384,-0.59454757,0.1733247,11.240572,-1.5042644,6.7046375,4.768699,-2.3054454,-2.0102773,-4.600997,162.81702842789588,0.005767822265625,1
-228.19888,183.43254,-27.775047,44.82637,-29.393677,-37.50257,11.222862,-31.611065,-21.62336,-1.5387422,-10.579129,-12.297769,-16.92378,-17.682058,-14.427404,-4.691457,-4.3528786,-10.736647,-13.596111,-12.370441,206.0807092634304,0.05078125,1
-211.9342,143.46278,-5.871622,82.3388,-25.56714,-5.6483865,-14.620381,-33.28582,13.506023,-21.771826,-12.999869,0.25987244,-3.9110181,-0.93011194,-7.2791076,4.316325,-3.2311134,-5.274164,-1.2979721,-4.2533765,297.0640875180003,0.088409423828125,0
-209.28975,193.65666,-17.285992,39.588833,-12.74322,-14.87713,12.81356,-7.7472076,4.488427,-4.411132,-8.334627,-6.5068507,-11.748148,4.6213775,4.1740637,-5.182606,-3.2074215,-0.9702797,-1.1564839,-3.1663094,179.75192051984368,0.04766845703125,1
-178.34515,179.04865,-55.14244,34.006508,-31.864573,-4.512642,-4.9728694,-36.11898,-11.522472,-25.19021,3.415516,3.0721493,-16.374784,-1.1675975,-2.2739663,-8.778751,-17.842247,-16.349827,-15.912027,-17.419071,124.98673769538895,0.061126708984375,1
-207.71344,189.38992,-50.701393,22.322289,-1.0655549,-6.2092257,13.901651,-11.95482,6.0937243,0.5512799,-7.6402135,2.016109,-2.0343435,1.7651958,-2.7046638,1.1424956,-0.4339554,-9.650267,-0.6274084,-7.9122505,293.2621156596714,0.062957763671875,0
-222.63666,150.64235,-28.453646,46.89351,-26.573,-14.986406,26.884314,-17.22041,1.4313492,-1.9798582,-13.100485,0.035512418,-10.485363,-8.892939,-8.447996,-5.045164,-2.9780827,-10.293562,-3.6926115,-5.8244553,175.68805592142076,0.099700927734375,1
-261.6887,183.08295,-19.323408,1.9914666,-19.620747,-16.32806,-4.8715186,-42.873444,-21.281145,-2.634401,-10.126492,-5.587893,-12.962109,-0.16851863,-0.2683754,-10.842753,8.051894,-3.7435915,-13.135485,1.9194598,179.92120171673875,0.050140380859375,1
-207.41852,194.14172,-46.081768,65.10166,4.9433804,-1.5764619,17.37075,-7.688067,9.912711,2.678774,7.1444125,-2.1471128,0.45932317,15.757618,-1.4674903,3.5998535,5.0494413,1.5373361,4.607134,2.2466555,0.0,0.04864501953125,1
-218.3399,148.85857,-40.02377,62.25918,-33.452515,3.5358067,-21.56012,-36.647614,19.988878,-25.203114,-4.2980824,-6.52042,-15.132172,6.463524,-15.7326,-7.174105,-11.283138,-17.137764,-7.684789,-14.35238,146.0177337907936,0.108367919921875,1
-236.11221,167.60822,-55.531685,27.63588,-14.460374,-3.6009588,18.033026,-14.164602,12.105562,3.3427937,-6.9150667,0.76461667,-3.065708,0.07134938,-6.261815,-0.19176877,0.048595905,-4.1194468,2.6739488,-0.71173024,412.4371979668924,0.073333740234375,0
-236.8324,133.9852,20.234097,94.92473,-25.28694,-26.572802,13.270482,-18.739447,-7.3789053,-6.341599,-1.4866966,-0.17744493,-0.35523668,-1.8226564,-8.861855,-2.0816035,-9.034254,-6.995366,-4.7400427,-11.023691,240.3398889612953,0.0634765625,0
-214.39453,194.37904,-46.08767,60.238583,5.2055197,-2.9178407,24.878567,-8.279514,10.6847105,-1.5503196,-4.8868375,8.430917,1.2845631,10.864418,1.6899166,-3.2985842,7.4919033,4.4514284,2.3164077,5.967524,75.6619100376142,0.032867431640625,1
-299.95654,137.08533,18.380802,9.206262,-11.542345,-16.213352,-22.880714,-26.647251,4.373509,-9.624611,-27.568268,-4.8999276,-11.37953,-18.612053,-10.612707,-21.446419,-21.43077,-11.640671,-8.152184,3.2441444,382.3183652144587,0.033050537109375,0
-189.32286,188.54459,-33.273582,54.05829,-6.336399,12.685976,12.384175,-6.1814513,14.092428,2.0907025,11.529084,0.42469925,9.568995,14.8253975,-0.3769703,4.802011,-1.8812249,3.641168,3.4843009,2.6062403,72.32079628833478,0.03656005859375,1
-229.74315,158.84694,-28.817434,63.398376,-20.828081,11.243098,2.668663,-21.610285,18.682625,-18.728708,5.2842207,6.1848016,-10.849522,11.017096,-9.775558,-4.4520454,3.4660854,-3.7110152,0.5261109,-1.0012641,143.79833559067583,0.087249755859375,1
-216.51672,161.81815,-33.405563,64.32302,-10.222904,-29.721352,-14.774906,-13.701656,12.215389,-22.76037,-14.3688,-10.704693,-24.488792,-3.845555,-16.059235,-16.95153,-10.179871,-7.673552,8.107529,2.4513543,370.4879085559511,0.09259033203125,0
-212.49452,138.84937,-34.61052,70.45589,-41.574814,-53.550194,-14.126911,-24.40173,1.3709095,-14.328782,-6.359106,-5.4052057,-13.975279,-6.306394,-19.720358,-9.022871,-8.156591,-15.648264,-6.178414,-10.608504,315.88282110563523,0.068878173828125,0
-310.2127,162.06581,19.236814,-2.3120127,-21.764452,-26.22377,-29.108337,-9.066641,-4.399318,-25.268456,-3.0900881,2.136146,-15.452079,-12.33177,-5.676549,-9.854858,-15.693722,-2.422996,1.76545,-4.2527857,325.1721094937289,0.05865478515625,0
-319.18048,123.43748,43.06624,51.540924,33.650196,22.7215,26.747028,14.915802,11.200327,5.383097,1.9567837,6.9320517,3.1484213,3.2787883,4.627046,2.3988543,4.940055,4.4587984,3.7986393,4.936306,85.32179350382945,0.007476806640625,0
-220.9438,160.6995,1.7920725,57.289337,-60.11007,-2.2946134,7.5458245,-41.63794,5.0590763,-21.353786,-14.229988,1.2967505,-10.41667,-1.1649686,-6.228138,-1.976017,-8.277086,-5.4062376,7.2125344,-3.9286146,164.01604491417478,0.117767333984375,1
-226.7208,159.0054,-22.824434,21.07274,-23.226017,-15.866901,-3.3055964,-31.252956,0.72437954,-3.0332608,-9.492958,2.1200414,-10.753235,-5.4112153,-3.8787394,-6.391854,-5.566703,-7.6570253,-0.83724767,-4.0830564,330.7968544140156,0.045745849609375,0
-171.18497,154.75974,-61.704536,56.299046,-31.489342,0.57443476,-6.0866613,-38.56572,15.910086,-13.199887,-4.4927306,-7.6138754,-18.334309,4.9569893,-15.377791,-15.756633,-10.379332,-11.940332,-9.249552,-13.56222,166.99297515403535,0.105499267578125,1
-248.37782,169.60841,-43.510593,16.98816,5.000983,-45.350044,-25.989262,-18.258991,-18.512157,-20.682865,-15.573101,-3.7899256,-13.132377,-19.026525,-14.533272,-13.115028,-4.550658,-5.760068,-15.108128,-10.73181,269.42553347167376,0.052764892578125,0
-230.02252,161.29611,-47.658054,36.895466,-59.89397,-7.4580927,0.04870391,-39.429367,-2.3373363,-15.831769,-9.996492,-10.137641,-7.550013,-9.821968,-8.203577,2.8231091,-11.719788,-0.32588935,-4.2094803,-6.9157267,242.6929441937036,0.089447021484375,0
-253.55219,193.871,-15.4320545,21.758696,4.7603836,1.4632903,-2.716499,-20.562178,10.5745125,3.1202698,-7.1979713,3.094646,-3.293338,-2.9812624,-9.420799,-10.311859,-1.9509534,-5.1210756,-5.0603905,-3.975938,337.3262818059007,0.0396728515625,0
-257.07977,153.94647,-21.639786,14.738068,-54.48545,-27.058891,-6.468342,-34.95289,-3.3775396,-7.8407416,-11.668246,-1.3606405,-1.6679164,-9.569068,-12.84542,-0.3322742,-2.7981052,5.63192,4.5527387,-10.367167,266.11803712407885,0.05755615234375,0
-248.41156,143.62204,4.324026,86.51686,2.5591898,-8.428949,8.147352,-26.754385,-11.967393,-15.221603,-9.796639,-6.2980537,-11.5490465,-3.4915097,-5.1338444,-1.4681523,-4.338786,-2.525206,-0.24431932,-7.8329887,157.36452204628648,0.02423095703125,1
-219.19702,130.4089,-40.26032,29.772978,-40.93593,-43.756035,5.226062,-14.082896,-5.187211,-10.963795,-12.287243,-10.460043,-17.429943,-6.806035,-20.570564,-23.690481,-4.17036,-3.4668367,-8.254186,0.55500555,357.5379927970644,0.058441162109375,0
-210.34448,162.2782,-42.898186,81.49625,-18.839478,2.3000805,-10.2516775,-23.03302,19.68917,-6.9899583,5.7816377,-8.767657,1.358326,11.652233,-18.73815,-1.9448593,0.7538128,-9.569694,-3.7087135,1.110908,0.0,0.126495361328125,1
-170.81667,213.5448,-45.427757,19.199015,-8.517765,-5.4484835,3.4746356,-12.799131,20.760513,4.335188,-7.234098,3.8508253,0.4527179,1.6220024,-6.3696713,-3.7310605,-5.599786,-9.568221,-2.6079028,-4.3804064,322.71870919618937,0.049896240234375,0
-251.11015,140.39326,28.275928,69.68745,-22.303648,-28.402035,10.799818,-14.915606,-10.352721,-11.869869,-12.1014185,-5.403428,-11.8923235,-11.277447,-1.7994494,-1.7012365,-17.632648,-7.0492334,2.98589,-9.2715645,262.56541616047065,0.025665283203125,0
-200.13881,167.35957,-21.895943,57.68043,-19.961075,16.599953,2.5083199,-30.883404,-8.041777,-5.8952026,10.584988,-13.33102,-7.8490977,5.095685,-4.288552,-0.1250399,-2.5423346,-3.715125,-6.7555285,-4.1261654,132.32775987359722,0.0850830078125,1
-167.46173,158.55766,-51.383057,43.19442,-11.5238905,5.315466,11.414118,-20.695696,23.215008,0.966136,-10.04517,4.0819964,-4.416622,1.9835926,-1.4451389,-2.4628348,-8.739499,-8.6816845,0.03689599,2.8664315,398.1071851292611,0.0755615234375,0
-235.0613,153.79419,-66.46812,34.026016,-40.383354,-28.92249,8.101996,-27.85332,4.090576,-5.8568106,-13.159683,-2.9964519,-15.437519,-4.7658567,-6.4841957,-5.5721426,-3.075188,-1.5270336,10.068855,4.802561,382.7142469644958,0.084381103515625,0
-275.45477,166.28084,5.368888,67.22972,9.180925,-12.628572,-6.122227,-20.96685,-4.9146314,-13.811341,-6.444311,-2.670229,-10.960625,2.830275,1.2320662,-1.3891636,-0.7779063,-2.0576422,-2.4673755,-6.0678434,139.56875858725232,0.07586669921875,1
-275.70032,171.4213,-16.95499,21.530264,-14.278473,8.079099,-8.1409025,-26.807072,0.10430634,-17.603802,-1.6836916,-5.302421,-17.988394,-4.268419,-12.322386,-6.844537,-2.7660844,-8.043091,-3.4410267,-0.49495322,199.30712467343392,0.054107666015625,1
-252.4497,161.94026,-5.8083096,38.13993,-0.75165224,-33.967903,-9.2216,-17.535053,-11.958353,-9.977103,-17.76809,-6.027107,-3.334478,-3.198411,1.3338251,-7.380931,-13.003534,-5.932872,-7.168173,-10.569826,284.1249459618415,0.042205810546875,0
-265.1942,159.9784,-15.7959175,58.90645,-3.036107,-14.313036,-3.017898,-26.58428,-9.362869,-15.161261,1.6447542,-1.6514955,-27.569302,5.1366787,7.6437545,-24.744965,-3.661192,13.084784,-15.467318,-3.952416,228.8635848200228,0.050567626953125,1
-266.65277,188.30339,22.309052,19.695847,-6.5496354,-18.942022,-6.8585663,-11.370781,-4.4326186,-5.118803,-6.4599457,-4.0054245,-1.6129061,6.343556,-2.9822562,-11.490953,-4.883499,-5.759246,-8.080774,-5.9073486,159.65770972049373,0.026458740234375,1
-245.02676,141.20667,15.157149,109.92427,-29.811481,-11.590311,-0.53261876,-35.0626,5.776555,-5.42479,-3.47686,-2.0639343,-4.1608105,-4.922853,-8.428932,4.6201973,-2.0980906,-2.6619997,4.0979633,2.2855372,0.0,0.0963134765625,0
-203.8804,169.29552,-51.5049,63.809776,-15.719337,-9.9534,4.2880073,-36.292244,-7.638719,-11.98229,-7.571384,-15.579319,-18.464079,-1.380997,-19.11935,-14.013708,-8.350782,-12.117078,-6.264807,-7.8925033,0.0,0.094696044921875,1
-216.83809,115.796974,-30.273418,106.57646,-1.8903861,-9.118344,8.942923,-19.790276,-3.499614,-23.040367,-14.272956,-12.87078,-10.540867,-1.81577,-20.035168,-10.006805,-0.942472,-12.670706,-11.94545,-1.8953259,192.4915803238424,0.09259033203125,1
-194.68018,135.78864,-44.71335,59.253372,-50.633965,-17.634226,-5.1346164,-30.579288,10.291672,-19.074991,-10.585861,-3.3575895,-15.012325,-12.356695,-7.9308405,6.383277,-4.2681093,-2.3413198,-0.6081407,-8.600706,301.3869111924529,0.112762451171875,0
-287.39288,117.10962,-20.16251,23.534855,-7.9494877,-46.72463,-23.436676,-18.175652,-15.362991,-14.8824005,-11.342859,5.2921314,7.527128,5.348118,6.3310337,1.7007422,4.677009,14.499948,5.1512113,-13.620475,564.9157708987483,0.063079833984375,0
-213.40887,137.211,-34.755608,73.99837,-37.38974,-26.997948,-0.29012167,-23.090399,-0.17930639,-17.357075,-5.5533514,-10.562122,-12.498056,-0.96972656,-12.476391,-3.5339139,-4.817672,-3.9136982,-5.1930647,-11.99128,289.81517334826043,0.064697265625,0
-160.08466,192.05247,-50.600986,32.157967,-3.5169697,5.1214666,-11.275157,-27.82436,13.654984,-12.552267,3.3989806,10.8690195,-6.0599065,7.4056854,-6.9374447,-1.4050878,4.0336423,-2.8696392,-2.1853108,-12.974922,259.14316752373264,0.043304443359375,0
-236.48997,127.694466,-40.016403,61.16526,-8.380521,-27.3004,6.7045317,-29.881695,-12.839144,-10.523226,-13.377719,0.38410425,-8.67062,-0.6645489,-5.50191,-10.684317,-1.1584448,-10.442381,-3.5758104,7.4378242,370.7814738915547,0.09039306640625,0
-203.19717,166.45383,-50.016243,46.83053,2.422657,-28.53192,-10.678246,-35.233643,-5.552308,-14.974039,-26.27061,0.021902323,-8.849107,-6.8883805,-10.586051,-6.648381,7.140641,-15.309811,-0.6740195,12.109221,167.03403937748155,0.05145263671875,1
-257.8996,151.32877,-40.694744,20.730015,-15.792057,-3.5845416,1.5440099,-19.08874,14.614508,8.327177,1.683218,-9.399839,-12.305307,5.255295,-13.100811,-9.979534,0.8144955,-5.120522,-1.1770959,-7.569806,155.38232241581693,0.096343994140625,1
-178.5697,119.76976,-32.172916,82.3733,-43.32338,-13.305998,9.446493,-27.044743,-2.575266,-20.098635,0.6327745,-3.360867,-9.171298,-3.8801734,-20.122696,-6.0558047,-9.007365,-3.1655853,9.583866,15.009199,414.9107367765415,0.06744384765625,0
-218.56325,155.21695,-63.204323,69.72038,-32.314774,-12.7582,-1.7850482,-36.70806,12.868713,-9.142345,-1.5987096,2.9761014,-9.78978,-1.7990739,-11.412874,0.60649383,-4.761905,-0.9688944,6.345646,-7.748768,306.2953208102843,0.087005615234375,0
-254.70258,118.17975,-18.51368,22.996328,-24.74454,-13.755603,-11.959089,-17.203415,2.0824547,-19.585222,-12.690117,-13.931843,-25.477695,-17.523521,-14.791897,-13.82996,-9.811016,3.8756886,-0.13757563,-1.438247,392.244439495561,0.106536865234375,0
-180.86621,176.31088,-62.09308,61.7872,-7.959511,-9.312278,-9.324109,-29.613768,6.4790707,-14.295119,-0.26052272,-7.4411507,-11.418833,12.96492,-17.844284,-12.949451,5.2611938,-8.137503,-5.7625732,-0.1348387,182.63533369657847,0.042144775390625,1
-203.92166,190.06845,-51.187317,22.852783,-15.203708,-21.086243,5.7354574,-11.974945,5.16572,5.241888,2.2737055,-8.164516,-12.362574,8.569829,-2.5011969,-6.993123,-3.382115,-11.626064,-2.9768538,0.6279393,171.7975239574969,0.06951904296875,1
-298.4319,163.45825,8.3667145,19.974234,6.2305655,-9.127616,-6.215829,-14.373538,-3.6290874,-8.1639,-15.606398,-4.003782,-8.776212,-9.71137,-2.0268376,-7.515392,-10.173502,-5.8836145,-3.2515612,-1.0002682,311.7463453782887,0.043731689453125,0
-213.93918,189.84926,0.028952181,38.588184,0.9460256,3.225222,-2.8634653,-8.331622,10.811739,-7.4447207,1.6628265,4.1715193,-0.42859805,-3.0317898,-8.817497,1.9221768,-5.697611,-3.4680939,0.1138612,-6.307535,0.0,0.032012939453125,0
-253.81184,197.19702,-7.514812,35.249958,-0.75252736,-9.799795,2.4373505,-13.224836,-3.5885735,-6.4324913,0.99638236,3.8803735,2.9513812,3.7463534,-11.134223,0.48888063,3.3721204,-8.605112,-1.7914865,-3.6509657,158.39109236756295,0.047698974609375,1
-174.2599,150.62784,-81.07497,38.143654,-52.988117,-25.595762,-11.078539,-25.751802,11.418615,-21.08874,-9.54669,4.5660076,-5.7082033,-6.9815884,-2.9530985,-1.2463325,-7.7714877,1.4441667,-3.1354327,-2.663023,246.1641572388193,0.12969970703125,0
-255.85522,98.61063,9.292972,94.782715,-29.071571,-54.715256,-3.2785866,-19.069693,-14.389544,-10.949359,-8.976313,-14.9962,-6.3885703,-0.14412665,-15.080442,-3.7357955,3.3530154,10.133398,20.731781,15.00933,456.56292435373626,0.098846435546875,0
-241.89996,144.78496,-20.68582,51.425453,-42.69655,-42.287453,-11.662991,-26.3391,-1.1695786,-13.6195345,-8.296812,-10.865487,-14.721817,-1.098558,-15.167056,-6.1475096,-9.764673,-17.338394,-1.6739361,-8.855469,329.8587574662558,0.056304931640625,0
-234.11696,140.58075,-28.708105,45.97818,28.499912,-19.853102,6.7654977,-4.611468,-20.018654,-8.167439,-6.202395,-14.965336,-18.417097,-8.049123,-7.9371605,-12.063785,-6.294652,-8.823818,-5.351294,0.106353045,226.5654241632573,0.0294189453125,1
-186.6666,169.90204,-66.81349,74.65593,-34.83017,-23.269886,2.9705126,-22.631044,25.958937,3.2220397,1.7441952,5.802249,-4.667106,4.746011,-10.907394,-6.690605,3.6838608,-6.909829,-6.2601733,5.0005302,0.0,0.138397216796875,1
-211.24469,192.3064,-42.95096,21.202827,-6.0117326,10.988887,12.307095,-15.711802,8.018595,-12.175689,-6.6172104,-3.1934662,-18.620136,0.011490166,-8.716048,-13.48915,-3.3114727,-3.1084366,0.37122184,-1.1558381,163.43271669329854,0.0400390625,1
-261.90512,168.82574,-23.158413,18.62202,-20.244339,-21.502983,-5.162919,-22.78584,11.954621,-7.524022,-26.377247,8.038071,-14.952134,-25.635124,0.6206432,-12.656875,-21.776543,-7.4373198,-10.70339,-15.152124,272.71315176685624,0.03717041015625,0
-221.31207,171.72464,-29.523579,51.41342,-8.4022045,3.2050936,14.247852,-11.0770855,3.0379276,16.841412,23.773453,-16.111694,-5.576956,11.109063,-24.735872,-12.769762,2.833776,-8.710401,-8.535205,-3.2236404,138.62404733634585,0.08984375,1
-191.03143,126.07411,-41.012024,99.84891,-11.360608,-15.084898,7.6729603,-20.799046,4.9998364,-24.75251,-13.6364565,-2.2379215,-12.294151,1.248159,-9.924351,-3.755649,0.063940644,-8.133429,-4.306934,-4.562597,192.3514281848898,0.129547119140625,1
-185.73901,203.43343,-41.1681,43.642708,-25.502487,-12.820007,29.734594,-13.874923,-0.60435855,-5.0287876,-10.781933,-0.348745,-5.5778427,-5.1221347,-6.979852,0.381108,-1.4890959,-3.226169,-0.48133326,-11.822304,127.22681124837946,0.047271728515625,1
-258.9127,164.06876,1.5129452,55.85399,-0.21665752,-29.412169,-9.119513,-23.370777,-16.937666,-14.845234,-4.1895175,0.0011658669,-13.10024,-6.5344996,-1.23259,-1.7271796,-5.6313972,-7.4081697,-5.40044,-7.944249,202.23280359684887,0.046966552734375,1
-303.2365,121.58829,-1.5720062,86.407906,11.420128,-21.558903,10.855791,-15.903469,-15.454204,-20.622993,-14.766745,-4.7828503,-21.501343,-3.8854284,-2.5767248,-14.850704,1.9126561,-1.9947236,-7.925323,-3.6817179,237.082107950968,0.0399169921875,1
-256.71548,143.86536,6.2236347,99.41518,7.2830324,-23.2299,21.580414,-16.527313,-23.054066,-12.913416,0.18494302,-0.76054454,-16.272785,1.4766014,-5.731152,-19.894176,-0.6177066,-0.11104989,-9.971897,-4.8564897,145.13525737609575,0.03582763671875,1
-265.75934,102.221245,-6.841631,100.38989,8.5394125,-45.16903,-8.770138,-25.145279,-20.730215,-13.592436,-5.924839,-5.1825147,-14.842773,-2.968415,-3.1057038,-7.790876,-2.532961,-0.00033855438,-0.08824313,-4.8200502,220.7310673721464,0.068878173828125,1
-241.64996,144.60011,-66.85395,33.95269,-34.650555,-37.801273,-4.7360563,-27.47914,2.444321,-13.714161,-19.524332,-0.49544165,-8.089409,-4.5386553,-5.09762,2.3453007,0.8953273,-7.2963033,-4.0675564,-10.4029045,270.90482030221887,0.06573486328125,0
-290.7564,163.29541,-15.339569,-14.046652,-16.393038,-14.526439,-16.461008,-30.870697,-8.923383,-2.999967,-10.468911,-3.1287875,-6.715651,-21.340258,-23.986622,-4.5826306,-5.8110104,-19.270813,-5.938569,-9.344946,312.57667314053106,0.050567626953125,0
-237.44579,133.06935,-23.973595,52.422165,-29.182365,-36.266342,-22.343252,-4.869625,14.517835,-22.607517,-5.8208976,-3.7045503,-9.971576,-13.405507,-23.566013,-1.0863872,-9.864675,-17.19482,-10.664394,-10.109539,298.7185294900747,0.075592041015625,0
-253.76785,183.54044,-4.1866274,3.548274,-9.669399,-18.258427,-12.6018095,-23.14417,-6.2682047,2.5806537,0.43416977,-4.604342,-4.4167438,10.994009,-1.5916489,-12.3426485,-2.4689398,-7.1975446,-6.122081,-3.2057989,196.99217727656705,0.047882080078125,1
-247.48546,149.53426,-34.376106,22.033195,2.0568464,-30.144688,-23.191038,-37.18467,-14.28491,2.3230796,-6.768119,-4.964599,0.5224104,3.5931466,-7.230747,-10.19083,-0.42006898,-3.5967944,-3.0998416,0.9374094,248.46337817984448,0.052490234375,1
-243.85542,131.896,-60.779976,23.29105,-39.515633,-24.947758,-2.2542844,-16.660252,8.118503,-24.65818,-19.939842,-4.684946,-17.999706,-12.525714,-12.17391,-0.18269706,2.9365861,9.435079,19.91244,12.794174,429.2003186722389,0.10491943359375,0
-262.20157,158.35315,8.822599,12.241253,-10.154115,-2.6648288,-0.07604635,-31.13565,-7.682448,-2.37947,-18.42865,-10.89028,-15.204818,-5.7870574,4.7497826,-6.5310287,-9.479466,-16.952646,-21.65186,-15.015068,219.0860416557975,0.028045654296875,1
-184.93321,164.24802,-36.379547,61.94062,-1.7453433,13.316704,27.65485,-21.302977,-7.050291,-6.975429,-1.6912241,-10.269499,-11.483044,6.692811,-3.191874,-0.21329731,-3.3516397,-4.64207,6.9195476,-2.3497503,156.46016629099486,0.05108642578125,1
-312.90692,145.0307,10.593389,66.96542,-3.109087,-42.53215,-21.497288,-27.185814,-6.2524705,-2.1848626,-9.215889,-7.686756,-13.664297,-10.648689,-5.3587065,-7.5093956,-11.843722,-2.9437864,5.7034645,-3.2132037,216.9096140582964,0.065521240234375,0
-225.99516,136.87021,-19.192118,63.353775,-56.046642,-25.019531,6.1956444,-40.668594,-3.255373,-14.187002,-16.159817,-7.912046,-9.977984,-1.5057253,-10.678677,-1.4248476,-5.427698,-7.609468,0.60873526,-7.693186,249.83185242949864,0.092041015625,0
-315.085,128.69836,41.704338,39.999687,-9.157834,-33.00741,-25.268063,-15.322301,-3.3233032,-7.760359,-7.4523067,-10.510393,-13.895237,-8.110823,-10.43972,-16.04645,-10.9074745,-2.5318604,-7.6071706,-7.2349024,330.0162364326306,0.0621337890625,0
-214.81215,159.68909,-16.760473,36.895336,-11.91233,-14.343117,-5.254286,-14.802145,12.56282,-15.461352,-18.203873,6.383194,-11.440878,-22.785263,-16.541582,-9.248747,-9.626717,-2.4035187,1.1040394,-8.240171,323.5765074932825,0.03253173828125,0
-272.75702,188.78197,-53.517166,23.20986,-6.5750227,-14.587939,-7.915922,-28.760403,5.109394,-6.4549932,-16.752357,-14.012772,-13.524232,4.422511,-18.958431,-9.0557575,6.7018642,-23.419193,-1.2371312,8.649195,166.04514169364523,0.05767822265625,1
-235.45013,157.72473,-6.348896,66.21958,0.7440243,-14.186232,-2.74049,-28.387201,-12.066734,-23.187208,-15.336769,-6.083658,-13.650095,-0.87348026,-11.4897995,-10.298082,-0.6829275,-9.350212,-5.1411138,-2.0492449,155.2895714788011,0.037933349609375,1
-239.57388,112.0292,-18.243536,70.35615,-11.620832,-28.49585,7.488465,10.226289,1.7163478,-22.191154,-7.9019356,-10.244509,-11.223555,-9.93002,-16.558805,-1.2276422,-9.815937,-14.904858,-3.81453,-8.09279,286.09720276796605,0.09588623046875,0
-269.99524,179.42918,3.9543264,23.718536,-16.160673,-0.51801395,-7.7059093,-22.882317,0.42546797,-7.6577663,6.552141,-2.599198,-5.4993143,13.170311,-8.005585,-3.8858807,2.003375,-9.154344,-2.3184023,-4.0549,179.95277149581938,0.045196533203125,1
-221.94212,138.4881,-32.302933,76.73851,7.821257,-11.931552,21.427425,-22.691208,-6.6974998,-7.8189754,-13.320795,-1.8283079,-26.325392,-10.344083,-1.2967621,-14.583082,-0.20884335,-5.292388,-5.0181623,1.0774057,197.3802603445211,0.04803466796875,1
-211.10074,167.8641,-16.626865,43.243652,-30.466963,-4.6220207,7.632577,-23.633493,13.707699,-11.393597,-8.554155,11.31209,-7.855757,-7.2682295,-10.436418,-7.7074313,-10.48407,-14.416165,-3.958811,7.5557156,395.2023164894044,0.0438232421875,0
-193.78113,137.68674,-43.844032,72.59761,-6.6770887,12.1791,-27.402246,-47.79304,9.651419,-16.7031,-19.608807,-9.474931,-1.4417834,-2.1567926,-9.324741,-5.8136296,-0.33742213,-9.101052,-22.591642,-7.0514736,143.89430958116571,0.11846923828125,1
-253.81662,117.06732,-27.805206,51.169975,-10.889824,-47.29523,-8.01718,-20.228613,-35.44097,-19.539843,-13.617762,-20.354952,-1.1265364,-14.059143,-27.168575,-6.598669,-17.374453,-14.300077,-4.921358,-12.930445,329.74889621720166,0.034515380859375,0
-257.12973,134.78366,-1.6141529,66.338196,-7.5471444,-19.639275,5.895237,-25.400808,-7.054593,-9.249149,-16.584545,-5.7663445,-12.110085,-3.2914782,-5.493051,-9.887688,0.2686817,-3.2654123,-3.1861324,1.6978356,380.9936647500807,0.07427978515625,0
-305.67645,123.9578,40.427517,72.61427,20.67631,-11.310535,-9.811853,-9.651345,11.803183,5.7305174,-16.108206,-14.744846,8.235374,6.968728,-12.475702,0.8400014,9.388012,-1.5224953,-0.87325704,0.2684347,163.2279150245996,0.03985595703125,1
-263.62277,168.79659,-43.252254,47.767693,-11.513536,8.582785,-14.799224,-20.573414,22.845646,-19.815182,-3.234074,-4.4350977,-14.700996,2.7950122,-15.152313,-12.249563,-3.5218973,-1.0709686,-2.4837253,-1.5853275,168.37639764557784,0.073974609375,1
-197.30576,177.75696,-49.240112,46.08262,-10.63241,5.2475915,8.530543,-14.573975,12.733615,-18.942211,-1.8513811,7.0186224,-8.621693,8.040589,-2.6673903,-1.5265598,1.3292071,-2.712499,-0.5605453,-6.2574453,0.0,0.069915771484375,1
-236.031,139.61879,4.8044577,46.27863,19.35985,13.378185,9.952988,-12.8752575,7.922574,-2.9634244,-14.658935,-2.4643998,-9.311032,-10.707905,-8.040432,-6.792283,-7.152217,-10.659427,-9.634331,-9.160734,329.26321322773487,0.03179931640625,0
-204.87857,156.90863,-29.521164,58.55341,-18.656157,-19.818302,2.8661625,-3.6539469,4.069291,-25.154598,-12.265245,-6.93874,-10.024431,-2.7174146,-1.4324949,2.4343727,-10.265425,1.9246743,4.132596,-11.267935,280.6118747734617,0.065887451171875,0
-230.32108,153.22702,-28.40799,36.137047,-23.72472,-37.895027,-20.302109,-24.76672,7.6533794,-9.887467,-20.929684,-8.065277,-16.281977,-12.794523,-3.2172034,-10.198737,-19.698513,-5.7740407,2.091835,-1.4627876,381.81594724252096,0.04833984375,0
-253.47131,155.95847,-62.016346,-16.187956,2.8714364,-9.93371,-13.236975,-25.249706,-1.0474882,3.1514213,-16.546518,-11.638956,-7.2362328,-9.876699,9.173889,28.471193,16.766039,7.455126,1.1280134,-16.739464,554.6789609401169,0.09649658203125,0
-221.77869,145.70276,-55.52311,30.314262,-19.856419,-47.459015,-12.760185,-13.111784,-2.479208,-10.729071,-16.483194,-7.015691,-0.012781501,-9.677601,-15.553137,-6.2669954,-21.082083,-18.797176,-6.860485,-12.712706,301.67289466048726,0.0579833984375,0
-228.32698,184.67575,-19.858242,25.171288,-0.7926686,-25.075603,-17.708443,-26.687462,-10.7366905,-11.376663,-15.671505,-13.82633,-16.753063,-17.562786,-18.901764,-5.186182,-7.732579,-12.269949,-0.1615889,-13.000497,154.28930026813103,0.033203125,0
-213.35092,166.75528,-29.516205,55.805756,-12.741258,-1.9158831,1.8552868,-19.109142,14.881531,-15.20046,-7.3462725,3.224945,-1.73366,13.576755,-1.1668593,5.1843376,5.0597553,-1.9416915,2.7368903,-6.650035,159.43292975823533,0.03753662109375,1
-203.66296,113.084175,-37.344322,84.562195,-32.73302,-19.301228,-0.41973305,-20.082062,7.776311,-21.318039,-1.0677472,-4.1747475,-10.922684,2.9196522,-12.830439,2.0573888,-4.912147,-10.07048,-1.5289111,-8.677296,298.06265485009845,0.099456787109375,0
-236.13756,165.33649,-9.666817,68.50073,-5.965904,-10.235405,-3.9331331,-28.408035,1.9676871,-17.819523,-19.131073,-6.595273,-14.449355,-4.064853,-6.494527,-8.211601,-3.7092206,-6.8486276,-4.2644353,-1.2696438,167.42221245786249,0.051971435546875,1
-265.99194,133.35687,8.008665,50.97429,-37.439205,-10.457432,-27.132683,-34.98473,19.653141,-31.426052,-23.306229,9.670237,-9.779532,-6.00861,3.969513,8.238741,7.0540314,18.60853,22.736612,12.607758,467.6032717538417,0.078277587890625,0
-247.04086,206.01926,-35.64313,27.981815,-7.438243,11.0268,2.823133,-21.7373,4.9915295,-13.090755,7.695356,3.1607604,-14.549606,8.875772,-4.658703,-5.270131,1.1077497,-4.414996,-1.5266869,-1.7607019,136.7324245941554,0.04638671875,1
-185.54561,153.98112,-57.86345,79.1644,-46.282463,1.138062,30.730194,-37.100723,8.872358,-10.880817,-10.768948,6.655875,-7.4015064,-0.90677726,-3.4567976,1.4170747,-5.154709,-4.465749,2.5085082,-11.976551,0.0,0.193695068359375,1
-234.66786,137.49496,-26.584229,23.810593,-19.3903,-34.01214,-20.456211,-11.158382,15.665733,-19.460445,-22.680782,-1.9616487,-19.527657,-18.877216,-17.75872,-15.5081215,-7.614805,-9.923958,-5.5028424,3.3274808,391.1841537428778,0.06201171875,0
-242.80415,172.56726,24.491484,51.260956,-11.320253,-9.682547,10.643294,-19.605156,-1.9260111,-1.8879342,-8.093306,-3.2529309,-4.4181085,6.078065,-11.610643,-12.47571,6.652362,-9.169605,-9.409167,-1.9346553,197.1718934126311,0.061737060546875,1
-242.27287,201.21895,-32.67655,8.1147,-8.624096,-12.012115,-23.964533,-33.69357,13.508388,-7.069069,-17.389225,-3.0988164,-13.1565695,2.1658466,-12.557215,-15.465979,5.6257334,-8.81128,-0.36495388,0.48238677,167.51082559825673,0.050506591796875,1
-178.2989,153.6478,-57.60501,17.893848,-24.20832,-10.385299,-18.13479,-42.95731,10.857979,0.2508279,-15.266287,-8.28628,0.69602823,-0.85380995,-16.8078,-2.8369634,-7.9045744,-6.4238787,2.5431106,-13.579264,310.88921048671693,0.078216552734375,0
-165.58562,160.02661,-38.11175,85.33986,-16.190262,-2.4275713,-2.3811781,-32.731903,19.156038,2.1125622,6.5378847,2.7434769,1.5754952,21.214396,-7.2981033,-5.530642,3.2107284,-6.9487953,5.620977,-4.0661697,142.91908744756293,0.094879150390625,1
-184.65361,135.97188,-34.297546,54.038914,-10.533295,0.52166635,3.6783004,-35.341965,8.110655,-1.4992899,-7.5831366,-6.248376,-21.32023,-1.622406,-7.7848554,-14.395472,-8.753072,-18.382956,-17.180195,-13.837734,127.9940545669134,0.096710205078125,1
-236.50336,136.43503,-19.91779,31.574343,8.922068,1.8852642,2.4724755,-21.670639,5.987253,1.69028,-16.092083,-7.705613,-9.129208,-3.2574034,-7.948093,-11.466845,-4.608553,-12.5504055,-11.614706,-7.6242514,289.9378361472164,0.026519775390625,0
-256.8944,155.99982,-17.557,96.5038,-26.608881,-24.239508,34.097363,-29.352276,-17.977074,-11.114311,-10.33641,-5.941479,-12.788948,-0.4982518,-14.7469,-9.167065,-0.2845481,-11.088947,-2.8320913,-7.920701,151.18412767546667,0.046234130859375,1
-208.49887,116.960884,-40.555183,98.587875,-9.519905,-7.3088956,4.1724653,-26.573582,4.58285,-24.25409,-23.61721,-6.4250493,-10.494993,-8.78169,-10.16,-5.1431556,-6.818304,-13.015171,-7.751794,-3.1064835,166.90230982630504,0.120330810546875,1
-291.82642,176.44835,40.48461,38.79399,-6.034841,-8.48802,2.6575117,-9.993369,3.6301587,0.2262888,-3.5720236,-1.7581602,-0.67317426,4.8172646,-11.217942,-11.852681,-3.481887,-15.1085,-11.259296,-2.9606583,177.3135685191029,0.016845703125,1
-241.32114,137.18907,-22.759417,73.94453,-12.408148,-48.413467,-28.515762,-24.832367,-1.6684483,-26.024311,-2.7663295,7.9257894,-20.847576,-2.3555675,-2.3822966,-6.641068,-7.4425645,-16.478771,-3.7809734,-10.257428,292.9426125414993,0.088470458984375,0
-293.24518,170.79033,-9.872043,55.1948,11.111758,-8.136051,-7.423789,-30.949234,-11.037615,-7.452799,-7.2691994,-10.172581,-8.183955,1.833354,-0.9653808,2.3008816,-3.811412,0.23192239,3.3181636,-8.355345,130.00889344490997,0.048797607421875,1
-208.83064,141.07228,-58.450314,42.124603,-23.484995,-30.541044,-3.5323892,-14.612031,14.869646,-0.36348557,0.62494624,-3.7853239,-20.778738,-3.0145893,-1.0289593,12.026626,23.36955,24.062946,24.46414,-0.86732244,506.7618395741708,0.076385498046875,0
-293.34515,124.41494,2.227521,79.69325,-5.431077,15.874432,-2.3350868,-34.93125,4.4655023,-16.922949,-14.221765,-10.391567,-3.8702626,-0.30511135,-11.873764,5.659172,3.757741,-1.6340866,-2.6521373,2.9337938,138.4399123491692,0.053558349609375,1
-97.6767,167.89151,-90.277,65.52879,-29.06095,17.467426,-3.1712208,-30.605772,22.96816,-15.907341,-0.029637337,-4.6949153,-12.764917,6.2665634,0.9428549,-6.501695,-10.040262,4.5483627,-2.8899715,-8.2175045,0.0,0.156097412109375,1
-255.98709,211.68881,12.75545,34.423096,-15.816542,-6.7899456,-1.980919,-30.451656,-4.9633846,-8.712836,-5.9651303,-0.8809311,-9.917046,4.7579346,-4.3748817,-12.1847515,-1.5214156,-5.507325,-8.106733,-7.938669,151.09654613655678,0.036865234375,1
-258.14163,118.88358,-37.150993,46.241676,-1.3032639,-6.257245,7.6350985,-18.254925,-1.4484138,-4.6224732,-0.9167269,-5.2315784,-7.5860043,1.0280913,-20.406403,-4.6462154,-1.4627025,-21.762562,-4.385294,-6.869959,280.8223631725343,0.052825927734375,0
-204.18651,128.49336,-34.396343,83.509125,-28.730202,-22.645262,-7.016391,-24.363829,0.65533805,-22.48188,2.5747619,-3.26205,-14.167106,1.0281496,-11.793147,-1.8881615,-4.7948446,-1.8322408,5.5239267,-3.5289295,343.3054158719619,0.12298583984375,0
-198.52692,159.70139,-39.334373,50.642197,-15.077663,-5.462947,10.695701,-24.677177,-4.8143997,-9.894577,-11.030874,-9.111982,-12.0920515,-16.89392,-10.465428,3.5721045,-15.616594,-5.26073,3.2498531,-19.097992,350.5055969621844,0.0548095703125,0
-282.43768,173.12244,11.058823,-0.060258627,-22.53776,-8.451923,0.99952555,-16.997257,-10.288031,-15.038521,-9.111396,-3.3627954,-10.70349,-5.1696854,-7.807569,-10.668255,-12.587654,-12.875266,-8.1464,-12.538866,309.30848503829054,0.045440673828125,0
-297.49564,160.7329,12.838726,28.86719,-4.71249,13.160591,7.249437,-32.45555,-5.0810804,-1.7643642,-10.112019,-2.9665704,-6.944889,-12.8654785,-15.003618,-7.4538636,-13.846069,-12.211515,-7.4360332,-22.879599,364.3541061302366,0.044036865234375,0
-225.71765,164.28804,-27.602423,40.530052,1.9456538,-0.6224884,-8.2691765,-19.083788,29.799953,14.947577,7.07487,5.5906,4.6550493,23.64544,-4.227549,0.52651113,16.197401,-1.8008063,2.46673,-9.15128,101.20509257680372,0.03253173828125,1
-283.7529,150.01297,19.975409,2.7850246,-40.997387,-5.7771225,-15.244242,-37.949326,-9.213913,-16.144417,-10.175648,-8.853857,-10.984397,-2.3036766,-8.219179,-6.234657,-11.014445,-7.123825,-1.3007305,-9.325071,276.7528659649842,0.070220947265625,0
-224.15814,172.65247,-62.652683,42.141983,-16.197414,-38.39237,-16.084839,-25.493797,15.040544,1.9014592,-5.3132515,11.586311,-1.927289,-12.142116,-20.338556,-6.887844,-4.2418456,-12.560474,0.7200751,-4.778032,0.0,0.087890625,0
-252.18942,214.3461,-4.3758335,-6.4019647,-4.140264,-12.698385,-1.609951,-16.428183,-19.349192,-16.363564,-14.131664,2.732186,-0.40067428,-4.4250994,2.1659188,-5.5226583,-0.43563145,4.7265697,-10.943531,-7.240286,193.18667411962107,0.038116455078125,1
-270.55585,124.918144,-51.016273,7.0556765,-28.912546,-23.015102,2.666308,-5.611083,4.8960657,-17.39353,-17.615177,-2.644958,-9.53264,-11.873737,-3.2317593,3.1909666,-8.722703,0.52945983,9.122271,-6.453662,319.91572408819366,0.08026123046875,0
-183.70299,161.37085,-36.292686,49.878998,-1.2858236,-7.3612084,-4.9698133,-16.947618,10.558716,-10.9332,3.7703393,13.655537,-0.09600958,3.9954724,-9.340271,-0.41556224,1.141206,-6.8514953,-2.6534255,-11.372957,338.1598326037123,0.05548095703125,0
-102.28101,186.53656,-69.71855,76.82036,0.8000448,14.37433,3.6415348,-18.375134,20.075048,-17.728008,-2.0499094,-1.8757036,-12.866845,5.4728494,-5.042628,-3.4424744,-5.9021134,-3.8823726,3.3440566,-2.6780412,189.6275653920052,0.069244384765625,1
-174.00673,130.26814,-44.216225,64.284,-20.37567,-13.776838,4.0363374,-17.777466,5.960087,-14.129585,9.48893,12.448679,-5.836089,9.237797,-4.734396,-3.5374005,0.8149386,-2.2580202,-2.6771107,-4.8580413,385.6760037317067,0.101898193359375,0
-254.54503,173.72095,6.816253,39.149124,3.4046311,2.1033692,18.09406,11.633209,7.517675,-8.603547,8.414394,2.6311176,-6.8872395,9.27437,-3.6220655,-2.3069637,-0.91869354,-10.249057,-0.5529854,-1.5681612,143.0634955912344,0.0234375,1
-208.05865,121.9514,-45.83142,47.30668,-22.010685,-13.938441,4.6877904,-21.620964,9.147493,-8.864298,-26.632298,-10.370056,0.9330548,-5.132451,-12.216533,-9.432766,-13.566967,-2.1437638,-6.6450644,-13.295427,360.74966173849936,0.09234619140625,0
-235.85892,166.44257,7.753814,50.458427,-12.749158,-10.346116,8.453305,-5.2981825,7.9952807,-5.906805,1.840492,8.139527,1.7320901,0.7590049,-7.5761585,1.226679,1.3422115,-5.8693514,-4.3328543,-1.3985212,182.2691366790885,0.0225830078125,1
-289.8339,156.30733,-0.09371185,29.612629,13.65732,-21.8715,-4.858985,-6.204087,-16.245144,-13.297708,-8.830974,-7.6739445,-10.805174,-8.087826,-6.665812,-8.796015,-5.9092054,-4.1274757,-5.274796,-3.1773992,331.98981158256663,0.037841796875,0
-171.06763,156.8252,-27.048147,81.40283,-28.979612,-12.785206,-6.105839,-34.036163,14.69458,-17.941513,-16.176163,0.5790063,-7.177056,-1.8882426,-8.859692,-1.9352332,-9.221619,-14.08472,-4.8662443,-4.1590447,280.28357125621505,0.11077880859375,0
-294.4884,191.0572,-2.8237295,17.367622,-8.792715,12.419796,6.82109,-26.957514,-20.990993,-24.164406,0.7550558,-7.627591,-15.698014,3.8966532,-30.685558,-23.287785,7.75357,-16.968147,-14.623211,6.2784405,175.95239243527698,0.0384521484375,1
-234.4923,147.666,-0.50126934,28.958572,-33.77104,-32.28499,9.074896,-10.946435,-10.741093,-18.870285,-15.083325,2.959608,-6.544506,-9.106726,-11.767465,-12.054308,-8.335791,-11.802815,-9.189985,-14.18248,341.21001160489504,0.03863525390625,0
-205.32286,133.5232,-43.02839,66.883705,-21.206411,-39.27359,-2.924298,-16.625439,2.2829084,-9.036266,-11.240721,-10.759622,-10.466381,-1.6100717,-1.7164123,8.387268,-2.362158,-5.468622,-2.0118191,-9.201145,288.97978627183966,0.0745849609375,0
-306.1531,86.95331,3.5287018,87.82529,-0.8145212,1.443692,11.7533245,-17.697699,-2.125867,-26.911428,-19.725718,-8.891453,-22.962757,-12.452302,-10.345198,-7.0201826,-2.1541083,-6.837454,-3.459873,0.025749803,202.0176980622146,0.0804443359375,1
-263.73315,134.26645,4.712009,30.862333,-4.9944077,15.60169,11.757214,-11.190138,10.447633,7.878809,5.2988853,-10.694314,-8.905031,7.647834,-6.3251934,-7.1209297,-1.3550758,-4.205477,-10.412298,-5.1010313,210.5265643547379,0.03369140625,1
-262.91757,155.01907,5.2566915,44.415646,-33.222363,-37.33513,-9.998144,-28.982841,-10.465105,-12.296264,0.12413773,3.597859,-19.281195,-4.5623913,-0.8421819,-15.86073,-14.545839,-6.0751204,-8.727556,-14.934372,249.3879006354105,0.058624267578125,0
-272.3105,130.09421,16.711456,111.37406,-41.643658,-22.997213,-9.034142,-15.834246,5.10336,-36.589527,-3.9800472,-7.535616,-11.8990345,-5.6034126,-20.10038,3.6576238,-11.214691,-11.044882,-0.31569386,-11.897871,307.61045796788926,0.052093505859375,0
-297.21094,181.16794,-12.83321,42.598404,13.906308,-25.160381,-22.36419,-11.144218,11.287488,-1.0994811,-8.90456,-8.012599,-7.19876,-5.2389507,-8.807194,4.084354,1.7797421,-8.099476,-3.9931877,-5.6984396,220.2530063863076,0.04388427734375,0
-322.45932,151.15079,25.265049,68.36864,-5.438139,-14.554607,1.2914729,-32.554935,-8.453776,-4.999374,-18.271786,-7.609541,-8.7850065,-9.48455,-9.500963,-4.7802296,-1.3153403,-2.9605606,2.7376335,1.0899014,407.2920302531127,0.033905029296875,0
-219.71178,123.61536,-47.962257,47.125595,-46.664925,-4.4974413,-9.263474,-21.987274,9.079842,-26.648436,5.685365,-8.128497,-12.700474,1.6927009,-24.489246,-4.032795,-12.740432,-22.173687,-12.207333,-14.344681,145.85306334672984,0.15496826171875,1
-180.62476,159.36627,-47.365242,84.57714,-20.457247,-3.7727833,8.259655,-40.554893,0.92405975,-4.539304,-6.991704,-12.932125,-6.5785933,6.149724,-16.171436,-0.58969074,5.2110844,-5.1733065,-0.5903046,-1.5560101,140.19832177604954,0.120086669921875,1
-174.558,221.39597,-22.144241,17.45582,-7.1088257,3.5630345,2.5583625,-12.0063,11.616494,-1.0555182,-2.0232809,-3.7806537,-9.322162,-3.3556006,-3.2739115,-2.3649297,-9.62459,-2.787966,0.13530141,-6.448801,141.60139050914975,0.04473876953125,0
-233.0019,141.85925,-47.524612,98.81643,19.262928,-30.746464,5.63614,-38.229313,-19.81058,-8.912533,-18.524933,-1.5603309,-12.005054,-2.7407067,2.0739987,-14.868313,-5.592936,-2.257825,-10.106212,-10.9327135,172.5254041897049,0.041656494140625,1
-211.1993,168.01007,7.559662,73.217384,18.89278,-2.9966562,-9.055428,-19.943047,8.540222,-4.1963177,0.46414953,1.4281993,-1.4114583,8.701662,-10.216299,2.473689,5.0658007,-12.007435,2.8875632,-3.9380503,157.6666999427973,0.022613525390625,1
-204.48932,198.84653,-5.650705,55.79519,-3.0908613,-24.096422,-4.0661297,-27.455978,-8.389023,-9.129383,-3.9952345,5.6935596,-17.932045,-9.758055,4.316642,-3.805103,-11.765261,-10.708016,-3.1891298,-4.560263,193.1714255904525,0.03338623046875,1
-238.32715,71.586426,-28.386658,70.50301,-39.68544,-18.77638,0.36884427,-28.283833,-2.6004171,-22.44268,-8.579436,-3.35791,-9.691639,10.810491,20.526077,25.848639,24.494358,19.373993,-4.8180704,-11.915287,543.8972659145678,0.143646240234375,0
-234.9812,174.70245,-20.176645,85.39569,-1.859577,-17.935751,-2.6244247,-20.51773,9.270292,-20.848621,-14.008178,-7.123605,-16.143064,9.782801,-14.541062,-10.850204,7.73377,-12.609079,-5.577672,-3.353233,143.43162425943845,0.03369140625,1
-225.14674,122.45563,-49.761772,105.607376,-22.01501,-30.354448,-14.017688,-42.486443,12.580451,-27.173702,-18.702631,-3.5825815,-23.729843,9.513876,-5.637026,-1.3623419,8.253176,-10.928242,-0.8454848,-1.6039896,139.98997880273862,0.14093017578125,1
-223.83403,120.16089,-30.216217,60.274582,-5.816245,-33.427547,-0.36013877,-18.172718,-8.867185,-12.320665,-15.555547,-9.398263,-14.760854,-7.718313,-5.587718,-8.245806,-11.118939,-10.545258,-9.938042,-14.17165,358.5503665247231,0.0692138671875,0
-259.43896,116.01538,-14.936954,57.710087,-40.952225,-30.255892,5.419739,-38.02394,-11.004148,-12.853755,-20.44778,-6.782893,-10.462721,-3.411606,-6.670254,-10.274993,-7.637002,-6.3913383,-5.7057605,-7.2432075,321.4357679141165,0.07684326171875,0
-270.03113,143.55022,-6.970737,97.43146,-23.005886,-12.231183,19.904873,-35.38188,1.0336757,-2.6208339,-6.1088653,-2.0887241,-15.36599,4.6910133,-6.6852493,-8.717117,2.3064404,-9.115129,-4.2146597,-1.7771835,152.25311625417308,0.077972412109375,1
-239.1599,146.2778,-5.933285,49.56431,-1.238414,-3.6331067,8.199302,-20.070286,-7.6405888,-22.686123,-10.6311245,3.9552233,-15.978823,-4.0848303,-9.993585,-11.82019,4.3713293,-5.2228284,-3.906333,-2.820463,286.5540419117332,0.028900146484375,1
-302.615,149.36809,12.636322,47.127403,2.4346044,4.1428833,7.933656,-19.927944,7.718503,9.288733,-3.2532077,-6.28153,-2.4943237,9.135359,-11.728708,-10.940499,3.8208566,-7.9241614,-5.0134187,-7.124902,212.8349107997168,0.043975830078125,1
-266.32642,175.15384,3.9328222,33.059498,-3.8059316,-6.5206947,2.1751194,-24.027214,-7.8923817,3.2486668,-6.4796724,-11.420082,-2.236704,0.11471856,-12.507761,-11.617796,-6.390993,-6.309596,-11.11231,-12.915241,220.5161397644492,0.026092529296875,1
-305.57272,136.41176,32.43623,66.82405,-8.394684,-7.3272786,4.4269953,-18.680166,1.3124598,-2.3904493,-6.02946,-8.615826,-7.2347193,2.6919456,-8.948248,-8.231823,-0.96565735,-5.5228047,-10.46002,-6.4171476,184.1904258694724,0.094696044921875,1
-185.3454,176.37048,-99.73712,11.4454975,-33.147213,-27.972881,6.6362424,-11.307833,5.439995,-19.687897,-21.590952,-5.2864666,-11.200055,-15.5940485,-16.504162,0.19313037,-3.4990277,-0.9276452,12.769928,6.707343,402.1793834759645,0.07928466796875,0
-221.4654,156.92072,-51.23311,10.173406,-36.183403,-18.057741,-10.144258,-28.006437,7.1510477,-15.9895935,-15.864873,-3.7653632,-16.832588,-9.085873,-10.667465,-6.825262,-0.78803456,-5.6784415,-9.195334,-6.58973,313.10564436525937,0.06805419921875,0
-168.45978,177.4942,-35.4693,44.790726,-11.647585,-5.4729495,4.706299,-25.610264,-6.381139,-14.860442,6.179427,9.623388,-5.1872854,6.962627,-6.5425014,-2.8006809,0.74000126,-5.9897428,-3.5368414,-13.242441,246.00185777456505,0.046722412109375,0
-254.62791,155.18661,6.286027,31.650124,5.6078196,-6.1985636,8.033271,-5.0858135,4.417886,4.061734,-4.4262013,-2.7917116,-2.2765574,8.034306,-0.6413291,-11.65725,-0.028329313,-0.61830825,-6.361315,-7.218631,273.846898492847,0.025604248046875,1
-225.86557,129.31342,-21.350697,67.35504,1.4657259,-34.30751,-10.98028,-12.663336,-1.977953,-19.089989,-6.9566274,7.0648828,-6.781061,-15.355892,-21.400436,-2.993662,-12.109435,-21.495892,4.5981016,-7.2134533,292.5233336388032,0.04058837890625,0
-221.72116,204.97409,-17.346363,46.09069,11.224295,-19.621883,-1.1941285,-12.69122,5.313177,10.182266,-9.407449,-8.313796,12.067114,11.487223,-28.063175,-20.581049,12.671253,-9.049579,-5.7296667,10.202881,141.51114713446134,0.05621337890625,1
-216.58087,175.45251,-64.696594,35.29888,-35.136276,-15.189589,12.349148,-49.674088,-9.313642,-7.063081,-3.8258862,11.2652025,-20.011581,0.915861,1.6200917,-12.694363,0.3183026,-9.450712,-8.7128525,-9.545801,160.80594262475984,0.06243896484375,1
-154.60086,179.97385,-49.746483,64.85837,-20.334105,3.797226,24.08693,-33.169605,6.2858706,-3.5084925,-15.393113,-9.36599,-11.056173,-0.9526762,-10.332032,-2.740749,-4.143298,-9.417919,-1.7885518,-6.477357,145.4921523361433,0.055267333984375,1
-118.337456,150.17992,-64.54142,78.96441,-22.763935,-3.5973008,0.3590734,-31.38522,11.643791,-19.298866,-13.55015,-7.498096,-14.967277,-3.202639,-11.363906,-9.396216,-7.1826444,-5.06124,-0.6877869,-1.4655895,169.30673002653836,0.10137939453125,1
-222.95103,143.39114,-102.199745,44.751762,-25.521719,-35.73262,-11.989631,-25.71962,-10.240458,-20.661333,-9.277747,-15.624081,-5.820772,-11.267195,-30.724812,-5.499586,-11.117104,-11.056442,-7.275638,-13.538873,268.49518600142454,0.112518310546875,0
-254.77832,174.33194,22.056845,31.882595,-32.762447,-26.193794,-6.334057,-37.16813,-3.1750817,0.96950024,-18.267548,-4.6009502,-17.634403,-17.778326,-3.0958705,-9.462551,-7.4540253,-5.334391,-10.201712,-6.8520517,297.4579619438383,0.036285400390625,0
-234.24966,141.95291,-31.479078,61.77894,-15.558194,-6.770319,-12.923651,-36.750412,23.655895,-11.27894,-18.190998,-4.0979357,-23.271418,5.307174,0.5439004,-19.449106,-19.030262,-21.859556,-16.346655,-18.469135,131.317577727264,0.06500244140625,1
-241.96896,195.42618,-56.276733,-2.886057,-18.786642,-30.998688,-9.06249,-29.688807,-9.088381,-2.6173239,-19.2659,-17.68149,-20.080864,-10.0309925,-8.431024,-16.171993,-6.0489683,-7.229601,-12.376425,-3.4434342,191.64717139114285,0.055267333984375,1
-129.3089,114.69494,-83.278534,85.68283,-45.01286,-18.335957,-2.9319308,-22.871124,15.120051,-18.897614,-3.0374873,-2.0874672,-6.929475,-9.305855,-10.369734,-2.5055764,-16.463133,1.4671552,-5.803271,-10.041583,337.7522984745555,0.108642578125,0
-272.53296,133.72003,12.20272,55.191727,-5.8309026,5.5645304,20.97432,-12.768771,8.930733,-6.81131,-12.458117,3.8044984,-8.626003,2.60964,-1.6249114,-10.173004,-2.6238303,-8.337662,-1.0451512,-0.51948154,170.52086056981307,0.06396484375,1
-285.83185,174.06764,7.000918,15.826452,2.4213002,-20.468216,-2.7549043,-7.3542414,-13.042534,-7.7552433,-8.94158,-7.991393,-5.4152236,-2.727372,-0.3073511,-1.3619463,-5.8236637,-10.149689,-9.167601,-4.50193,230.7249776912128,0.038177490234375,1
-252.41785,117.957115,-17.602962,37.084927,4.2895317,1.5414345,-12.170344,-42.657814,-14.115283,-24.904556,-12.68869,-1.6330495,-25.403782,-5.3703146,-10.730432,-15.247225,-4.1946173,-18.583063,0.42139292,-1.4852808,199.66785238581664,0.0811767578125,1
-219.29291,142.06464,-34.110397,51.516434,-18.955067,-43.0215,4.612409,-17.135046,-26.701694,-23.244198,-15.3408985,-15.053374,-10.299781,-12.489315,-26.366512,-1.5732505,-5.087448,-16.352058,1.3982701,-11.49598,250.00710079618185,0.056488037109375,0
-242.32037,142.21948,-15.639137,8.886087,-6.693088,22.054373,15.740028,-22.621094,5.7281485,-11.951959,-24.353186,0.266513,-6.984639,-10.00128,-14.790291,-16.193806,-9.994195,-17.011597,-12.1193285,-5.7908177,290.5697419613832,0.027191162109375,0
-206.6057,201.6831,-30.443172,21.052704,16.529621,-25.90389,-15.378301,-3.863779,9.1254,-1.1118546,-7.6866198,-6.5929904,-22.109913,-17.556736,-1.9343102,2.4721992,-1.1265924,-6.491497,-3.195124,-4.2166967,227.15375390433204,0.03924560546875,0
-239.34085,162.1297,-25.465107,34.451794,5.09151,-16.962463,-16.464676,-26.757671,-9.67523,-20.490551,-16.217594,-10.805,-13.561752,-2.441427,-18.052408,-9.832681,6.7717695,-13.448324,-9.000998,2.6916075,159.47634435456257,0.04193115234375,1
-261.80603,129.15881,5.6382933,68.425125,7.5491076,13.711393,-5.7327228,-20.989845,20.4137,-7.860517,-8.162643,-9.928822,-22.010496,3.211895,-6.517219,-18.194656,-8.55142,-15.212973,-24.362366,-15.45682,166.13808720808103,0.032470703125,1
-262.00922,182.04832,-45.155003,35.467323,-3.8921838,-40.44085,-13.6757145,-0.43029022,4.81536,-10.289959,-7.4706335,-9.992543,-8.8670225,-8.813178,-13.594781,6.854005,-4.160772,-13.565113,1.2916521,-6.5402327,259.8326486424363,0.0758056640625,0
-301.14606,79.9729,-5.9180317,77.09294,-5.6390347,-32.8093,-13.797336,-30.991997,-13.937344,-25.457867,-18.69394,-7.610611,-18.948292,-3.4398994,-2.1614978,-4.3106565,-0.8028054,-0.7647091,5.042412,-4.371258,260.78312016825765,0.052886962890625,1
-245.74062,166.96072,-48.94184,12.889492,-39.748383,-31.857975,-8.266816,-32.77955,-7.3321714,-11.131737,-12.99866,-6.5818567,-9.430798,-6.3036957,-12.811784,-3.0477262,-5.54807,-9.810293,-1.2247804,-10.328279,247.4855139113353,0.07135009765625,0
-212.42198,191.51129,-37.471893,23.126144,-55.37758,0.6581844,26.667212,-34.76525,-3.9077687,-9.254179,-2.5286958,3.9431462,-10.232197,2.3536007,-14.785822,-17.761185,-3.98178,-9.647825,-7.9524403,-1.334311,170.6780307741987,0.05621337890625,1
-249.45822,159.4866,-44.415672,7.708524,-15.197491,-26.914183,0.31263018,-21.59985,-1.063107,12.043638,-17.605684,-18.486984,-1.6086757,-2.4824913,-14.347652,-4.1425595,5.048255,-8.807898,-9.544769,-4.0843678,358.0319378743233,0.0750732421875,0
-264.832,141.51169,-24.277435,34.42421,-18.954395,-29.585236,-24.210945,-32.185513,6.025671,-3.1919842,-21.311607,-12.059034,-0.19422978,-13.44413,-20.514675,1.0578059,-14.2686,-23.891815,-14.324631,-10.717676,372.8935342303504,0.049346923828125,0
-238.10017,166.2948,-27.34974,46.96614,-31.685509,-29.14422,-17.157402,-28.44796,11.194252,-7.970677,-9.521246,-4.7862377,-13.44543,-10.219082,-14.21941,-6.0994577,-11.7885685,-12.493484,-8.941591,-12.395897,279.3118839032487,0.04791259765625,0
-292.10626,144.01126,20.810066,80.91913,-24.4472,14.314802,25.22148,-30.540207,-1.6529973,-19.758411,-10.315376,-1.6429385,-15.992683,9.602803,-1.1004568,-7.7952576,8.701638,-1.0181437,-2.8083544,1.2310479,140.79793651162427,0.0445556640625,1
-118.94455,145.53604,-41.563995,70.25645,0.6641395,8.973974,19.751572,-6.7924986,18.449215,-10.233775,0.55858016,6.6076884,-9.455208,4.2926908,-9.333642,-7.9727793,-0.50703263,-2.9585087,2.5861466,-0.88009346,298.8353958450866,0.0650634765625,0
-228.57347,145.92847,-7.5699162,68.62569,-2.8629246,-11.256002,-18.244766,-19.89695,-11.544174,-23.298843,10.748156,-13.269091,-12.459166,0.34935385,-16.663202,8.861723,-6.587506,-12.347834,6.8523016,-5.541559,193.14430078018063,0.055023193359375,1
-163.32079,160.95523,-65.030655,19.199852,-28.015343,6.5393434,7.4650965,-26.697973,14.413887,-16.600475,-14.853707,3.1965559,-8.888399,-0.63693655,-13.872416,-8.405773,-1.3666998,-10.281099,-1.8642578,0.23349363,334.4896353828569,0.09832763671875,0
-347.85428,93.626854,23.841545,19.935303,28.583023,25.654764,7.5604997,-12.202655,0.8721981,21.967806,11.894963,-2.3449094,0.98068404,4.445846,0.44445562,-5.0780687,-8.706869,-7.6230016,-4.290915,-5.789032,165.6730900589506,0.03582763671875,1
-217.1489,169.83682,-45.200897,46.305855,-14.440063,-28.60624,12.382884,-23.16121,-2.5978422,-9.302959,-18.161572,10.908254,-10.355425,-5.2060037,2.315047,-22.460464,-9.031725,-4.304891,-11.147318,-2.1521592,226.33153622762936,0.03839111328125,1
-244.76184,153.45293,-12.692198,28.452469,-9.883704,-21.009794,-18.383282,-25.734123,8.800354,-8.757676,-22.405636,3.1283326,2.8937783,-14.033932,-19.323006,-3.5042987,-9.311894,-15.53039,-0.5035721,-9.200149,345.15338923065406,0.0618896484375,0
-226.44643,142.27948,-36.154053,76.536736,-17.424498,-25.980381,-4.4425564,-42.3194,0.024992466,-10.057894,-23.574516,-7.1311045,-10.741763,-0.3341515,-10.3589325,-9.554394,4.638339,-12.343742,-11.889875,-2.0029063,222.5065847530477,0.074554443359375,1
-204.38153,182.69351,-45.689495,59.586723,-4.6997743,-3.934609,1.3890008,-32.99608,4.862477,0.83961344,12.153416,6.72838,-8.068977,14.81116,-1.1382966,-2.3196764,5.5326147,0.9061192,5.8501916,-2.841362,117.7785387870636,0.03021240234375,1
-250.71579,143.79308,-35.60939,4.935234,-16.64086,-4.6372247,-14.053492,-22.28097,11.963951,-10.649375,-17.245537,-9.825403,-11.510878,-0.86581755,-2.0397325,-0.44506735,0.97622585,3.9609292,0.27450377,-6.989044,269.55926555293314,0.0733642578125,0
-247.99538,160.11845,-1.4254775,50.64788,-6.125702,0.81679106,-10.706009,-20.610022,9.292476,-16.29884,-5.8785095,-3.997139,-1.5796633,12.100362,-12.981488,1.7093052,8.161074,-11.6580925,-1.0284662,-1.0787741,176.05426328463986,0.045440673828125,1
-236.41896,235.57455,-10.031458,-8.255503,9.563307,1.936321,-16.983925,-31.068977,1.2554022,20.845535,16.453842,-2.686428,-8.4733,2.9916382,-21.647943,-9.933233,16.616749,-19.742752,-8.196015,15.299664,149.05161928239238,0.0433349609375,1
-243.10663,132.82141,-12.532509,55.077087,-12.260736,-15.886552,-4.7631607,-25.30389,-2.0025623,-3.5747728,-2.2134829,-2.4600935,-3.3889308,-1.6654829,-4.7428007,-1.3287607,-11.73765,-10.470848,-11.786432,-14.761907,345.7303998140554,0.053863525390625,0
-256.60614,192.4461,-5.605035,50.209076,-14.428427,-6.0469513,-5.1261125,-29.932968,-4.488227,-21.278904,-13.624018,-7.5535836,-10.14654,3.5422306,-7.9178185,-6.6141577,-0.48444286,-2.6965623,-3.8716078,-7.8048744,145.1760791506228,0.04248046875,1
-231.25334,155.43372,-44.56509,32.63021,-12.040259,-24.180983,-5.834575,-11.042181,15.624193,3.773917,-6.561306,-8.018811,-13.816988,-8.613501,-4.3848853,4.804979,1.5450658,4.5055275,10.234728,1.6357424,423.8021727969947,0.076690673828125,0
-228.40424,134.66162,3.7618628,69.88944,-19.954535,-28.601002,-11.419622,-18.269836,-15.38526,-22.312634,2.1497917,-13.265384,-10.590637,1.5085895,-10.519415,5.8805866,-4.5326185,-7.1178036,3.5685387,-1.8017365,420.710554829762,0.071197509765625,0
-231.00989,204.66287,-25.932053,47.61444,-14.706337,-19.685045,8.460838,-16.460056,9.907738,-1.332483,-5.194126,2.097211,-13.353176,5.4148083,1.7867293,-8.440048,1.5103385,-2.893773,-1.9803182,-3.5331774,137.8628764888065,0.047149658203125,1
-265.95197,136.10733,24.00877,44.286522,-25.472637,-55.153,-5.6352367,-2.9688911,-12.0205345,-12.134844,-16.341852,-7.9637203,-2.6587317,-12.974016,-9.505909,-2.2574124,-18.308422,-19.10944,-2.0948842,-2.313787,289.4375023487967,0.0394287109375,0
-244.89761,152.40143,-21.226772,59.62879,13.341879,-16.371769,4.7855396,-13.418167,-2.3870962,-5.563175,0.0010101795,5.4873295,-11.632875,0.5610992,-2.3914535,-4.513457,9.445102,-3.0345345,-5.5723734,-5.7219,169.58308456509397,0.02630615234375,1
-243.41533,185.55417,-43.071007,45.385475,11.888842,-38.192596,-17.609505,-17.519436,-5.90848,-6.3549557,-16.361816,-18.378279,-5.882158,-4.0615044,-22.357353,-8.835135,-2.9958882,-10.738426,2.173254,-2.6941214,143.51900352705744,0.06549072265625,0
-238.91327,149.3529,-65.39435,33.095917,-15.2397,-17.568321,-4.521427,-16.295824,25.745964,4.0289564,-13.785896,-8.611441,-10.71512,-6.800062,-10.9555435,-2.8202343,-7.631853,-1.9860752,3.8768697,-9.522964,375.7039776814643,0.064666748046875,0
-294.0893,187.00644,-28.119204,34.568096,-23.004948,-22.92369,-0.36842203,-11.30975,13.3331585,-9.001896,-5.0478873,-1.9505562,-26.213524,-2.9398737,-2.9086099,-15.41544,-4.0332837,-5.6484175,-9.202887,-10.591299,203.8445432077098,0.05078125,1
-244.95474,147.17157,11.942085,96.03058,-20.453163,-18.785145,7.832919,-25.983238,13.070476,-10.64016,-15.666622,0.3676889,-16.213547,-0.9676396,-9.208958,-6.465359,4.8406215,-13.821431,-5.554835,-1.9212877,159.78597956082487,0.03729248046875,1
-277.39777,131.62167,-24.050903,50.64396,-34.58753,-37.471466,-10.181732,-24.552105,-13.451483,-21.759136,-2.0901542,-2.9797897,-11.446735,0.68979466,-4.1908402,-5.328608,-8.162521,-5.46527,-8.0486555,-9.333734,243.7041521981563,0.067626953125,0
-242.31866,155.26025,-27.797863,34.134808,-5.284839,-22.104425,-0.4367416,-6.081562,-2.3827448,-23.097664,-8.5724945,6.7567697,-17.349773,-6.93437,1.8056498,-11.688532,-8.97196,-4.4628143,-8.163818,-8.863628,276.6537874608996,0.06658935546875,0
-194.42407,150.24596,-48.995934,20.659159,-45.24448,-2.482854,0.57740545,-31.81481,9.808491,-8.717255,-12.692842,-0.46797037,-1.0292842,-6.2337084,-5.430726,5.673767,-5.737187,-6.2373714,-5.231645,-11.632572,198.264887195282,0.137481689453125,1
-305.54565,138.73375,9.150303,36.814568,-8.972461,-29.506912,-19.1904,-17.630919,-1.994998,-19.476597,-16.140268,1.6272258,-8.953228,-0.12251353,3.611356,-13.586921,-11.509265,-5.2408667,-14.327902,-16.493824,331.538986355431,0.062896728515625,0
-192.68694,209.37532,-34.89101,30.569534,-21.099686,0.39623964,28.18834,-27.43161,1.2074194,3.9773932,-16.26034,-1.4735303,-5.072773,-7.7743545,-6.3335924,-4.610014,-5.7040863,-4.9001026,1.3181877,-5.6788816,135.78047332972957,0.039581298828125,1
-232.31516,152.44705,-0.09920633,58.44084,-11.900064,-7.828823,1.8998637,-22.81573,3.3298006,-12.871155,-7.3622065,2.4693244,-4.8395147,8.073251,-5.4115353,-4.277834,2.0478933,-3.8823566,2.174849,-7.1860223,279.79999243160387,0.05157470703125,0
-232.27992,145.89026,-45.291954,71.133125,-13.955892,-39.500946,-3.1777763,-14.514423,6.848303,-1.4724833,-0.89324725,3.4388494,-4.80797,-7.2698956,-9.160849,-3.301621,-10.768476,0.6629031,5.0621953,-11.1497755,333.8486802933667,0.0518798828125,0
-138.89037,157.71643,-95.508965,82.38452,-35.392445,-3.6873984,-10.228168,1.218187,15.206362,-35.848083,12.303806,-5.319366,-4.9770417,-6.5718966,-21.3261,1.0216794,-17.444756,-7.2794394,5.262374,-6.0634375,0.0,0.165435791015625,0
-237.92487,133.48384,-34.56356,83.04589,7.0120893,-18.906712,4.4523396,-27.825949,-18.771767,-19.78534,-7.796809,-1.4720302,-15.909399,-5.287322,-0.011137247,-4.814396,-4.3229017,-3.633558,-7.2640133,-5.675529,172.52980898723118,0.04241943359375,1
-246.93188,173.23819,-78.58067,63.998573,6.2300854,-44.509636,-5.6608033,-26.20073,-5.5551186,-7.2980804,-24.193813,-11.12994,-7.1158943,4.6994276,-0.66035485,-4.6208286,5.4536514,-3.249539,-4.577264,-1.4607426,0.0,0.13226318359375,1
-219.03014,218.43184,-2.143387,51.935223,-28.396122,-11.387911,27.997766,-22.787395,-8.066028,-12.972814,-11.320044,5.466655,-7.2469015,1.3713834,-5.263206,-1.0500121,7.3513575,-12.631551,-6.43021,-5.0603824,0.0,0.03717041015625,1
-192.39465,160.90572,-76.118385,47.562298,-19.206917,-35.93675,-14.267171,-17.463907,4.4294834,-21.70671,-16.693722,-13.996244,-16.907555,-14.402912,-17.399872,-0.8550991,-14.501387,-6.091357,1.4195261,-16.15886,311.0073474981032,0.0771484375,0
-233.91592,140.5004,-57.6726,20.126225,-52.222584,-24.888924,-5.3865533,-41.18907,5.8059855,-10.373783,-20.621878,-7.8537545,-16.785116,-6.7877164,-9.245538,-4.866032,-7.3913326,-10.283017,-2.4655938,-9.257006,312.3650664163633,0.069091796875,0
-230.70078,149.76431,-36.808105,26.32912,-38.91224,-18.434988,1.0298704,-22.506811,-0.6862402,-18.457947,-17.06918,-10.210825,-11.299496,-6.835031,-15.4607525,-4.8511705,-6.437515,-10.84954,-4.995163,-8.140952,369.7538499399824,0.045318603515625,0
-237.62817,139.60231,-22.307934,56.97041,-1.1863995,-7.139539,-8.324795,-15.06654,0.9432702,-18.89519,-1.5358976,-3.6488762,-3.3437562,3.6261487,-9.167758,5.489194,-2.2757964,-7.7078485,-1.2858543,-4.923346,222.33776226309288,0.070587158203125,1
-179.17165,158.02731,-52.07717,23.653328,11.16897,-12.23448,3.1248722,-11.723541,-5.982973,-7.5602283,-18.933578,-15.486697,-13.720261,-22.96185,-17.453636,-3.0784183,-10.224176,-3.3627362,4.4182167,-7.238887,375.11765432961386,0.07373046875,0
-207.23422,137.6137,-23.154882,51.425232,12.012707,4.109597,10.892063,-6.4935718,14.124638,0.3413998,-0.4715228,5.0140314,-5.069742,-1.7241781,-7.02353,-1.5517111,-0.9180331,-2.9855814,3.844037,-3.2996151,332.5270851440327,0.040008544921875,0
-292.1386,147.54572,5.520554,47.087673,-31.672588,-25.79074,-17.42297,-14.393593,4.5519557,-20.213888,-3.5437965,-5.4415956,-11.008674,-3.8502777,-8.381554,-5.293622,-22.274174,-14.51683,-5.199784,-12.436352,313.6468367409559,0.074951171875,0
-238.07153,186.95349,-62.60582,-27.82442,-31.798801,-15.893451,2.0176535,-28.15525,-6.7444167,10.248398,6.0187163,-2.712465,-8.001901,3.5961976,-12.104656,-15.648785,0.8380519,-8.527708,-5.821489,2.0151217,153.6633956204236,0.083099365234375,1
-178.54192,186.56363,-40.16875,53.49041,9.435978,6.936471,3.1293368,-26.727592,14.710796,8.908007,1.4049001,3.3100681,-3.7762191,11.543046,0.085091114,-1.3981899,5.538761,-2.2060647,2.736819,-3.163262,152.4507104895562,0.038421630859375,1
-251.08188,130.39554,-11.461527,52.995148,-24.656307,-26.59479,7.716732,-25.086882,-18.396568,-16.48822,-14.987821,-9.629708,-8.645319,0.98920083,-8.811457,-13.13451,-2.970993,1.8182883,4.091538,1.6316824,334.7763893538391,0.09771728515625,0
-253.77957,180.88428,-20.356936,58.20614,-7.666408,-18.745605,-4.264166,-19.104517,2.064451,-17.597527,-5.1583786,10.119758,5.1227164,15.023592,3.9151163,4.2564783,1.5530862,-4.8638387,-1.7132964,-9.83934,129.2481202670857,0.0396728515625,1
-157.3198,113.2034,-56.577255,65.9496,-19.89899,-21.444414,4.429201,7.5234675,26.739834,-22.615513,-7.572444,11.702881,-4.637545,-12.777911,-15.392717,2.2162266,-9.465582,-6.1364183,5.0738583,-7.9173403,349.2677684173644,0.1654052734375,0
-253.37701,159.50494,5.4043407,31.412964,-36.233097,-15.991062,5.0891495,-18.166422,-6.9681582,-16.171543,-4.4784217,1.8531902,-11.694823,-10.837557,-5.829612,-9.190461,-16.647686,-5.6667,-11.723697,-17.94983,351.4169358568775,0.037811279296875,0
-230.87517,171.01886,-2.9684584,65.72902,-29.5518,2.6256905,-0.65680027,-25.750513,15.193753,-16.540508,2.7766721,1.3879304,-9.2487545,9.4250145,-16.705662,4.0762205,9.442516,-14.342547,-0.90998,-3.1032681,182.59786093347373,0.02978515625,1
-265.02414,168.84308,-21.950788,-15.236138,-10.450515,4.861811,-26.946392,-22.548124,18.777412,-15.978796,-14.671374,5.871916,-5.490526,-8.731487,-13.734032,-8.048078,-8.431846,-11.82357,-7.4466643,-1.6367868,389.0697840220589,0.05194091796875,0
-198.3955,158.11417,-56.34356,47.84671,-7.4119887,-30.281181,-10.269307,-16.33297,-4.204075,-19.43731,-15.198303,-8.343711,-12.074881,-13.12528,-15.0572815,-10.861378,-11.079404,-4.655298,-3.085092,-6.1881948,323.1855961196742,0.059112548828125,0
-247.80316,169.92311,-8.546132,63.198044,21.573156,11.5674095,1.8785073,-16.477966,1.1489508,-23.547337,-13.973525,-5.089817,-13.732933,0.03705603,-9.050266,-7.9257193,-0.19761437,-5.5101466,-1.5637715,0.19399299,144.20087736556485,0.02679443359375,1
-268.8996,186.67848,9.716073,36.669487,-8.762806,-7.8525743,8.101793,-19.698399,-14.430956,-15.813565,-7.2638745,-3.565567,-15.930248,-4.782154,-0.852455,-6.8662524,-4.0686073,1.5400631,-4.275017,-7.4800425,174.3480278757765,0.033660888671875,1
-190.87006,165.50522,-71.09331,41.228104,-16.998964,-29.87297,8.506395,-8.554457,0.097112775,-16.20301,-10.495064,-4.393553,-12.485228,-3.4002125,-6.9917564,-0.8551334,-10.312731,-15.135683,-0.4813933,-11.488449,331.93225059104225,0.103271484375,0
-217.97804,153.01804,-18.188059,49.983448,2.6296315,-1.2040749,2.6121442,-25.315067,3.3633785,2.7966547,6.3173633,2.4516532,-10.903695,2.2150724,-7.960234,2.573024,10.284779,-11.644756,-2.5960019,-3.0704217,168.32229880949882,0.031341552734375,1
-280.6739,176.09814,-30.248909,60.131577,-16.664106,0.8325696,0.23811352,-34.573807,-6.602641,-5.43517,5.655365,-15.414534,-9.8350525,7.843602,-11.251412,1.529014,0.8989856,-6.2598577,-4.2894373,-7.083473,0.0,0.080078125,1
-270.42987,117.224625,8.538368,38.414024,-47.238342,-19.909018,2.6003633,-33.059372,-1.2480142,-6.1201572,-13.308119,-3.4551601,-5.2233477,2.0890112,-8.4770355,-15.507708,-7.761564,-8.830345,-19.16225,-15.495894,359.4684495898244,0.071533203125,0
-248.85106,177.33156,-17.02843,30.615002,-19.374392,-23.742832,-8.37841,-35.475517,-2.4373772,-1.0779877,-7.830866,9.50767,-12.834574,-19.4837,-4.2082596,-9.472265,-11.257856,-2.0242553,-6.170253,-10.686571,313.968725173012,0.05615234375,0
-225.52533,166.93079,-56.66739,19.097729,-45.539177,-20.704536,-7.6667128,-30.765701,10.801164,-16.694544,-14.841058,-3.2221642,-14.884556,-2.8466082,-13.779356,-3.1020591,6.025077,-2.1606324,-0.7302746,-8.611753,252.34473818859843,0.0662841796875,0
-274.644,128.59128,31.207691,63.920155,-30.466309,-20.955181,-0.26624247,-38.27458,-6.7908483,-13.448756,-23.389013,3.3044105,-5.086457,-5.0226164,5.135266,-7.669708,-14.042212,-3.2905118,-5.1510134,-11.336553,336.6674111664574,0.050506591796875,0
-222.37425,165.11246,-50.9238,82.24231,23.022493,-5.322795,-1.5525597,-15.398297,0.21367145,-12.7593355,2.807764,-4.498124,-8.615694,5.1436367,-6.1538334,-0.5232196,-4.719702,-6.487626,-3.3962116,-8.439904,180.78196477525745,0.068267822265625,1
-328.70334,126.43537,24.231533,77.65491,13.8858185,-8.489288,-8.642839,-25.289051,5.641307,25.817747,-3.084485,-25.682884,10.912727,13.74418,-19.75394,-2.6804452,8.147103,-11.725918,-13.305531,0.6153264,144.53880688413253,0.11004638671875,1
-244.70963,154.12476,-42.937187,31.390852,-16.368153,-37.575138,-2.7112381,-36.8265,-18.98138,-2.4346604,-16.246437,-1.4672806,-4.582451,-7.7590837,-6.5373964,-13.309723,-0.92606455,2.3341622,-2.6132607,0.66221833,254.23598364359967,0.062713623046875,1
-252.51424,130.46393,-58.448357,29.451832,-23.840872,-27.959187,-8.612014,-22.456684,-8.93239,-23.139626,-13.417223,-6.645242,-13.1283655,-8.649516,-9.3310795,-1.9258358,-3.1649814,-6.0307465,-5.8256693,-4.517157,335.46903523439966,0.0794677734375,0
-276.8484,98.38342,12.431953,92.49892,-39.555607,-32.215073,-10.251488,-20.659697,8.2704315,-20.332954,0.87283206,0.7843572,-14.882725,-3.7850559,-16.336689,-2.8063562,-9.973524,-19.176847,-7.8020463,-11.243441,288.88311572812694,0.152374267578125,0
-298.769,109.29262,-23.586771,19.313686,11.10253,-3.5930252,-6.930499,-16.736698,-7.2851048,-17.833965,-16.366333,-10.71191,-15.435302,-5.1402254,-13.744606,-9.169336,-0.452209,-17.404537,0.6591424,7.272258,254.9433972587583,0.089385986328125,1
-257.83124,196.6337,-59.015793,31.347672,0.2576379,-22.501583,-21.702938,-31.51574,2.534889,-12.912794,-13.509738,-11.340021,-11.529511,9.265023,-22.247036,-17.476063,3.0097961,-20.108198,-5.032344,2.6906512,160.33418361692898,0.057891845703125,1
-266.75244,179.39578,8.5572195,29.165897,8.354577,-8.194171,18.360641,16.070549,-0.10673547,-0.25100017,9.978745,-1.6153864,-4.0197353,4.6935024,-6.2495127,-2.536431,-0.99815476,-8.840147,-3.9331157,-6.106319,141.60878610061803,0.01861572265625,1
-224.21765,150.19328,-55.155457,47.55635,0.42548865,-13.432515,-35.63111,-31.801865,9.050468,-15.740761,-2.839889,3.213551,-4.5655603,-7.803585,-21.268635,-8.920197,-5.8611307,-9.544832,-4.059662,-7.9637604,272.41751380879447,0.098236083984375,0
-307.3266,127.966774,14.921621,41.69851,4.9229054,-17.078133,-23.830696,-20.79816,3.3404846,-12.796722,-7.626604,3.806591,-5.3032646,3.903328,-1.5826788,-4.6172743,1.2065763,-7.8695307,-9.362453,-4.250425,323.44497893466854,0.05841064453125,0
-300.54044,150.5463,18.402937,74.250824,-25.413214,16.822687,-10.432704,-33.925934,15.936439,5.149192,7.391033,-7.8893228,13.1116495,15.884595,-27.427183,-13.029955,6.628662,-7.000142,-12.505885,-2.517977,1697.6000500032378,0.153533935546875,1
-277.32755,193.78262,-42.00468,-10.167238,9.029596,-5.470252,-12.202058,-2.9890091,5.444631,-14.806066,-19.606777,-5.4265504,4.288664,-12.546692,-15.277874,-0.7073454,-13.401551,-6.6301413,-1.182544,-9.582209,271.0172172750513,0.0589599609375,0
-238.94336,145.56487,-5.817606,38.13479,-33.233154,-14.261843,1.8294525,-28.053215,10.364696,-7.595412,-17.627481,-2.5299835,-17.206984,-8.222479,-9.525234,-12.798409,-2.6173975,-2.4506946,-4.5204096,-8.1193495,341.2241578232959,0.0501708984375,0
-147.94418,171.82387,-51.45737,70.50323,-17.618,-28.453758,-8.565357,-18.401863,1.928578,-16.119003,-1.9531136,-0.9226544,-7.256198,-3.0928082,-0.63903975,5.6699667,-11.884871,-7.481079,-2.5233307,-11.252615,278.93733764323537,0.063629150390625,0
-218.07176,148.28467,-54.449963,69.12602,-19.14277,-17.760107,12.545389,-30.08358,10.851344,-13.211421,-24.20948,0.63238406,-16.89658,-1.9551896,-8.155856,-14.056582,0.9259015,-10.887213,-7.7908897,-6.0916085,190.11305620504405,0.076324462890625,1
-137.91328,188.71579,-47.65801,45.03218,4.8307023,11.924417,-5.1366897,-18.116327,24.873241,-2.4612708,1.4772794,-9.530856,-15.967592,7.5097475,-17.362524,-10.084837,4.931263,-5.873557,-8.099004,-6.3873453,143.36911467226898,0.04156494140625,1
-232.72806,148.17816,-59.131813,39.50898,-10.905012,-15.039984,1.8320205,-5.5284553,13.326824,-24.33537,-17.516008,-0.16866437,-9.347149,-5.8908505,-13.231883,0.88879377,-1.2185564,-6.176009,2.286528,-6.5467854,226.47139266909232,0.08489990234375,0
-198.01396,166.8071,-29.846119,65.26432,-0.23921347,-17.132374,16.775028,-7.9464264,2.3689303,-3.6333277,-2.2967777,-0.5431292,-10.787183,0.3470848,-3.191543,1.7355984,6.0462236,-0.79941165,4.7656336,0.32723784,99.14499427499476,0.060211181640625,0
-228.84048,170.20409,-12.259984,11.690339,7.508067,-10.31851,-10.990716,-11.787613,-3.6584458,-12.944601,-21.48963,-24.17545,-22.26897,-20.284212,-24.12138,-13.425995,-10.203264,-10.826479,-3.857432,-9.062534,316.76523287780213,0.027587890625,0
-267.1806,151.2111,13.502986,40.707287,-8.538734,-3.9121616,-1.5522509,-23.893368,-1.4031879,-8.818091,3.7182424,5.8221226,-12.084392,9.746341,-2.3231976,-7.7282104,5.9130135,-12.765455,-2.9398997,3.8916974,224.86710961581664,0.044891357421875,1
-199.97748,192.47076,-38.180664,42.18831,9.030643,-45.713768,-13.721599,0.25435436,6.072854,-0.9248306,-4.4273787,-5.7402115,-18.860977,-15.194489,-4.3488293,0.93779886,-1.9917666,-6.327047,-4.2339334,-7.3704615,170.8198812385691,0.048583984375,0
-215.36133,170.83255,-24.695198,74.96252,-5.606463,-31.020605,-19.660545,-42.93029,-1.1461229,-26.283934,-27.147144,0.7111414,-17.961657,-6.694377,-17.279537,-7.1210713,9.596767,-22.397636,3.031046,9.150583,175.7863010982554,0.043487548828125,1
-267.5448,176.81378,16.101145,11.358668,-11.32979,-25.74794,-13.023039,-21.068012,-14.839213,-5.7276683,-8.440037,-9.987566,-17.050499,-16.181429,-10.43482,-7.762555,-0.32290137,6.512541,9.522106,4.301331,429.6982605324435,0.040557861328125,0
-222.5437,148.94872,-36.657963,75.625916,-19.672453,-29.437216,1.3844929,-22.076382,1.0618491,-13.286653,-4.55395,4.942713,-9.719487,-1.4536486,-4.3197746,-8.441255,-13.72079,-10.899091,0.5311482,-5.8138237,274.5934218958263,0.14300537109375,0
-320.20883,146.89615,-3.5872498,13.903236,-3.4524503,-27.358826,-18.597929,-17.700947,-17.209713,-13.581965,-8.583565,-1.2350614,3.8171387,-6.730843,-8.362202,-0.07347037,-11.681068,-11.38402,-4.275941,-10.423913,325.59125558880265,0.06488037109375,0
-247.3297,115.41284,0.14411879,72.7729,-25.21184,-29.837744,8.739797,-14.426156,-8.574047,-6.430916,-17.00483,-29.838482,-5.735422,-4.363661,-20.479467,-3.6955714,-16.801788,-14.701351,-8.963948,-16.404915,358.7747882244391,0.046356201171875,0
-218.46396,166.57602,-60.252705,50.609848,4.114153,-23.62936,-3.390284,-18.263044,-2.5711145,-15.90731,-9.397209,7.66474,-1.5844014,0.3278442,0.85003614,1.1447372,-9.266919,-8.694734,1.1356368,-9.564181,203.47926250518347,0.10479736328125,1
-270.85986,152.18669,-11.397482,41.35183,-8.2247715,-23.567734,-0.34460002,-13.69535,-2.361491,-9.231025,-15.250429,-5.436199,-4.9248214,-5.8633556,-7.301367,-7.398924,-11.970821,-4.7459292,1.5864725,-6.146456,327.8344412320068,0.0635986328125,0
-246.66647,183.27858,-30.875961,-8.129002,-17.024307,-15.747245,-19.483723,-26.800343,1.7113248,-5.0512614,-10.474167,-2.2615516,5.2860003,5.7931595,-14.592897,-9.2382965,1.3848944,-6.1395836,-6.190813,-5.826282,187.23029525322696,0.05841064453125,1
-94.318924,177.81795,-94.82719,62.400322,-34.492252,10.715175,12.79633,-31.223196,12.362139,-22.648247,-3.6723828,-4.609004,-16.292572,0.40006128,-17.546465,-5.808379,-4.5007854,-11.923023,-8.190298,-10.340305,0.0,0.1099853515625,1
-244.26721,187.48575,-10.575956,57.14524,-7.405494,-7.0798407,8.794973,-30.080292,1.7582521,-1.7067213,-8.225418,-6.193514,-15.577343,15.265188,1.2237595,-16.714622,4.8292947,-5.921976,-5.4275436,-0.55717176,139.3098333645441,0.021942138671875,1
-251.33542,203.07898,-5.9273624,35.391655,-23.462566,-9.097134,24.681324,-13.881741,-11.921986,-8.082928,1.6619744,1.5423093,-5.4090476,6.4705763,-0.051441908,-1.5921651,0.8520944,-6.029786,-7.609484,-6.7152557,181.77447123382743,0.0445556640625,1
-208.81155,149.17964,-44.588802,68.36727,-7.5528407,-15.508429,-8.590294,-20.968388,3.2148967,-22.726017,5.3194647,12.788204,-2.2961934,6.475942,-9.39309,1.1543398,-2.492803,-5.562231,6.091214,-13.023964,284.1340770914381,0.072784423828125,0
-272.9293,128.20358,-5.3352194,90.83124,-25.055344,-2.9926453,-11.205286,-17.39299,-0.17052698,-19.085928,15.135877,-13.668258,-7.296931,1.4113634,-22.487408,5.458727,-1.1028022,-11.738361,-0.1293332,-5.238378,159.00791715217545,0.138092041015625,1
-242.30392,148.96274,-12.337545,54.706642,-29.50758,-34.056675,13.482807,-10.436609,-1.137389,-19.580666,-11.981997,6.089488,-34.613792,-19.084618,6.0732965,-19.490509,-16.45155,-1.48688,-4.1995173,-2.7127254,267.6419733950987,0.041839599609375,0
-274.96625,154.27866,1.2301297,44.9886,21.867712,4.081769,9.220544,-7.051882,-4.0215635,-16.076448,-13.991084,-3.765684,-3.9775267,5.8855486,-7.4152756,-10.568081,-1.2170534,-13.637815,-9.521081,-2.5025225,159.8640315303776,0.024017333984375,1
-214.47467,175.9723,-2.9392245,36.583977,16.85537,9.216055,15.395552,-7.317723,10.632022,10.954006,2.8515933,9.151116,4.424631,9.145751,1.4215143,1.4527144,13.470048,-4.9789853,-11.208631,-3.2643914,77.75593174189238,0.0150146484375,1
-244.1753,166.06554,29.117807,70.39026,-0.6455765,-6.968539,5.024115,-18.903728,7.2564898,-5.0309153,-15.381996,-3.5082107,-4.4799113,7.264702,-2.941225,-7.8830876,4.1319304,-7.880434,-6.923887,0.5278092,174.8321304437821,0.025482177734375,1
-273.3888,142.79863,35.23826,29.648634,-25.307697,1.0805475,-14.251239,-24.447227,12.351082,-11.545834,-7.7340703,1.1220723,-6.9745445,-6.0837483,-11.84897,-5.41026,-13.913588,-13.534288,-4.6222906,-8.720676,354.61532511186664,0.06781005859375,0
-270.15118,154.18185,-29.21888,88.957695,-18.074465,-23.40548,5.09305,-15.848504,22.40421,-3.6243765,-6.9256907,10.819862,4.747091,7.566009,-7.245309,-0.6413945,5.337352,-10.235865,-2.3515491,6.8256025,0.0,0.0626220703125,1
-258.10486,208.43265,-58.10814,31.21246,-14.2297,-22.141064,-0.8721409,-35.166664,-8.726205,-14.772285,-12.068917,2.0246792,-15.566835,-2.5640106,-16.223085,-14.839172,7.83387,-18.52138,-8.313021,11.453297,164.24422394867233,0.06085205078125,1
-278.89374,102.02606,-23.999916,14.466375,-2.2270231,-13.4418545,-10.901718,-9.047286,2.0966349,-21.712442,-14.744605,5.5707326,-11.665651,-19.456224,-17.385551,-13.129606,-5.1000376,-3.3557625,-0.3840735,3.7357292,387.01982738379417,0.13446044921875,0
-245.75577,145.09256,-24.36298,80.12703,10.059587,-22.395134,0.8874693,-24.635818,-8.671317,-18.567947,-16.398546,-2.5033505,-19.099482,-1.6544675,2.014278,-11.418983,-0.42833114,-3.7081685,-11.431749,-5.3956,185.83354827251853,0.040802001953125,1
-158.67487,193.45522,-64.7477,42.226097,-24.993813,-7.083901,21.833597,-26.985855,4.5309496,-4.0341787,-6.0912867,6.5812645,-5.818333,0.010394573,-6.82794,-2.2680476,-0.8540412,-9.037946,-5.0268745,-9.326815,135.20725926848326,0.065521240234375,1
-204.51991,138.31104,-30.080162,61.594833,-8.887632,-13.194803,-9.949673,-21.145218,13.810852,-19.406055,-20.470737,-0.68434143,-9.03473,-15.408233,-22.287615,-8.445199,-4.025234,-1.3168886,7.373751,1.9709342,407.8850550125708,0.10638427734375,0
-241.52832,178.172,10.718496,-17.726063,3.244695,41.2531,13.516592,-15.6489525,10.35107,8.647891,-4.470113,-3.5299032,8.052493,-1.674785,-21.158134,-0.38776094,-0.52522075,-7.7707143,4.1782627,-8.1076145,292.51252962527263,0.041961669921875,0
-291.88226,126.49599,5.2706194,31.365501,-4.4959345,-27.431297,-21.6026,-20.051851,-5.8341365,-15.249252,-8.204864,-3.6936457,-23.315506,-15.623346,-14.180386,-16.259075,-7.749558,-15.941728,-14.72554,-13.141729,362.2028987558925,0.03021240234375,0
-213.92743,112.07823,-38.414337,115.51271,-13.092712,-13.4868145,-2.4469323,-37.003006,-1.7884804,-17.324036,-8.720131,-8.898927,-11.761452,-2.8136518,-13.35699,-3.4519541,-0.7047707,-8.328787,-8.289753,-5.5663342,181.5035078600978,0.1387939453125,1
-270.69,136.4606,-8.14039,49.246704,-25.235613,-9.017046,10.346447,-29.694836,-14.979669,-13.52626,-11.739832,-7.6086707,-3.7249708,2.822945,-4.410129,-5.187351,-7.899566,-5.711733,-5.3390903,-9.573025,295.7156627365506,0.120147705078125,0
-271.46423,182.40863,20.184084,29.267633,-12.246388,-23.402657,1.3238356,-11.581364,-11.215342,-8.067845,-8.9572525,-10.378607,-13.339364,-6.20669,-1.9659536,-5.3450303,-9.729115,-5.0578275,-2.014532,-8.61437,208.37571939120264,0.03253173828125,1
-231.4563,140.10385,0.8183756,90.65605,-19.139685,-10.748328,12.400864,-25.089594,-1.8010426,-18.71366,-11.911442,-4.9952316,-10.591682,5.798835,-5.4565334,-3.0035944,-2.697945,-12.105091,-0.9237325,0.1052964,176.77387787602422,0.093658447265625,1
-233.57562,167.01994,-37.773224,48.96656,-20.774698,-32.75293,-2.8230047,-31.547958,-15.449837,-17.247423,-13.512704,-3.9829748,-11.863344,-4.185595,-2.459501,-4.276037,-7.6339626,-4.3769884,0.26682723,-4.944045,277.5608796504442,0.044281005859375,0
-259.99313,188.2432,16.44455,24.968868,-9.681647,-15.252579,0.19165033,-19.781109,-9.488832,-6.117942,-8.741739,-2.896497,-9.053871,0.1515832,-1.5528154,-11.773872,-3.390373,-6.886772,-10.78171,-6.0989804,212.55435370398988,0.031219482421875,1
-312.50583,81.09174,-3.367312,37.933346,-5.5712795,-20.74758,-15.707747,-17.314157,-2.2052264,-25.995852,-9.354223,9.234924,-21.69622,-12.521721,-7.1026673,-11.197606,4.2987366,-0.34685016,5.5184565,14.36828,424.3718082900407,0.10015869140625,0
-320.1453,143.83023,23.56545,43.8455,10.013407,-25.545765,-23.851318,-17.032104,-17.927279,-30.639904,-19.229237,-11.127472,-13.843655,-14.574381,-19.595497,-2.7015076,-1.3414409,-13.288567,-2.7241786,-8.819188,136.56868750220082,0.067352294921875,0
-243.27673,164.8515,-21.481188,61.20649,-12.915199,9.126566,2.9391646,-30.025238,-3.7784421,-25.362722,-4.45234,-13.006023,-14.750363,13.374896,-12.805252,-2.8144164,3.0635474,-11.078372,-4.291747,-5.102071,149.88410370751043,0.047454833984375,1
-255.06288,131.48802,-3.5481217,39.017204,6.951755,-5.263942,-13.869732,-33.152847,9.7647295,6.735873,-15.346176,-11.632673,-17.212025,-0.54641795,-3.9245749,-20.66253,-6.4432626,-9.276606,-19.876913,-17.111149,206.25541432215832,0.033538818359375,1
-294.83774,170.8659,22.783606,47.554832,5.8036356,-11.790422,2.7170732,-19.516254,-14.496407,-9.108097,-4.912469,2.0673766,-6.567034,-0.54738784,-1.0187033,-5.6850986,1.5776607,-3.2957468,-7.294825,-7.469105,161.39566851297195,0.039276123046875,1
-327.4422,120.7485,33.989906,47.04383,-15.408982,-19.845797,1.967795,-29.688019,-17.998398,2.5594215,-14.325288,-16.341509,3.138105,-1.1679859,-11.989967,-3.1776502,-7.1433372,-12.119034,-10.736447,-12.725094,352.425026169942,0.041015625,0
-312.12567,127.540344,38.037395,51.182358,-46.73499,-37.582165,-9.962484,-34.38055,2.1476953,-6.409709,-17.992996,3.5742116,-15.71485,-16.986015,-1.8477036,-10.138162,-12.770747,-8.352252,-8.899594,-10.298623,340.74158607549884,0.073394775390625,0
-209.0307,148.28307,-44.939705,49.291107,-15.0821905,-5.8364134,30.594889,-33.448547,-25.180622,-19.683668,-17.057444,-8.846148,-19.038782,3.5009356,-9.38493,-12.11511,8.961239,-11.254394,0.01776649,3.535089,193.0875796255833,0.061279296875,1
-228.79147,150.94563,-19.747128,63.852947,-11.023868,25.763885,15.760628,-17.421373,6.9527516,-22.80012,-11.169924,-11.123514,-12.361883,-1.1070905,-12.496201,-0.30751365,5.449565,1.0099635,-3.291,-4.426342,146.44520586367284,0.08160400390625,1
-190.7287,168.13577,-57.42545,61.33127,-17.499134,-11.893467,-0.23428035,-30.26902,18.640804,-7.9544406,-11.089537,8.841594,-5.344037,1.4744196,-8.946381,-8.436115,-0.46888608,-6.1924148,-5.8722544,-3.8233728,255.04960026805875,0.073028564453125,0
-275.2467,155.60834,-6.293499,52.624588,10.418211,-26.656624,2.4687595,-13.783159,-16.609808,-9.871545,-15.809636,-8.962017,-7.345419,-9.171575,-7.279034,-4.899559,-2.9627364,-0.36590523,-0.26192904,-5.493622,137.09528443111873,0.056976318359375,0
-228.2987,205.46704,-0.41991615,-2.4072094,5.9393854,23.367027,7.572094,-19.463694,14.822163,9.452461,-19.115242,2.074152,7.7367067,-19.5411,-14.391103,4.3288717,-1.9630934,-0.6501914,-2.353385,-6.1229916,294.6751761125868,0.030548095703125,0
-241.846,186.02289,-44.918243,30.67704,-2.8771071,-28.153357,3.8639145,-9.983629,-5.6836677,-7.8443127,-16.310984,-11.917461,-5.8710437,-0.74392885,-10.595684,-12.908421,-8.112581,-5.313324,-2.0204844,-8.324465,284.7021257500868,0.0406494140625,0
-293.66196,110.3168,-23.678469,49.73323,0.39646816,-12.92255,8.197821,-20.864506,-13.725637,-4.9889803,-1.5764532,-2.4611645,-6.2326727,0.01811564,-1.6849544,2.1819339,-0.5695127,-1.4323814,4.246237,-3.9485443,175.50808539411665,0.089691162109375,1
-180.01923,172.82906,-39.087402,35.93252,-6.3919525,5.180079,-3.5966706,-16.0093,14.312501,-15.156572,3.0190446,4.703688,-16.32291,1.0255969,-9.198099,-12.807255,-4.035734,-2.5010295,-4.5682025,-0.16890413,144.337130396388,0.05755615234375,1
-136.87819,148.07283,-65.78677,69.096725,-8.032532,23.612602,3.6280355,-17.193764,20.630497,-6.350991,6.09579,-11.89399,-11.655462,1.3947284,-11.95446,-4.2787647,-3.348609,3.434622,-2.8581035,-3.7874537,0.0,0.10443115234375,1
-241.23337,138.97644,-36.886173,79.80727,-19.394817,11.120847,-11.989784,-43.23702,21.836775,-6.2862062,-6.0361185,-13.221258,-15.43224,3.734453,-10.491604,-5.3588223,-16.140903,-20.508617,-12.195202,-17.920729,152.38938141393606,0.0972900390625,1
-218.15108,142.41551,-20.171818,120.43162,-30.986092,-18.050484,6.45703,-20.92014,13.303257,-20.15369,-2.4812887,7.9254203,-3.8118215,1.0876086,-9.349733,4.9330254,4.949004,-6.9869514,-3.704815,3.1760328,128.43051631887172,0.133697509765625,1
-244.82074,152.21005,-7.0872955,58.863213,7.775911,12.535945,23.15435,0.78378665,17.006104,1.3989706,5.426282,8.633543,-1.3564441,2.9447608,-7.5288324,-3.0251565,0.31993502,-6.3006554,-3.8714576,-4.171016,175.75616920404073,0.018280029296875,1
-196.19037,160.65744,-64.17007,3.1920457,-0.4208926,-12.941227,5.9118032,-16.516531,-6.955092,-7.9107633,-17.3811,-2.620635,-6.2833576,-14.0794735,-14.465239,-11.254191,-6.6932077,-4.5171747,4.3349237,1.2060721,314.3584431867042,0.08892822265625,0
-190.18861,170.12576,-48.25335,60.33723,6.3092003,-32.43057,-20.96354,-27.809628,6.031754,-20.466995,-25.11166,0.09924699,-6.890922,-2.7295156,-18.46048,-2.622229,10.570984,-22.2487,-3.5370574,5.2492666,155.58354037798614,0.0579833984375,1
-246.30577,187.96115,-12.192728,35.52684,-9.15752,-31.075657,-12.522368,-22.230335,0.74455035,4.198638,-3.9459307,-4.964941,-9.111263,-9.62097,-9.264952,5.9133377,-2.024012,-10.342851,4.6107807,-8.29556,231.794964800394,0.054107666015625,0
-185.78664,171.56203,-43.16378,74.97311,3.5679798,-16.633408,-32.472908,-40.850685,19.503872,-25.238861,-13.689482,9.958725,-19.47206,15.9157,1.2936214,-26.82531,-8.6117115,-20.143448,-19.531284,-5.918791,135.45732619872032,0.058441162109375,1
-212.34343,150.20166,-43.180817,3.1899118,-53.77539,-15.799887,-8.449214,-38.07306,2.0530658,-7.3991833,-6.6739235,0.7232406,-7.583482,-9.333786,-12.18461,-4.4899387,-6.9830227,-1.2839992,-4.920227,-12.402965,336.80522484787184,0.063232421875,0
-323.11218,161.844,-11.122626,66.308105,5.3461113,-42.628937,-12.034603,1.7102592,6.8480744,-3.0849254,3.1000495,1.6117293,-11.689466,-11.135376,-2.7286503,4.121403,-5.295534,-3.2281177,1.5768918,-5.6379766,0.0,0.0660400390625,0
-251.24115,149.24168,-62.326683,72.244064,-2.0385952,-54.60199,-8.28827,-21.322643,-6.0660696,-11.460394,-15.274708,-2.530253,-15.293543,-2.3818328,-1.031765,-9.578951,0.9287,-2.0651612,-1.6861651,4.809928,156.63203506685448,0.07666015625,1
-216.66711,114.61992,-84.56412,55.995518,-27.67796,-40.92222,-0.8836467,-8.390781,-8.890059,-36.350395,-14.326813,-8.288137,-15.331655,-17.50194,-25.103556,-5.457281,-15.601715,-13.961071,-1.1158798,-12.671995,357.3199544598801,0.104522705078125,0
-252.1292,112.378075,-40.813274,32.576336,-27.908102,-27.266413,-3.7723687,-25.911661,-25.45558,-25.318705,-12.107431,-12.870441,-10.0852995,-10.631329,-19.71355,-11.717276,-13.853179,-11.595396,-8.522728,-12.422224,312.962548825107,0.0841064453125,0
-235.82999,144.55392,-24.843464,37.498833,-48.74671,-33.785995,-15.460615,-33.19213,-9.27548,-19.061407,-7.379374,-9.490321,-8.594444,-1.6812413,-11.748656,-2.6390104,-4.3828564,-0.07416552,-1.903168,-7.3930464,244.38945520666323,0.056793212890625,0
-270.83795,160.08643,-16.366436,50.305027,24.37366,-15.813762,-1.5023081,-16.089577,-30.624233,-20.704777,-12.768076,-25.822609,-11.26376,2.749862,-16.505701,-10.733293,-0.33108348,-5.710869,-7.7588205,-10.365133,194.4386437807365,0.03326416015625,1
-268.5851,130.84996,17.083319,50.49391,-7.4712424,-29.62307,3.4480143,-15.276737,-22.403404,-18.300365,-20.028812,-12.293873,-8.741798,-6.4125624,-8.858083,-12.991495,-11.207096,-6.6698527,-5.249156,-9.074849,327.7583984603271,0.034515380859375,0
-287.09775,114.1089,5.623183,25.875792,-12.505495,-14.95268,-7.45243,-19.037487,6.4745035,-4.001404,-24.384272,-5.4355917,3.6693692,-8.796884,-14.80068,-3.7485168,-0.6694329,1.0897872,8.982854,8.898228,441.5478526344009,0.097412109375,0
-272.56927,167.03772,-31.007553,8.45545,-18.622126,-29.493263,-0.029253006,-10.413969,-6.9305544,-14.262447,-16.378855,0.6705751,0.49020314,-7.7361803,-14.513849,-13.465342,-12.529364,-7.340008,-4.1789236,-15.229595,302.5936206589325,0.04803466796875,0
-244.1654,150.63332,13.40411,63.301918,8.727947,-24.66079,-7.0449667,-17.628075,-6.513305,3.8179917,-10.265871,-18.945621,-8.096255,-4.139699,-6.652369,-2.9689755,-6.6146517,-6.2798676,-6.8542356,-5.5498123,310.66212041615074,0.029266357421875,0
-240.52094,147.22916,-11.638901,19.997322,-14.445841,-7.1877317,-19.981106,-54.473793,-5.4978933,-8.224652,-25.249916,-7.887502,-9.137032,-1.9114692,-13.627223,-17.366089,0.8744519,-6.3692284,-4.110911,-0.22287536,211.7346043788181,0.036834716796875,1
-218.95233,179.46559,-29.184978,52.373684,-10.814156,-31.238148,-15.707514,-36.718056,1.1299543,-17.287767,-23.01698,0.4736495,-19.29031,-3.1127937,-3.556163,-14.384366,-0.060833216,-11.943204,-1.742387,2.500544,161.57636594264537,0.04150390625,1
-245.90048,177.74144,-21.529547,17.213879,-2.7141485,-12.920319,-12.380026,-23.099508,-0.010962486,-6.460718,-12.645835,-6.637306,-10.764248,-4.632938,-5.1076136,-8.965383,-13.467373,-13.256056,-2.2440436,-8.669625,288.77597142309946,0.036407470703125,0
-158.24341,142.8534,-75.289825,29.98168,-49.47693,-34.86318,-7.536453,-28.988655,5.5149026,-16.49214,-19.247355,-9.5433035,-12.835781,-8.300665,-12.864675,-0.5234509,-2.110832,-2.846779,2.8470635,-4.105134,295.9004951706112,0.071258544921875,0
-195.52109,190.0418,-50.24788,39.534805,-39.885784,-4.0205317,17.38509,-30.836426,2.231603,-15.759578,-7.9702635,4.0501127,-19.780693,-2.496055,-1.5063188,-10.771218,-5.8546767,-6.8596554,-5.994383,-8.96237,181.25936574197223,0.0546875,1
-280.1117,165.27441,5.7426596,42.96663,2.2843366,-7.219431,-5.9175115,-21.51624,-8.566343,-27.951761,-22.972336,-9.049686,-20.059673,-15.067934,-19.331917,-15.2571335,-7.0347424,-12.369257,-1.4735541,-0.13328242,293.9421617178032,0.056640625,1
-295.97052,117.21572,-1.402531,19.979895,-14.268781,-1.3544881,-14.331661,-17.618805,22.050825,-7.904102,-13.267076,0.0001951456,-10.850277,-6.897496,-7.665635,9.68673,29.200943,33.83777,29.765156,1.2174029,500.43268177934647,0.043853759765625,0
-274.6809,167.66928,8.934158,24.492676,9.79076,1.1850011,11.594505,-0.0324561,2.390689,6.972499,9.297884,1.0968143,-1.8398035,12.191165,2.8657627,-3.9552274,3.6210506,-2.6116872,-2.5375762,1.2345427,149.0336999023719,0.022125244140625,1
-237.54536,180.06403,-30.996609,46.05216,9.39757,-28.79608,-19.226984,-15.846877,18.038942,8.323636,-5.821311,-6.9166193,-16.883434,-7.1949816,-5.7766185,0.57650495,2.7148433,-11.165625,-4.684186,-2.5432544,234.17402850960045,0.069305419921875,0
-233.14014,174.72226,-7.6624374,31.36834,1.3807924,-21.527927,-25.474033,-19.385338,6.0954695,-13.591664,-15.309345,1.1793956,-1.7976768,-5.1468363,-9.85471,-9.466894,-12.083076,-10.006376,-2.223795,-8.950298,273.13042227063045,0.057861328125,0
-245.41513,165.25967,-11.374101,32.34279,8.251748,-14.982689,-30.462982,-33.162632,8.817809,-6.045368,-19.894127,3.5086377,1.6310012,-10.76395,-10.979969,-3.8606567,-9.225132,-11.409194,-1.8086717,-7.8224387,270.67804513741066,0.064239501953125,0
-254.15472,138.25412,-56.310863,-10.306167,-41.9591,-31.791258,2.1061769,-23.333807,-2.1915627,7.3038697,-14.524389,-23.96756,-15.011609,0.6653786,-8.9539795,-6.764139,1.8111765,-3.9596796,3.5852976,2.7644696,163.5954660544887,0.096466064453125,1
-228.15099,168.0134,-43.93255,64.571976,6.0561366,-16.278234,-4.2887826,-24.657907,-7.601467,-24.277552,-10.13814,-3.6530085,-18.56948,2.4976277,-5.139065,-9.760321,2.7094302,-3.5493886,-5.974165,-1.3010004,147.12968095957547,0.06158447265625,1
-220.039,150.65262,-67.57759,65.894714,-27.422543,-14.647695,1.3872824,-36.415115,10.178133,-22.739552,-19.58965,1.6690722,-13.641707,1.8636346,-14.897116,-17.49234,-5.619292,-9.6621,-7.338106,-15.5773325,214.12835338241777,0.072845458984375,1
-234.75806,142.63608,-17.160126,82.70813,-7.131341,-20.164202,7.4218683,-24.978548,-5.32615,-19.508083,-13.64114,-1.3246174,-15.26875,3.6870403,-6.0540333,-12.266737,1.8330787,-7.115572,-5.9608173,-5.0510716,203.143971569174,0.051116943359375,1
-235.26782,144.69104,-32.801697,24.57616,-44.49877,-19.89682,-9.863856,-24.914547,-1.4797705,-21.433556,-8.455292,-10.324485,-13.583185,-1.126393,-22.674969,-21.518047,-6.132171,-1.5088856,0.4152491,1.0666745,353.3156651489774,0.107818603515625,0
-244.29727,162.96098,5.501429,35.110367,-18.623575,-14.801094,8.198698,-21.537853,-27.070585,-11.72612,1.4557775,-6.333074,4.126427,0.34773177,-20.102936,0.0057002306,-4.6313868,-11.9745655,0.36400813,-12.179529,278.7635157037811,0.054412841796875,0
-202.60837,171.633,-20.630074,42.168335,-8.302231,5.778162,20.906002,-15.153162,10.808872,-5.4142075,-10.557589,6.1622477,-5.676486,0.06994617,-4.0590734,-4.1073875,0.66591954,-7.4846435,-4.036724,-5.6322803,144.3610023916315,0.0380859375,1
-269.96445,167.9755,-21.71963,46.55001,-12.909851,-0.9632646,12.268038,-19.350067,-1.2136922,-17.205101,-6.708138,1.0666339,-11.228227,-0.4168045,-7.660509,-6.6721764,-4.0577507,-5.483308,-0.027873516,-1.2763255,162.90508733429513,0.036163330078125,1
-184.95047,173.91763,-58.20607,59.477566,-17.913116,-22.111706,-1.6358308,-26.946878,2.7039933,-18.04784,-4.5808935,-2.3347898,-18.220634,9.235119,-14.777972,-15.505087,2.1078033,-15.561819,-6.5729427,-6.426614,161.005664649218,0.041168212890625,1
-273.16144,160.73584,11.503506,74.84059,6.447912,-8.952923,-7.942221,-18.81541,8.794056,-8.250809,-0.50834155,0.9781685,-8.4356165,10.014543,-4.467924,-9.977451,-2.059215,-7.134719,-6.828893,-6.6225357,147.479317184641,0.05926513671875,1
-249.04398,196.91727,-31.918789,28.226181,-20.136936,-12.613022,14.680866,-23.14374,5.7928796,6.3243303,-13.196056,-0.6401048,-1.1967916,-2.2115116,-7.258304,-4.7932854,-2.2991476,-6.016081,-0.7197896,-7.4155884,147.48170525085425,0.045989990234375,1
-193.20181,166.65271,-24.477573,49.14409,6.6068563,21.61325,-1.6262625,-18.946716,3.3495398,-21.89,-3.7283688,-6.8078833,-10.538765,3.7089658,-9.593326,-0.028823853,1.7026768,-8.15253,-3.0037842,-4.185825,164.96196775988122,0.03582763671875,1
-235.37677,175.16891,-13.822947,52.991436,-8.333778,-10.336889,-7.205452,-23.896303,-3.5312984,-5.5997343,2.9744267,-7.712161,-2.2326393,8.9680605,-2.9916253,0.26786262,-4.5987005,-1.8876337,-1.6935577,-6.9675317,230.5163523977357,0.0545654296875,1
-213.81082,130.43073,-46.946415,67.77516,-43.520836,-19.438013,7.698884,-21.67273,9.967432,-9.090871,-9.397175,-15.9138775,-3.489512,3.636379,-20.283108,-1.104567,-6.907307,-8.794743,-3.5010958,-12.250704,297.1850483967036,0.0614013671875,0
-234.68916,122.218506,-42.467987,61.106464,-21.77185,-33.7668,-12.832919,-12.149834,15.999662,-19.139122,-9.33689,-2.2447689,-16.685064,-4.5702453,-16.743763,-8.563971,-6.728943,-15.243757,-5.7054396,-4.266868,391.8565316464034,0.156768798828125,0
-240.75746,149.48715,-10.117146,38.502586,2.1717553,-0.15022469,8.480725,-21.213923,-6.009677,7.4083085,7.6859446,-7.8652873,-9.903355,4.9553747,-7.487491,-5.0318613,-1.0123334,-5.950823,-2.0010722,-8.844614,152.1256019913878,0.05047607421875,1
-335.8216,181.00607,40.928688,-12.977955,-20.073616,-6.6597414,-5.97535,-10.2478285,-10.431736,-16.326376,-7.877389,1.4129708,1.1819948,-1.9125161,-9.727574,-10.422042,-9.989417,-11.683332,-11.444632,-10.328934,323.36981317370663,0.03436279296875,0
-229.7167,159.95575,-6.5250134,47.77041,-19.677397,-35.394337,-8.613399,-16.032682,2.5098126,-13.111103,-16.39452,-3.5489917,-11.598965,-12.583534,-12.435511,-7.8495913,-7.9858813,-7.4866204,-3.2599177,1.145875,366.19266594380986,0.04010009765625,0
-187.32578,172.39114,-14.462251,54.20828,5.6131353,-2.6968496,-4.437083,-23.515406,16.176638,3.8066351,-2.5181947,7.495816,11.503151,17.826221,-12.869358,-1.0309174,15.356542,-2.1469579,4.669543,-11.18881,158.98510877781615,0.035003662109375,1
-244.52246,153.13518,-16.13766,52.390675,-2.6354914,-4.469545,19.799925,-0.944456,5.3040485,1.6524355,8.199718,1.9540048,0.78043115,8.439951,-5.6907005,0.07786453,-2.3031216,-6.4886956,-1.1218932,-9.753529,145.147871181184,0.042938232421875,1
-179.53192,172.5418,-35.193848,49.415344,-24.48856,-8.911678,7.094164,-20.211205,6.285626,-15.144884,-10.913947,-2.5011585,-11.575422,-6.4061184,-9.88921,-5.4214115,-9.980633,-5.2776165,-0.91808957,-4.821047,319.2144706842656,0.054412841796875,0
-247.12842,198.21713,-37.529972,42.097633,11.587805,-5.2414784,23.413616,4.6975536,4.9376917,-1.6123369,-0.38141966,2.5097158,-0.55111325,6.007472,-1.3960545,-0.11268389,3.3267632,1.9939258,7.4675703,5.446724,0.0,0.035919189453125,1
-258.00674,119.43254,-34.091957,103.327515,-13.241737,-46.267952,-3.4393175,-27.237679,-5.1669073,-28.774632,-18.158237,-5.557064,-28.520454,7.408991,-4.7031803,-14.742423,9.592365,-5.470891,3.6483884,3.4153032,148.6770528291953,0.063568115234375,1
-339.89224,144.62958,35.079792,36.45545,5.7911835,13.430677,24.834312,1.5085307,4.56374,5.544877,0.8762751,0.91583174,0.6620433,2.1430228,-4.359977,-1.7726431,1.4087535,-1.8010304,0.5247024,-1.7406976,91.49826779516316,0.0250244140625,0
-269.91293,184.87213,-24.959505,46.385784,0.3672862,-23.365637,-17.939682,-19.093513,7.9278955,-9.710992,-5.4580126,-2.3959036,-2.2488513,7.618077,-19.350348,-7.650428,3.324389,-11.887522,-0.2935639,-5.183077,200.929771524264,0.048797607421875,1
-242.6441,171.24722,-17.249367,8.541359,-14.461567,-23.161568,-10.776051,-41.11734,-23.344013,-12.545511,-30.394775,-16.68291,-10.723288,-13.217359,-12.556842,-10.600015,-2.6595356,-7.876666,-3.3516273,1.4664675,258.94203608992774,0.043243408203125,1
-295.8357,182.49043,-61.45287,-7.803912,8.262253,-28.759256,-25.678766,-30.921492,-19.422878,-7.448696,-13.647743,-23.507633,-26.76454,-8.539314,-8.400496,-18.832594,-6.4266844,-4.6533175,-6.809338,-2.8465743,167.19304181805413,0.04754638671875,1
-235.32162,131.72066,-59.529404,57.452873,-36.133667,-33.078182,-10.12492,-38.375996,-24.877964,-28.437004,0.6924593,-8.423443,-15.123514,-2.8043332,-21.8227,-11.781987,-10.50432,-11.489578,-4.0894804,-12.614873,282.267026021293,0.08050537109375,0
-220.82112,120.29042,-36.681038,103.0943,-18.875706,-17.787766,4.364526,-23.75701,1.260792,-26.001553,-14.843317,-7.7275534,-10.777051,1.5065928,-7.9138746,-3.7111378,-3.33903,-4.29125,-5.065753,-2.9665847,185.51053432377608,0.146728515625,1
-262.77798,180.54185,-9.682292,35.375465,-19.410595,-33.37198,-6.2803574,-38.278522,-15.762497,-1.0088065,-16.529995,-5.946694,-4.0383677,-4.852619,-8.475288,-16.80685,-14.304391,-16.283207,-12.925323,-3.005901,141.2836216707648,0.037261962890625,1
-276.49573,121.77655,-1.4519774,75.95619,-12.164547,-36.555542,-18.117466,-14.247829,-0.839922,-20.306194,-2.4596643,-0.55720043,-6.3319507,-1.170204,-13.288076,-3.0863075,-7.4502316,-8.8340645,-0.72051495,-12.503641,266.9010792036352,0.078216552734375,0
-321.53143,175.63533,-26.415092,49.09828,4.496411,-24.605068,-8.512903,-27.032532,-0.7296672,-5.4869895,-17.90424,-4.49836,-6.78458,7.8684406,0.06830549,-11.474806,3.3931437,-5.6640453,-4.929956,3.278229,0.0,0.064178466796875,1
-242.43008,141.71475,-25.397793,50.446747,-16.33379,-31.225084,-13.225857,-29.475704,4.0730667,4.6715503,-8.076668,-5.3999395,-2.1287456,-5.4679403,-9.59249,0.34548378,-8.610734,-7.2587633,1.494103,-6.3179426,290.6343562596623,0.05419921875,0
-233.26042,170.43867,-50.6055,29.539629,-5.890068,-35.9373,-1.0720057,-19.521694,-11.772615,2.765595,-15.985505,-18.465687,-5.3580875,-11.841692,-15.666086,-3.9698014,-7.1947994,-6.576288,-2.511529,-6.5955095,326.48026183387066,0.04443359375,0
-243.99098,140.4178,-5.806178,73.91204,8.660959,-9.618806,16.760992,0.8833028,7.7102427,-6.9637556,2.5538616,5.914727,-13.908028,4.973536,3.4630365,-8.846937,1.0164912,1.9959984,-1.8477669,-2.059147,120.97717269178342,0.037628173828125,0
-276.53998,144.25986,7.5067554,53.46369,-8.701912,-12.755993,3.330306,-25.75845,-13.2048435,-9.0015545,-11.949892,-16.488256,-10.340467,0.38492727,-10.133821,-4.2004204,-3.9101982,-8.275398,-2.4647257,-9.260324,265.8096988948787,0.064453125,0
-221.86028,131.75937,-38.11171,43.801464,-10.4859085,-31.502722,-2.8027532,-13.580883,-0.8487258,-20.527653,-18.547138,3.4031262,-13.915323,-11.398144,0.07086766,-6.105362,-12.1057205,-7.072147,-3.2430744,-11.147505,352.7268374727549,0.08831787109375,0
-193.08902,161.87857,-58.776314,65.35177,-52.900085,0.15912962,-1.8766898,-24.478626,26.068281,-21.296598,-0.26826394,1.2052801,-2.449387,3.1046164,-21.258844,-1.5624194,-11.028908,-12.198402,-2.6316426,-6.788159,0.0,0.158538818359375,0
-193.16058,175.52066,-18.449772,36.45447,-34.640167,5.893959,18.972097,-25.735931,-0.52197194,3.4799104,4.3242517,-3.8636122,-8.1451235,-3.2045052,-6.142698,-5.9739175,-5.4936466,-1.5870818,-12.4953,-5.4911284,202.5561107296713,0.09063720703125,1
-200.95856,190.4369,-69.5748,13.441269,-11.087358,-38.060883,-7.1047964,-13.443215,1.2866913,2.305039,-2.7811224,-4.763467,-6.8565655,3.472548,-7.4689927,-6.1324015,-1.320699,-11.880442,-1.565908,-3.1832943,259.95540450796625,0.073974609375,0
-282.16,186.51765,17.922878,10.620424,-26.184263,-14.345335,-12.855579,-33.130455,-12.066538,-5.316207,-4.6742525,-8.167511,-2.05348,-1.7337346,-15.623431,1.5332539,-6.6553936,-19.290028,-0.41757834,-4.873023,280.2407774058896,0.0443115234375,0
-102.70782,159.87914,-102.61056,74.727684,-43.335213,15.339861,-6.2410517,-31.213715,17.000763,-25.80984,2.1611044,-5.2386293,-5.762583,4.9550257,-17.18749,-9.647676,-7.2153616,-10.684403,-11.569044,-11.374832,0.0,0.162506103515625,1
-232.2296,124.0762,-0.43173718,53.77585,-14.854755,-18.303665,-1.5749915,-16.264898,3.578722,-16.723776,-13.96908,2.0397358,-13.719561,-8.384867,-3.3032565,-11.727398,-13.228571,-5.4538784,-6.7629967,-8.815945,363.943105969879,0.078521728515625,0
-137.52112,171.9264,-73.319595,49.01388,-0.2746296,42.728172,6.52315,-34.777428,-0.44701707,-20.194324,15.497644,6.105008,-12.931218,-5.003459,-13.864243,-4.313991,-9.043076,-8.036913,-9.346821,-8.177551,68.46353740424738,0.095733642578125,0
-263.9809,103.99196,-3.6756546,57.521618,7.8503556,3.2154531,4.928054,-18.719645,6.5838842,-6.9855576,-19.007107,-8.7559,-3.4938068,-4.019412,-21.415432,-12.665588,-9.167049,-17.862381,-7.8964186,-9.678143,289.8509034420733,0.031494140625,0
-230.3025,184.35306,-39.639458,71.03841,-2.8049588,15.996424,-9.940617,-20.37622,21.626677,-20.933716,1.0038283,-4.4120727,-13.071814,6.201012,-14.666147,-6.0761676,-0.53368676,-6.0555067,-3.8570142,0.6785922,0.0,0.048431396484375,1
-347.67517,111.4314,6.827509,51.10003,-14.132537,-11.936166,13.163209,-5.795247,-5.339594,-7.945294,-0.9167461,-10.706306,-9.822048,3.7125661,-15.072035,-9.483827,6.1466365,-4.009372,-4.5599422,-1.3964623,134.30811195646874,0.105743408203125,1
-295.70712,144.32556,6.967061,27.971066,-8.938407,-21.443367,-12.1203165,-16.408524,6.6534195,-3.4188404,-20.699167,-5.439068,-4.03872,-14.205684,-7.69566,-4.4169726,-8.005795,2.3762527,-0.7591698,-5.501294,288.63180643813,0.049468994140625,0
-219.64345,229.37439,-43.040188,11.725568,-24.919857,-13.93675,-4.604241,-31.595905,11.458361,8.860674,-5.6748285,-13.183908,-13.686501,7.6878357,-12.086437,-15.092156,-10.360784,-17.313065,0.96758556,-6.627364,0.0,0.059417724609375,1
-218.36954,127.230576,-47.269836,93.68822,4.891193,-22.31586,24.667723,-5.153551,-5.6481466,-15.750344,-8.379795,-5.500408,-20.092575,-7.7959948,-9.040794,-6.9851966,-3.268176,-11.508337,-4.5511255,-0.27907115,223.82157884130896,0.070465087890625,1
-266.98755,132.22179,19.36632,73.85501,-61.22411,-18.041073,6.322747,-38.12735,-3.6693282,-16.071867,-15.814352,-18.835623,-13.41981,5.7423635,-16.651415,-10.3183975,-2.387464,-14.619528,-11.842724,-11.0512085,319.4461399566034,0.089324951171875,0
-272.64923,131.20477,-67.02703,70.85435,-13.268551,-10.073267,17.331615,-16.58398,14.642128,-7.2211504,-3.0324423,1.1409897,-19.576408,-0.7501197,-15.288211,-18.448507,-2.8232305,-11.9664955,-5.888298,2.7859426,154.71221104943922,0.135650634765625,1
-192.77841,173.20093,-32.9346,34.84224,-10.251722,-2.4460764,-10.719002,-31.41569,-7.181885,-15.952341,7.3603983,8.259106,-0.5757481,3.0592825,-12.714123,-3.2809048,-6.0035267,-6.103626,0.5843717,-14.934654,302.4348318484021,0.05047607421875,0
-234.31815,151.36328,-2.3096638,63.09548,-17.894245,-5.669158,-1.6118218,-23.19659,-0.45177436,-31.589108,-13.886447,-9.745325,-20.300125,-1.5969043,-17.545212,-7.227506,-8.357046,-20.835743,-4.3392324,-10.828253,163.1520582022368,0.064239501953125,1
-210.01428,170.828,-56.665066,34.366768,-28.675396,-19.291092,4.563662,-35.07953,2.9482462,1.4164099,-4.4936275,-0.8845497,-16.958221,0.40005773,-5.056863,-14.062828,-0.028478086,-6.2098465,-7.7422323,1.6524647,161.05910924566425,0.0731201171875,1
-243.5657,150.84894,-8.862511,39.779873,-44.11027,-24.253366,-9.526163,-29.14227,7.225715,-14.928358,-15.558354,-3.4200058,-13.645793,-11.136547,-3.2030268,7.188171,-6.487426,-1.2160064,6.0004663,-7.403845,292.90688496486456,0.0606689453125,0
-280.62292,165.84439,-1.5263753,39.746265,0.5151073,-2.1599946,-5.080449,-35.482533,-4.1577616,-3.7751389,-16.629179,-12.656877,-14.875235,-2.5888133,-7.2600603,-13.520429,0.13793314,-2.9958005,-5.953536,-2.9615862,162.47856942799112,0.031524658203125,1
-232.3158,136.56522,-42.990253,30.18446,-40.330105,-26.885406,1.4649373,-22.33271,5.703806,-8.832285,-13.513331,-7.3671446,-10.340212,-3.93388,-16.133831,-4.885986,-3.5400221,-14.92293,-1.1410713,3.6716275,379.7933887160089,0.095123291015625,0
-333.77042,138.70953,11.35527,29.028465,14.799355,16.549112,-4.5529118,-38.59872,-19.156033,-17.062271,-7.23901,-9.772298,-32.31701,-3.7586417,0.46556735,-7.4751925,8.929735,-9.407581,-11.017978,-3.0474691,168.52076207925208,0.045623779296875,1
-291.8573,186.84204,-4.0715456,22.823734,-20.126263,-34.94408,-3.492321,-25.603535,-16.716995,-4.6924934,-12.056885,-1.1113822,-6.8968477,-8.944111,-0.99210596,-12.012445,-8.246361,-0.4726811,-7.5388293,-2.5895677,236.7548618210305,0.057586669921875,0
-199.2916,154.79126,-27.03276,71.13578,-27.398579,-1.2599814,-23.139057,-33.36368,12.8113365,-36.359016,-8.375164,-5.980222,-16.786953,4.361113,-19.802624,-5.8025055,-6.9222803,-23.07101,-7.448837,-9.132332,146.37642845027827,0.05145263671875,1
-224.77652,163.54227,-67.36524,14.381808,-16.939709,-25.192936,-16.230947,-21.027615,-4.80419,-27.322554,-12.799423,-5.4909945,-20.505287,-13.384453,-21.513725,-10.05942,-0.28899193,-13.877939,-5.630058,-2.4894462,243.51306277930425,0.0548095703125,0
-275.93817,157.57953,-51.433952,35.896492,-5.9046054,-33.569164,-11.552199,-7.3022804,-7.74224,-23.355652,-6.980239,-2.8554971,-7.1731386,-5.863285,-11.767864,-3.4357672,-10.599083,-14.70083,-3.2999258,-7.377413,291.4938364994565,0.098907470703125,0
-202.14142,162.1849,-62.925488,40.014053,-27.98193,-57.942207,0.19201338,-12.163336,-19.35308,-17.136547,-7.386698,-10.074219,-5.776928,-0.91767395,-29.041649,-12.410244,5.529487,-7.412176,-5.005604,-10.737049,316.3757433844067,0.071533203125,0
-188.21541,204.6481,-49.812035,52.615585,-3.8508084,-4.171816,19.656494,-4.656395,9.138831,4.527229,10.575211,2.5961957,0.11585963,8.06059,0.94695556,3.5399966,-1.886519,4.2898464,6.769047,2.5888126,0.0,0.051239013671875,1
-235.51993,155.23608,-33.661217,66.32674,-43.293358,-36.178528,-2.757342,-14.984414,-14.544644,-25.76867,10.822704,-7.5476646,-12.177356,7.252575,-15.901676,-14.878128,-4.0446296,4.2035666,-6.2514453,-12.757592,312.9680505286051,0.097320556640625,0
-199.53442,144.15012,-52.68252,42.502213,-15.442984,-17.480213,1.1696297,-14.652079,19.314104,-19.128021,-28.982574,7.980712,-6.3918457,-18.67131,-11.99773,-2.8830194,-12.100504,-14.835724,-1.4423718,-3.4280884,321.5738162908602,0.039093017578125,0
-298.2431,119.18212,8.948117,86.78523,9.513879,-17.038214,-4.490058,-21.933249,-6.30717,-24.712032,-13.7041645,1.7283868,-17.444342,-2.305875,4.2333775,-0.96300936,-3.5740652,-11.498737,-5.07697,-3.654993,222.6194178542178,0.078460693359375,1
-224.95576,161.43954,1.1592588,44.8918,-8.416557,-20.48035,-10.380039,-27.22642,-10.292357,-14.423813,-10.050325,-9.419428,-16.012026,-1.8514515,-5.4369445,-3.4984078,-1.8614635,-7.2142944,-1.8698158,-9.527248,237.06509991916235,0.035491943359375,1
-250.87778,125.18776,-23.59327,61.42778,-8.01881,-42.611282,-9.763239,-23.26351,-15.283732,-27.351767,-30.262917,-17.164103,-23.570759,-14.56079,-13.8174095,-10.149201,-2.2135832,-13.887961,-7.359786,1.3701973,191.60183501455043,0.093719482421875,1
-274.19904,206.04736,7.5364327,12.629753,-64.96518,-2.0216331,26.106716,-25.045406,1.1075253,-11.59135,-5.054306,5.9684544,-5.577407,4.0109725,-13.33309,-11.829834,-8.696833,-13.805286,-3.1513162,-12.682989,127.800848350698,0.05194091796875,1
-204.44803,175.49913,-50.614723,47.30166,-7.208322,3.2492435,-14.325493,-27.999722,13.135334,-17.882475,3.404402,9.115919,-3.886872,9.458299,-7.019283,-3.5596464,-4.041318,-2.6429577,-0.7636666,-13.277634,259.3892523173308,0.04736328125,0
-262.6187,159.19107,-15.957183,48.591377,-14.004947,-5.7592015,10.210459,-56.16809,-20.530394,10.618006,-4.4620357,-9.936291,-18.00943,-1.3302624,-2.6100643,-12.673857,-4.9329867,-13.770479,-11.741189,-1.4618192,194.8093169868764,0.0421142578125,1
-251.6026,115.85512,-9.870604,62.214233,11.557877,0.09516907,-4.13283,-7.4536653,9.92604,-16.341545,-5.111225,-3.745958,-6.5916977,8.933107,-8.233497,-1.6150196,3.7611778,-15.804929,-11.952348,-0.4169382,166.15449779182055,0.02606201171875,1
-266.09406,169.23126,-5.008543,30.946836,-53.110996,-38.703613,25.624353,-15.589985,-21.487492,-20.659367,-2.7272153,13.778021,-16.88739,6.6085787,6.230842,-26.20077,2.7136667,-6.8531585,-24.91413,5.8735566,0.0,0.071685791015625,1
-180.76067,166.92842,-59.288883,67.35903,-3.2070441,-8.968081,26.092682,-12.523115,7.049825,-4.8497066,-3.3768067,-1.370362,-18.277111,4.734194,-5.0804176,-5.3150606,3.1764317,-10.800076,6.143399,3.496573,179.2868023618201,0.05706787109375,1
-218.52505,170.71475,-15.006603,63.913002,10.926034,-14.786434,-4.560501,-15.825319,15.768421,-5.5322328,-16.527756,-5.2410135,-11.654648,7.9458346,-6.3051486,-17.199795,-0.3897004,-10.744816,-3.3350606,4.2652206,151.50191995443748,0.031158447265625,1
-254.33395,155.37671,-5.5708933,21.679981,-30.439829,-13.424564,5.2717457,-27.42129,9.305043,14.947695,8.877891,18.72433,4.0872183,8.118665,-3.8001304,-12.512182,3.170088,-1.0833957,3.8616781,1.0338452,144.79724345049348,0.077301025390625,1
-199.36008,157.06557,-20.115501,78.60372,-58.960785,-34.199253,12.267744,-34.534805,-4.437228,-19.537527,-11.131282,5.466787,-9.5922785,-1.2117243,-6.9546223,-5.976527,-9.365223,-11.156496,7.0030565,-6.8978257,166.17575334124385,0.067779541015625,1
-208.1811,199.26385,-52.30668,66.37416,-9.754124,-3.087843,-1.9628828,-32.313824,9.60939,2.196343,10.640042,-3.5397472,-8.448454,11.8132105,-0.5701311,7.322929,1.2253511,1.5686729,5.900286,-10.018045,112.70981923395696,0.050872802734375,1
-272.5072,184.71753,-3.2933326,46.52155,-16.330898,-3.8716624,5.0884833,-19.035324,-0.44803166,-14.171872,1.8778203,5.299411,-8.499512,1.2415447,-4.688713,-2.4577887,-5.550184,-6.81378,-3.4212964,-9.148631,141.8920432882533,0.064422607421875,1
-273.82837,142.29626,-0.8023505,54.37725,-4.063078,-41.66909,-20.813423,-25.016804,-24.613052,-26.776949,-20.739454,-12.13483,-3.2789369,-11.955235,-23.690166,-3.1524315,-3.3077087,-13.5112915,-5.5806465,-10.467407,265.43438961834994,0.045562744140625,0
-250.2351,126.578415,2.0789275,63.941048,-1.2329514,-0.85125864,17.626492,-19.295183,-3.4471793,-4.6057067,-13.164631,-6.9116974,-6.8173847,-7.5997257,-13.873352,-6.741768,-11.085648,-14.523109,-5.309326,-14.619997,358.19652878982805,0.04656982421875,0
-214.30948,197.58894,-33.028076,51.54076,-11.387088,-9.703932,6.1163707,-32.928474,6.0906277,6.8742085,-3.3362694,-6.14114,-11.931837,13.470674,5.5433483,-4.4045005,-0.2035814,-3.164928,1.1892482,-6.668671,155.62715139641335,0.0601806640625,1
-127.47344,204.53436,-42.30161,66.19728,-4.7098913,-10.865025,15.974757,-15.151329,9.823031,-7.6514316,-8.6777935,5.0199904,-5.2924843,5.8684864,5.1595,-0.63872886,-7.011439,-0.18927683,4.137038,-11.115705,68.11109230450657,0.04852294921875,1
-228.5425,150.23366,-19.141518,51.98784,4.222173,-1.4041836,2.1804554,-24.145363,4.133955,1.797927,4.210878,1.6586597,-10.299122,1.3494239,-8.873357,2.6399302,9.862478,-11.571514,-2.8026454,-3.6992865,167.2897238301538,0.030731201171875,1
-209.9354,168.39107,-66.155426,55.497295,-19.637438,5.420611,-4.859907,-25.456245,18.308779,-10.020944,8.977351,-8.122379,-15.380756,12.235413,-13.383892,-6.6938925,-3.538217,-8.46619,-1.8166518,-4.5728645,149.6483370126999,0.064788818359375,1
-224.78862,185.66626,-20.080082,27.829748,10.663546,-0.54663265,-2.9934332,-17.307652,7.104995,-2.5973763,-7.8051634,2.788467,-3.4345925,-1.9486271,-5.140027,-2.2347898,1.1675396,-8.2170925,-6.527556,-3.7327614,301.4653282485403,0.050323486328125,0
-255.7383,154.36244,-45.371746,-40.254986,-17.83352,-18.527527,-9.246717,-20.33028,-25.967323,-16.72703,-3.0221887,-8.558193,-29.895355,-24.507565,-18.593248,-19.703148,-6.0004034,-7.2357283,-8.939533,-2.9632368,305.8193122761653,0.075714111328125,0
-239.17224,102.951126,-24.727814,73.77776,-31.763193,-38.52322,-26.370071,-28.092758,7.5146713,-25.269575,-3.4606233,1.8790172,-18.426086,-6.1352663,-18.603827,-1.8083179,9.56887,11.530206,25.167189,16.176231,468.4128292571187,0.083465576171875,0
-209.45232,182.8188,-38.18663,48.725067,-9.488947,6.6910696,3.2312884,-43.883324,-8.126181,-13.884316,-9.396189,-6.7530985,-12.238173,4.715495,-6.3462505,-1.1015015,4.644714,-4.2762003,-3.5738406,-6.2216163,263.20741475405725,0.054534912109375,1
-249.7305,163.86185,9.581501,56.923607,6.2341943,-16.903473,-6.2994094,-30.920116,-15.732883,-13.426615,-13.666615,-0.5077292,-10.387124,-4.5502954,2.3109958,-4.619628,-3.5242138,-4.9655476,-5.0520496,-2.9928865,183.91191097069648,0.041015625,1
-227.2889,114.34723,-0.28162432,99.749405,-40.800182,-8.675773,5.1339645,-9.743788,23.22545,-10.798089,1.1583014,3.9870512,3.370966,2.356238,-5.3967214,5.5523815,-6.0716696,1.580061,0.89460814,-4.8943644,396.8513441449476,0.1756591796875,0
-269.9578,174.2771,4.1622977,60.48403,-19.391846,-38.56346,-10.393522,-17.973042,7.3093634,-13.419485,-16.940903,8.602579,-13.5545,-22.306309,-7.0960565,-9.504303,-17.570776,-8.553086,0.0028613806,-5.335081,133.19758562545766,0.040435791015625,0
-220.94562,194.75159,-45.288853,61.662727,11.6144705,-21.206263,1.7983801,-26.728134,-3.757423,-12.015146,-14.7243805,14.82224,-8.083164,-9.935383,3.2039924,-5.8305025,-5.500717,-6.615942,-3.5318213,-4.480952,173.39565251178868,0.046539306640625,1
-217.28223,159.34828,-25.614532,75.66651,-11.463192,-12.805268,4.501154,-28.05352,12.44441,-2.6264162,-5.2874064,7.7362366,-1.2090118,14.364695,-3.1185665,-0.3485706,19.325373,-3.0642345,-2.0729675,1.9570457,180.786068645274,0.03704833984375,1
-273.88474,142.41179,-9.444773,78.62585,15.090273,4.1899457,19.617203,-20.803886,-4.3953295,-4.9352703,-6.3812733,1.3782196,-9.97563,0.5030929,4.16764,-1.074101,3.1960716,-0.9771168,-6.2808723,-3.3050983,131.9737900550931,0.0401611328125,1
-291.66443,156.7026,8.331091,22.860989,-20.121798,-0.955733,15.851019,-7.360262,-7.344615,-20.75445,-12.304701,-7.550155,-9.384367,2.0336442,-7.5740213,-10.2707405,-2.8727102,-0.5511085,0.33881617,2.3521395,182.11796512746005,0.03375244140625,1
-183.05957,168.48102,-75.50099,22.475447,-21.717686,-23.744816,-4.5449643,-17.46799,7.6596346,-18.89904,-7.560215,2.1717234,-30.549364,-10.560659,-2.5612235,-17.84502,-3.7674289,8.833397,-1.0827465,-7.6350365,258.12812152339984,0.088531494140625,0
-352.5216,143.43124,55.509857,39.17827,15.916608,-5.747265,-15.553285,-16.706879,10.0668545,20.563845,-7.6618915,-15.694284,8.052921,10.621718,-6.6550827,-4.3606987,-0.8772464,-5.9866066,-0.7478184,-4.275162,0.0,0.045166015625,1
-237.47025,119.44228,-18.941565,45.316467,-48.635506,-31.336348,-1.6418751,-46.44487,-14.804166,-8.8439045,-17.105896,-10.929334,-10.587229,-5.9890676,-7.955024,-1.0709779,-0.6891619,1.1384988,4.3970337,-2.9765358,273.592403947379,0.069061279296875,0
-245.98732,144.50099,-5.604439,41.265038,-1.6356099,-0.57323563,5.347699,-23.0504,-3.3913326,-12.479023,-10.797817,-0.08181897,-15.443275,-8.071318,-8.743787,-8.773266,-3.0734472,-8.540171,-1.8307071,-5.3720236,227.0468858893012,0.03582763671875,1
-216.37527,169.86713,-53.109695,64.645065,-14.405938,-2.7192883,-19.131931,-34.443626,21.959923,-2.876377,-3.3526306,-15.649225,-11.959953,11.46763,-8.204594,-8.885909,-8.836788,-13.223486,-23.921396,-21.97908,145.00486584155863,0.057373046875,1
-224.26443,182.68488,-5.431139,55.099678,-16.605827,-8.26058,2.1832175,-19.47939,-0.56478286,-13.5900135,10.426742,4.039138,-9.1129,10.250288,-9.874797,-3.2056806,0.29160023,-11.148612,-2.6134353,-5.649841,157.96349657996825,0.04730224609375,1
-205.54198,127.622925,-31.821583,71.88362,-32.42578,-25.077812,-1.9547998,-21.132133,11.347086,-4.7843513,3.4282632,-5.0294123,-8.256242,1.6436907,-16.972012,0.96747565,-6.98964,-12.140386,-3.3100104,-16.950241,358.323459944616,0.07147216796875,0
-159.66818,193.96834,-42.67147,43.082207,-20.7884,-14.194483,24.191505,-16.628246,6.3635416,1.3915074,-15.13585,0.37195182,-2.007402,-7.0930176,-6.5144587,1.1751752,-2.9148712,-6.0222616,-2.2855787,-10.198838,133.88030071933227,0.042572021484375,1
-153.53246,135.40521,-52.44106,84.81616,-26.705513,-10.657221,-1.1987861,-20.201172,-0.42870182,-29.265247,9.022194,1.5123442,-7.649954,5.7947645,-14.023161,4.416692,2.347446,2.4829316,17.160221,0.6528988,387.8406525158334,0.1395263671875,0
-238.03821,128.77957,-32.57982,64.62923,12.831987,-7.46968,-22.287094,-23.040844,-5.591439,-32.192123,-12.235716,-12.045307,-17.9034,4.3285956,-8.345159,-5.077556,9.284174,-4.268828,-1.9091793,1.4409049,196.29373385417324,0.064910888671875,1
-213.56024,110.2844,-39.882812,77.504005,-42.79245,-23.631178,7.9846363,-19.701754,3.5702736,-19.501755,-12.04299,-9.528124,-11.891769,-0.95189625,-8.173962,-5.5600653,-10.759832,-4.3522534,-0.98022485,-11.749445,356.4693595989082,0.130035400390625,0
-189.44797,146.93365,-63.16327,57.50597,-14.007948,-5.64872,6.628483,-21.904474,13.859319,-22.87677,-13.751127,0.1322949,-18.87399,4.2689295,-17.24504,-17.366844,1.430361,-14.250558,-6.941469,-7.56897,181.5011876842437,0.0621337890625,1
-389.723,111.72172,5.3836775,45.922688,-16.19351,-22.058651,5.9443436,-9.8976145,-19.300793,-17.150703,6.8866735,-4.481233,-13.570711,8.095892,-7.336773,-9.270434,9.564135,-2.3221934,-12.530142,0.41753632,139.80665474498625,0.105804443359375,1
-233.64401,170.3034,-16.430014,-10.527645,-5.1532593,-4.9298086,-4.3111095,-18.936567,-7.9561176,-8.330884,-15.859423,-10.850349,-17.23714,-21.723112,-18.72195,-12.553635,-6.30606,-6.968795,-8.22101,-10.109377,314.9755520447897,0.03167724609375,0
-233.15869,179.5893,-51.71512,36.224487,0.5501484,-50.627724,-17.88641,-5.018477,-3.2412586,-4.1142335,-5.6006794,-5.7385664,0.8843741,-10.391115,-16.301205,-0.8124692,-12.557789,-15.03145,-5.0211773,-11.892447,287.451744083144,0.060882568359375,0
-239.57935,123.99652,20.616125,74.664024,-8.045403,10.184732,-6.7565613,-25.18639,0.51381433,-19.400621,3.5825288,3.0283453,-21.15939,-6.60964,-0.050164104,-16.107706,-12.920433,-5.205862,-18.473804,-11.784551,343.49955194942487,0.071014404296875,0
-192.46933,162.65448,-53.469902,43.718994,-37.04614,-15.153706,-0.58483744,-16.353676,19.205215,-15.9017515,-17.658915,-18.778217,-11.392865,5.290654,-18.46039,-8.544649,-8.34469,-4.4041967,5.5051203,-8.275276,309.18626649872414,0.05328369140625,0
-212.63927,194.08357,-10.364445,62.98787,4.967823,8.0913315,20.618927,-26.83831,4.8625765,6.07765,-2.2816703,2.8764904,-8.546384,7.813903,1.5974336,-5.9182467,0.54473376,-9.334054,-1.9039232,0.43506214,0.0,0.0245361328125,1
-241.15695,136.35165,-21.938255,36.99003,-31.494287,-29.765728,-4.751383,-12.722332,-7.195756,-19.877623,-15.845732,-15.679571,-6.8044367,-9.11275,-16.20398,-6.513604,-16.754938,-11.196671,-5.168811,-3.5901232,367.011422658975,0.053497314453125,0
-189.55566,128.11726,-70.59706,42.465736,-24.348625,-4.783475,0.8103496,-31.131763,15.008589,-10.820336,-18.856659,-7.833663,-6.7703714,1.385699,-17.967823,-9.7447,-3.1779764,3.2210555,13.631819,1.8352685,404.911541399022,0.09332275390625,0
-262.1114,145.84811,-24.610262,51.481544,-4.6229014,3.1083772,-2.586061,-35.170425,-6.2243366,-14.818123,-2.5720508,-15.628192,-18.963987,18.475773,-17.067907,-20.98004,4.7876673,-17.78975,-19.02953,-17.323868,143.0015949836711,0.077484130859375,1
-221.47806,176.67213,-12.686003,55.358013,-1.9366677,-7.9099703,5.698999,-27.710323,-4.789606,3.230722,-4.997571,-12.572102,-9.568245,5.756153,0.4519323,-1.6988401,-3.4904537,-1.6094995,4.468439,-4.4970775,163.54655766408112,0.042724609375,1
-277.42874,144.8343,9.893317,52.260952,8.783948,3.755603,-10.197762,-33.18415,-6.7324038,-0.90863955,2.2278357,-15.545919,-6.257306,16.27935,-9.375084,-1.9569564,7.7360187,-5.054887,-7.034834,-10.595876,152.01662034835616,0.026336669921875,1
-263.30835,108.47456,-18.74969,43.303143,-19.750391,-27.803833,-7.065974,-12.623222,6.97523,-23.63512,-16.49842,4.0179377,-24.15376,-19.774971,-11.003345,-12.171919,-3.4936547,1.8810188,6.5687084,7.1734633,418.4091311895791,0.114837646484375,0
-234.8806,160.78888,-62.23725,11.851036,-6.138625,-30.723137,-1.8556678,-4.67756,-3.7913246,-13.480331,-12.625993,3.9979281,-1.9645905,-10.980469,-6.7154207,-8.483845,-14.843334,-7.050041,-2.3379383,-0.35362053,374.84178212404976,0.069610595703125,0
-254.03851,151.1843,-13.220708,76.17099,-10.195845,-34.265823,7.248838,-26.089506,-16.972828,-1.6677539,-8.340309,-10.305792,-0.03394349,-0.50495464,-16.718369,-10.321322,-14.457879,-15.314925,-2.8585367,-7.49788,279.64115798158684,0.048095703125,0
-204.99173,107.24353,-62.71934,57.990826,-4.621976,10.017353,7.1383924,-28.118341,8.041836,-1.0808127,6.8257084,4.318509,-3.534399,12.374252,5.7493997,2.3497357,1.8497584,-0.14519009,-5.7014484,-2.988967,146.62340335206372,0.170135498046875,1
-243.15738,153.99046,-21.747627,60.37355,13.251856,-16.738491,4.5520487,-14.047456,-2.3634014,-5.4999704,-0.18727803,5.497203,-11.806453,0.4907822,-2.348179,-4.5102687,9.517328,-3.1783314,-5.4331756,-5.3495374,168.71981104654188,0.02642822265625,1
-245.62741,137.88358,-30.94716,31.127922,-25.327032,-10.664297,2.3965485,-7.8419533,9.377403,-7.565201,5.5614696,1.2004913,1.5640504,12.869132,0.39694774,6.4313045,-9.226969,-9.136486,2.6511784,-8.404163,314.51813282777965,0.066009521484375,0
-202.9805,151.95114,-91.34076,42.455147,-20.721186,-50.44023,-5.3403854,-26.240864,-19.863682,-21.718283,-8.080311,-5.344407,-13.038881,-1.4922929,-22.569016,-16.069563,-4.7634277,-17.286327,-4.9020343,-9.972445,273.9132052234001,0.07196044921875,0
-259.80298,121.525856,-34.445614,73.451614,-11.063562,-38.28818,-12.340858,-20.785912,6.1265607,-18.165274,-3.8626618,11.298518,-18.551043,-5.4496617,-10.917715,-8.219574,1.3302842,-13.529985,-3.1374612,-8.872656,302.92878115668066,0.058929443359375,0
-195.58986,204.92888,-10.213097,24.801086,-8.424015,0.06744045,13.022703,-15.861159,4.1387987,-5.2616687,-12.504276,-2.2143283,-12.050536,-7.305828,-8.419534,-6.627764,-1.3920748,-9.125139,-6.2905087,-5.413678,145.2912945984016,0.02838134765625,1
-206.64438,201.59366,-22.98226,6.8901052,-39.7533,-16.156708,7.511546,-30.379108,-5.260275,-6.7776184,-9.007976,1.5328469,-14.463987,-6.6239214,-7.76264,-9.685106,-6.09484,-14.002144,-2.154252,-1.8484437,261.9309217840009,0.056549072265625,0
-152.28833,205.61151,-34.341873,49.377804,-11.188078,-10.437163,15.673726,-14.822197,12.633863,1.0688313,-5.8701324,6.2328467,-0.68186986,7.988023,1.2606392,-3.2555375,-2.5890307,-0.51199794,5.17408,-6.1726036,90.23146478450764,0.0440673828125,1
-302.1612,126.215454,15.355005,56.536713,21.036926,-15.710127,0.7389996,-2.1471229,-2.697207,-1.0414991,1.4676389,3.4452348,-0.5157671,1.4205936,-1.8569725,-0.8280215,2.9104729,-6.7828326,-9.475615,-4.764727,167.12267589073605,0.01568603515625,1
-222.80939,147.82718,-16.307642,64.45948,3.042429,-0.94332564,9.359405,-32.797813,-13.273156,5.3566737,1.3881321,-12.197543,-3.9627461,1.9980841,-9.07242,0.9630671,-2.852678,-7.275443,-4.277252,-7.3395405,139.81330219383017,0.084869384765625,1
-235.62662,179.08888,-20.238426,70.905,-2.6640239,-22.390583,-1.9138147,-15.880646,-0.85672486,-14.704722,-2.061989,-2.1771245,-6.0849037,13.684049,-4.351262,-6.0226417,1.3241198,-6.2537227,-4.8988924,-8.293345,187.87978487571883,0.043792724609375,1
-244.46294,160.63333,-32.356346,84.650764,8.209903,-19.30635,2.7221293,-26.692863,6.757492,-15.246277,-25.357647,5.2572103,-11.707453,-3.6274457,-1.4537141,-12.578137,-0.78393686,-9.081924,-7.1184096,6.249057,125.648083839802,0.04736328125,1
-273.34082,108.09877,-14.057379,41.906094,21.184832,19.938496,15.904037,-13.468113,6.7727823,14.825085,5.4973826,1.8570149,8.951307,19.400642,2.4968767,-4.2281766,4.439049,-5.670784,-5.4621816,-0.73876864,111.12637318572445,0.042877197265625,1
-205.18872,176.00266,-45.27768,-4.0287914,-26.965136,-10.84616,-16.86067,-39.77175,5.0807014,2.7891045,-0.75544786,-1.5807555,-11.546802,-2.6861036,-11.830631,-2.4145257,-5.568639,-13.8821125,7.446378,-3.7534103,278.0580904728746,0.064849853515625,0
-246.46564,178.21799,-40.875107,1.2775838,-13.460944,-3.743825,-10.953518,-19.25509,10.411514,-27.168505,-17.526222,6.8000617,-20.255926,-12.692568,-13.377242,-10.077007,0.035860673,-10.159431,5.0084257,8.979918,349.4582344474604,0.054901123046875,0
-259.20306,168.97293,-11.909978,66.04548,-5.295205,-10.706315,7.677085,-13.011838,6.1501026,2.4048,-14.445958,-8.792489,24.22026,4.044259,-17.363735,9.163227,-1.8457012,-4.64699,-6.632488,-7.8266907,329.5036175690225,0.050537109375,0
-244.79272,179.35437,-72.05794,50.744164,11.061059,-20.1808,-8.884336,-25.293568,10.360769,-2.2530131,-5.400582,-3.4122245,-13.431269,13.615747,-8.520891,-14.617523,6.2832656,-11.4017105,-2.1477742,-2.7427864,196.59398386126344,0.057037353515625,1
-150.92455,175.54099,-79.99383,48.014038,4.688176,4.9523854,14.736576,-28.168499,-0.50476736,-3.1243985,-3.4637043,-8.452224,-10.217987,13.101736,-7.623286,-13.601904,-4.48206,-6.1852617,4.843911,0.3249715,144.21548931607316,0.04742431640625,1
-247.58028,150.15784,-42.89257,75.655014,-5.6705055,1.6771758,-4.899282,-23.360752,16.978535,-17.983438,-7.418551,-8.153181,-14.056112,6.7640915,-12.814986,-2.246417,4.0278664,-6.577385,0.5237609,1.7018721,142.49582020385716,0.078948974609375,1
-207.8484,115.49147,-45.571503,94.46091,-36.392662,-27.216255,-7.085764,-27.374916,5.0754213,-23.032532,-10.756713,-8.716293,-7.3040304,-0.06852123,-10.867149,0.884637,-8.66687,-3.3387737,-0.7033994,-14.597421,316.0512852876385,0.12615966796875,0
-181.76633,102.40585,-66.55922,53.6122,-29.882767,-20.833416,2.202739,-4.7904882,1.003425,-37.875732,-1.1859481,6.415982,-22.095272,-9.0875435,-5.9206233,-1.493507,2.6942453,-0.6856439,-3.3922997,2.3043666,398.8573569702146,0.204010009765625,0
-271.87323,186.35522,-9.205614,46.30503,-2.7315505,-4.992705,-9.093109,-28.353195,3.22912,5.8704467,-0.007298112,-11.844762,-2.254713,7.6109734,-12.257574,-10.595629,-2.6461697,-3.5526066,-6.9359994,-6.1688104,144.15066630862967,0.032135009765625,1
-204.95511,150.98936,-12.042486,62.24563,-22.47592,-11.371287,5.016177,-32.526554,-2.4625347,-13.363015,-14.1240635,-12.5004225,-16.209051,4.072244,0.17951655,1.2121575,-14.165866,-24.626652,-12.42789,-18.362839,141.4191911162402,0.0430908203125,1
-241.92366,181.46146,-7.5949707,36.108135,-34.38112,-29.935467,-8.117058,-23.605919,2.0385222,-9.785244,-9.918483,-4.281835,-16.735031,-19.652134,-16.085705,-1.028096,-9.451577,-6.8424273,1.1403704,-13.469564,266.19741123273013,0.04388427734375,0
-274.6042,188.20721,-37.11827,4.5991263,-21.212013,-46.85507,-7.2348685,-12.418476,-12.54718,-11.782505,-19.597166,-18.04757,-23.01884,-9.165781,-3.1804254,-17.539534,-10.150181,-4.4890966,-10.483719,-7.0755196,182.69062275391047,0.051483154296875,1
-228.64821,130.72366,-31.304565,56.16897,-20.20456,-19.570158,-14.33169,-15.585766,19.429417,-13.02532,-3.8331861,0.8620813,-11.135807,-7.0355635,-18.574463,-5.7588596,-8.834859,-17.731945,-9.21402,-7.872698,276.52156410796186,0.132476806640625,0
-239.5054,150.10193,-49.506935,19.48687,-41.656162,-35.35326,-25.479656,-30.578465,-7.57949,-21.551884,-4.602545,-6.8026342,-10.532608,-1.1701963,-7.2281904,-4.30212,-9.125792,0.939799,0.8372862,-6.2455926,285.08687189292726,0.052276611328125,0
-262.2427,105.137024,-13.756967,60.99868,-35.5343,4.141314,5.9090242,-24.824429,20.959053,1.9920627,6.259516,2.6324432,-4.2578626,5.2822227,-8.620617,1.5714033,-5.8985662,-6.2368326,8.111928,-9.244862,293.2964159741966,0.135498046875,0
-230.87366,158.84677,-31.707306,-12.907764,-28.252216,-21.905643,-6.343238,-17.07854,-8.534439,-15.05739,-15.852636,-11.961044,-12.0535965,-11.201871,-20.999884,-15.774283,-7.789348,-5.7359295,-5.2777834,-12.537525,345.85603141585017,0.047607421875,0
-289.97516,146.35117,20.770557,38.596344,-0.49886143,-9.276318,-9.651571,-13.002447,-1.939362,-15.9097185,-7.2286696,-3.9212644,-4.462189,4.770829,-8.937835,-1.9255325,3.8620512,-10.645405,-6.3206444,-3.3713164,196.4529568282919,0.041595458984375,1
-232.34422,207.37358,-48.940216,23.05439,-15.734425,-10.140398,-17.985456,-41.418514,5.6004524,-13.55274,-7.6687994,-8.904612,-21.558163,13.002631,-18.152348,-14.887516,5.748306,-25.087124,-0.5135677,1.7349942,162.11081373024015,0.054290771484375,1
-249.44006,108.642685,-47.873787,55.657875,-15.829719,-60.903683,-7.9206676,-13.301857,-26.959736,-24.433022,-16.19545,-5.7481575,-2.3068752,-22.560724,-25.153461,-6.8836594,-19.134338,-20.952808,-13.327637,-19.638203,370.8539097341242,0.0552978515625,0
-271.6083,157.18315,-33.360783,57.127655,-13.186571,-22.407814,-10.11875,-6.5857053,27.539734,-16.972084,-14.837513,3.0307229,-11.893301,-10.850279,-17.182442,-0.030369788,-1.1251378,-11.556104,2.3448915,-3.6958542,0.0,0.080413818359375,0
-189.5169,130.91376,-26.797903,85.75719,-27.591717,-29.636246,-22.060677,-16.758402,7.3459306,-32.88904,3.3566813,5.4915223,-4.555192,0.042049855,-18.702,5.3096805,-3.7795813,-9.447499,8.153091,1.5024302,484.82969136343127,0.0794677734375,0
-253.42944,139.06955,-39.466537,69.07404,-8.868813,-16.820332,13.547845,-20.20624,2.6389022,-21.755184,-19.105835,4.823519,-24.266071,-6.2373924,-0.19478458,-14.4559765,0.1470866,-5.4096355,-7.960661,-4.272476,186.1741469650192,0.045623779296875,1
-253.93219,204.91592,-47.65769,42.003838,-34.71126,-5.4617567,23.304539,-26.344006,2.5623636,-15.409889,-5.2293763,7.809909,-18.070442,4.361598,-1.294672,-10.329711,0.9268858,-6.138054,-3.3082156,-3.1541176,136.41779562350175,0.040252685546875,1
-280.0153,125.888855,37.687183,91.91261,6.2924914,-24.387342,-10.754475,-11.62893,-4.249302,-27.941467,-5.822342,3.7774143,-18.458778,-3.3529913,-3.442881,-6.3642426,-5.3189273,-12.220155,-2.832197,-8.985268,201.3208827565059,0.023223876953125,1
-264.97308,162.02435,3.2588968,18.050495,6.074037,-12.032684,-7.873728,-14.317642,-5.1028285,-13.538508,-24.144308,-3.7644591,0.9040799,-8.070854,-5.0487037,-6.834326,-10.617396,1.0929328,9.660247,3.3449516,369.743321506813,0.0430908203125,0
-274.6784,155.13664,5.095042,89.366104,-31.277006,-7.833417,11.458587,-30.22246,6.405569,-10.157357,-8.962206,-4.91546,-7.4138365,10.703624,-8.309439,-11.304428,2.338256,-2.5125475,-5.002081,-1.8370572,82.76678108210854,0.087615966796875,1
-305.27167,170.86835,46.909363,18.756924,15.971777,-8.698093,-30.054428,-27.096489,-6.063366,-1.661746,-13.4921665,-10.005653,-3.8045707,-9.710691,-11.218056,-7.5611935,-5.513426,-5.046773,-9.428703,-11.309902,328.35354789895695,0.02777099609375,0
-234.55246,120.27059,-9.594153,66.1744,-23.008461,-46.10896,-19.729975,-22.103134,-4.831503,-22.798203,-12.976142,-5.707738,-13.735702,-5.29656,-13.438358,-11.508587,-10.219454,-6.752289,3.7096684,-2.2775576,368.6469864853116,0.046630859375,0
-244.02092,155.2529,-10.466656,33.014336,-37.700844,-18.587482,-7.5446377,-32.407978,7.450096,-6.8257494,-15.198691,1.2219102,-12.386616,-16.777409,-9.157099,-7.211734,-7.793026,-2.446014,-3.137042,-5.776513,328.09586277167324,0.07861328125,0
-285.76593,155.4869,1.055934,54.18332,14.400837,0.02822113,-11.280891,-39.262466,-12.732187,-14.11748,-17.9273,-14.509851,-12.597472,6.08092,-2.856326,-10.028872,0.4141879,-3.0210152,-2.5718913,-0.845237,146.25433087161895,0.0380859375,1
-242.8464,147.12584,-26.994255,45.56353,-23.295631,-39.75728,-15.60602,-12.827765,9.966626,-9.028141,-4.161695,4.8891325,-6.4873,-5.7691064,0.32196224,2.5261774,-15.36356,-7.397133,-0.2486673,-7.2223825,373.1257335557804,0.054412841796875,0
-251.57431,213.98048,4.478952,21.103148,-8.232215,-25.608562,-9.888662,-26.858662,-17.030111,6.9684505,15.670377,-1.2432886,-8.584154,8.914318,-4.7438974,-14.414965,-2.4254475,-6.584687,-8.174276,-5.6962156,154.54083922252636,0.04302978515625,1
-265.4078,164.65182,-51.759655,13.284276,-31.6044,-26.438917,-5.1104026,-27.41879,-0.86724675,-16.44808,-23.530203,-3.582363,-8.400631,-4.609598,-3.4314415,-4.1954594,-5.689387,-6.226644,-6.1011896,-11.367693,280.0073818447334,0.060516357421875,0
-291.60358,147.32584,8.066561,53.46409,0.85686827,4.4695315,10.210026,-21.025497,9.751097,9.808446,-3.944191,-5.4034944,-2.162186,9.071795,-11.291161,-10.508568,3.927335,-7.05164,-5.3348475,-7.7647324,211.91060806468363,0.0555419921875,1
-270.72778,160.20772,-8.113962,57.46399,17.141,-3.1016304,-11.489518,-36.23758,-4.8239956,-7.02713,-22.107744,-14.656889,-10.833113,0.11620486,-3.631789,-12.203773,2.5618362,0.025467634,-9.238145,1.5311253,171.8569530736289,0.03826904296875,1
-164.06386,200.51074,-44.530933,51.446003,-19.053795,-10.188471,15.830464,-23.723675,16.69289,-0.44382328,-20.296234,2.7234406,-3.3342922,-7.8161273,-10.10981,-0.71167177,-0.34600416,-10.246012,-3.9226525,-5.188283,113.93324784700552,0.04608154296875,1
-203.34648,152.97795,-35.346886,54.841755,-14.780177,-6.1001406,-3.131104,-25.065674,6.5493975,-22.62479,-1.2177434,14.470068,-5.9165487,5.689865,-4.8194,1.5166668,4.469474,-3.7361517,1.5840732,-10.317016,275.9576994173468,0.061981201171875,0
-265.70892,144.40015,18.71445,81.09714,-22.920502,-46.065304,5.9736342,-17.674606,-17.407299,-4.2947087,-11.820845,-8.273036,1.6139226,-10.835382,-10.088135,-3.1368952,-11.798568,-0.5617087,-6.0173955,-10.017464,269.83605542002874,0.04705810546875,0
-257.3318,166.74992,-3.280695,40.64396,6.8743186,-17.741203,-6.7674685,-27.205917,-13.577876,-9.565834,-11.068759,-1.2848859,-11.431202,-0.34829283,4.5656056,-12.065157,-3.7824452,-1.0770687,-10.934761,-6.2575045,226.4763002930709,0.039154052734375,1
-255.79967,153.08646,-2.1609225,44.7006,-4.2349353,-6.529237,-14.098531,-18.922241,-2.3432605,-16.906368,-6.742544,-10.629015,-9.289638,-5.0363774,-9.560071,-3.4931045,-14.211834,-9.169079,-4.4481883,-11.694995,268.7801268345843,0.080596923828125,0
-208.53639,192.32971,-11.07395,53.85874,-25.583685,5.7299232,20.593372,-11.485506,13.360359,-15.734002,-6.7498713,1.727095,-4.1908636,13.415239,1.8824089,2.2156715,-1.9244554,-4.77802,0.99023074,-6.5762873,122.02521350164166,0.036773681640625,1
-249.4489,131.75554,-27.10595,54.365234,-20.09655,-16.238224,-38.673668,-21.696373,4.925375,-30.94154,-0.9787495,-6.4540944,-10.141193,-9.558715,-21.972733,-6.6229343,-12.934019,-10.316179,-1.1953006,-6.117861,273.1361817661344,0.04931640625,0
-267.38077,146.02213,-38.359066,16.085241,-11.788182,-32.587708,-1.7704058,-9.518406,-8.664985,-2.9190333,-6.341926,-7.5176125,-5.5476317,-6.2725496,-8.17477,-4.2790184,-8.425087,-4.5500107,4.021355,-1.7561467,377.3367339687085,0.074859619140625,0
-288.66724,127.388535,22.896225,33.401005,-1.7008953,-26.588575,-1.9878924,-9.540749,-23.646029,-20.477112,-17.508224,-12.3862705,-9.338934,-8.546283,-8.269123,-11.056926,-10.995381,-5.8586645,-5.344059,-7.2222614,332.7119982179496,0.03594970703125,0
-236.31564,160.42561,-32.29373,66.36423,-10.988715,-14.481236,-2.498126,-23.496073,7.2923903,-2.6909099,3.2392557,1.8514127,-3.9129362,-2.3646452,-16.486645,0.6539066,-3.3791525,-11.083752,3.5714753,-5.3522177,296.203416656523,0.060272216796875,0
-210.38425,163.56381,-40.4348,36.080826,12.199361,1.3767655,-0.13827884,-16.765568,9.372486,-5.4026127,-9.088946,-6.5644155,-16.005465,-1.3392005,-9.2285595,-10.934997,-8.229843,-20.913113,-15.2869625,-11.245222,260.37116032504804,0.03948974609375,1
-241.23236,151.12476,-8.960278,49.86868,1.3670087,-27.511017,-16.903551,-14.751086,8.402674,-17.330925,-24.074099,4.4512215,2.7641504,-3.3041854,-1.7436647,-1.7768148,-13.404636,-11.649452,-0.28385133,-11.936938,281.7871856442399,0.043914794921875,0
-190.85638,177.59927,-52.62598,94.3947,-22.900764,-25.55291,24.235512,-21.21122,13.263285,-2.4764104,-6.5997963,2.2875473,-19.356497,11.969116,13.753308,-7.1391277,-1.8288553,1.0793443,-2.0826998,-9.57696,131.0970786305651,0.076568603515625,1
-232.36444,139.5476,-24.788334,21.610565,-51.46878,-40.019825,-19.331223,-36.535797,5.424749,-12.360328,-14.076477,5.8235474,-9.51099,-0.17217922,-4.6381044,-7.726098,-0.18393344,-6.1582847,0.9782963,-2.6798587,269.97507458377373,0.066680908203125,0
-311.76917,128.525,10.717633,44.98968,5.4139905,-12.44586,-10.8371725,-9.415812,8.958778,-15.890917,-14.453433,-1.7293867,-15.320015,-4.8171053,-4.2446647,-3.3131218,4.486249,-3.2222145,1.9488882,1.5517201,264.7099799834029,0.06646728515625,0
-252.81183,174.60345,-24.774132,-2.8740847,-19.15234,-11.911423,8.736174,-16.982944,-19.444042,-12.097832,-1.2526361,-5.4356422,-12.06389,6.510539,-2.8725128,-12.153269,-3.9664187,-12.5218725,-5.956068,3.272027,323.5356311480877,0.046600341796875,0
-248.11922,174.48415,2.513259,54.2223,-1.2537451,-8.014328,17.561253,-12.574228,4.363917,7.0338116,-18.548985,-0.796932,17.256805,-8.611511,-12.105511,3.7926986,-7.6875772,-0.59566164,-0.7525506,-6.915224,331.20861084488257,0.05560302734375,0
-180.383,131.3624,-45.839046,58.521797,-0.35603702,4.927799,7.1849256,-3.8454642,25.38731,-19.799644,-8.388552,7.5472455,-11.916764,-3.0992117,-7.7904453,3.9481587,5.2735815,-5.3040295,-2.7891908,-3.4204888,301.7820441116736,0.087677001953125,0
-232.97641,126.50763,-40.283966,40.126617,-37.068665,-24.313791,-7.330513,-24.012218,1.0996252,-23.81211,-5.600951,5.8242736,-7.9271984,-4.637538,-19.224222,-5.7342763,-5.310231,-15.050316,-0.49957985,4.6442475,396.03739426271295,0.09149169921875,0
-211.85376,172.86792,-100.77785,-7.9900527,-49.63289,6.2880144,-1.3025963,-34.29715,25.164946,2.4480386,-18.82411,-4.7917647,-1.584915,-9.609125,-6.008127,-1.7081063,-7.601717,-5.5926733,-8.002638,-5.5223646,0.0,0.113525390625,1
-200.03648,179.97104,-19.605389,34.7129,-15.141783,-9.067853,-0.3063463,-33.21688,-1.3313938,-5.0223494,-11.234186,-6.5052395,-12.389569,-0.5372212,-8.276888,-6.812273,-1.520623,-9.457415,-6.0318694,-9.714987,252.6910249977096,0.03533935546875,1
-224.36865,158.7428,-8.4558735,61.21042,-27.261356,10.705139,11.279282,-14.129609,11.641685,-22.247377,-6.1892395,-10.59145,-16.71715,4.6095366,-12.571044,-2.291481,5.570472,-4.3518767,-2.3405063,-0.89308643,152.77499091766455,0.088623046875,1
-337.18176,117.51161,-9.09694,30.295338,2.4570823,-40.16558,-32.52072,-14.163172,-4.557146,-15.246743,-5.6386223,-1.8479092,-16.23256,-12.395281,-15.45682,-17.573132,-12.90236,-11.113301,0.54187155,8.303885,398.430476248872,0.047119140625,0
-217.24579,171.71574,-47.57271,29.275274,-11.023832,-21.551006,-7.4413147,-7.437882,19.794788,1.9970188,-3.639841,-2.3607175,-5.3634977,-10.03813,-16.541615,9.171156,0.8647079,-13.95988,-0.17547372,-5.153101,270.78491082827446,0.0841064453125,0
-270.79913,195.19688,17.409296,15.81995,18.265635,-9.281619,-16.534805,-23.5456,-24.053368,-15.036127,-10.126682,-5.3388276,-0.8868265,-1.0065726,-6.9628587,-7.269434,0.7442001,-2.333958,-7.1725464,0.2560999,176.92480400421982,0.0361328125,1
-206.26297,146.16374,-53.165024,85.494705,-21.45175,-7.806598,10.724547,-36.784927,9.9991455,-27.17915,-22.608335,8.489333,-19.86443,-6.459874,-9.0885,-11.5178585,-1.4178405,-10.007824,-5.3142734,-7.1099167,168.27773957536368,0.058319091796875,1
-168.70404,119.29272,-47.86203,85.33712,-39.440872,-3.970691,2.6313498,-32.119625,-5.598132,-22.91307,2.2644308,-7.158828,-4.0304203,5.8474283,-10.136625,0.3025697,-6.7819405,-1.9059504,5.04202,0.7611475,383.7177516504195,0.1376953125,0
-266.73495,142.90154,-15.842826,99.93956,-4.8217487,-14.841269,22.392479,-24.254358,-4.0421014,-14.041664,-8.234869,5.9152,-21.193256,1.408167,4.8429317,-9.997915,4.90669,-3.0329237,-4.769965,-0.24284792,149.33635514818948,0.064544677734375,1
-197.22636,145.35245,-61.873726,27.254288,-39.573174,3.0663056,7.835099,-26.22728,0.62418944,-20.340117,-9.020571,-12.3250065,-10.646587,3.9106333,-9.663536,0.33296704,0.23080772,-0.53625,2.1208153,-3.2104285,265.4365318390172,0.102569580078125,0
-276.60373,118.758606,-16.528744,42.07133,-14.423952,-35.64499,-15.968422,-13.843071,3.2083743,-15.943287,-15.734744,-7.760534,-19.612236,-10.429687,-3.1648672,-6.801916,-9.5825815,-4.231392,-2.1168277,-6.177124,414.3696582004835,0.049774169921875,0
-251.21011,154.5293,10.517002,39.395897,-31.692085,-21.544353,4.688795,-30.154264,-0.7117163,-9.496843,-25.95856,1.6080005,-14.696032,-17.545835,-4.609411,-20.081879,-14.219236,-5.6979527,-13.92584,-9.758196,296.6418714809003,0.048553466796875,0
-267.34412,145.93701,-17.667772,75.98157,-9.96394,-3.61443,-3.2755656,-45.981873,-3.7713976,-14.403839,-14.129516,0.39117324,-8.236566,-8.005264,-15.704687,-9.483631,-12.584471,-17.72768,-15.16754,-17.784245,148.67202981681783,0.047607421875,1
-239.56685,145.1661,-80.02906,19.61335,-37.706776,-45.03716,-11.102453,-21.20156,11.7452965,-10.075872,-23.294645,-5.711405,-8.113156,-8.364528,-15.056292,-2.8299713,-2.1699226,-10.108372,0.12922579,-7.59762,273.2023216388306,0.114105224609375,0
-258.62396,160.9347,-14.298241,-13.346016,5.6982117,-4.149963,-16.35391,-9.788567,-2.729048,-7.4126987,2.1484277,-4.7213283,-10.1873255,-3.1126876,-14.83596,-11.973,-7.898705,-17.114885,-11.756056,-6.558701,329.1714782914285,0.034942626953125,0
-205.81644,171.52975,-50.58091,65.58368,-62.769733,-0.8641763,23.649494,-32.45862,-14.241164,-19.514078,17.070457,-2.8620987,-26.96482,-1.2248523,-6.994042,-20.127949,-3.1318731,5.4203987,-13.32968,3.0104256,0.0,0.154632568359375,1
-292.75354,224.1691,16.675467,-2.6029396,-4.8988705,-4.4369545,-6.5750413,-10.711098,0.6628642,5.0662513,10.114538,4.050331,-1.8816285,-2.462551,-11.791105,-11.120825,-4.9793067,-4.777544,-4.2311077,-1.3725126,143.7134432989954,0.040863037109375,1
-230.4952,186.95074,-40.67884,3.6825686,3.185552,-43.041687,-21.699514,-17.861353,-24.446873,-12.884126,-12.757127,-24.49439,-21.589462,-2.2782607,-8.299633,-20.183573,-6.1305165,-6.246645,-13.589612,-7.0982428,160.79366651991344,0.0369873046875,1
-236.21637,216.28278,-1.7600281,12.816074,-7.0231524,-8.597664,-3.7724476,-20.97776,0.078873515,10.46343,9.768075,-4.2710238,-16.12066,3.2832608,-1.1197028,-13.983831,-7.9260225,-6.9665523,-2.5524495,-0.21692899,151.86319942462023,0.04864501953125,1
-291.6419,135.7161,5.4031177,76.69047,3.8886771,10.393625,3.8908806,-30.73188,-12.798483,-9.9921665,-3.6347759,-9.672409,-4.921846,-0.98054385,-1.1698133,1.9447596,-2.797223,-1.0699854,-10.994671,-4.406887,136.8626724911207,0.072662353515625,1
-309.0493,142.77733,7.4773197,27.911016,23.332354,-14.02118,-26.735632,-30.054733,-34.843273,-26.145332,-12.176567,-17.071947,-14.409933,-7.9732866,-13.901835,-11.591261,-10.644373,-7.0825505,-4.867459,-16.198547,285.5473934055313,0.0460205078125,0
-282.56247,140.55156,-18.718353,37.232296,-26.531693,-3.0284343,11.757561,-21.03003,2.4885318,2.6502955,0.22354394,-7.407011,-4.1187305,-2.5674045,-12.0211115,2.0308647,-7.400653,-6.727799,1.4346348,-8.589165,363.742263378554,0.051788330078125,0
-224.7355,154.3179,-45.74596,33.265266,-23.22538,-51.515434,-6.0335393,-14.592459,-11.367314,-11.433105,-11.15412,-7.514379,-7.6004677,-3.506359,-16.265585,-14.735471,-8.607574,-6.7012324,0.37924573,-11.605585,291.15787420425414,0.07171630859375,0
-315.09436,138.16565,31.05774,14.031489,5.0297766,-18.295818,-21.90302,-10.852341,-5.6301074,-13.524514,-10.579147,0.095229626,-4.939996,-9.920383,-9.7592945,-14.520147,-14.055912,-9.9007225,-10.9237385,-12.014157,328.90261670551894,0.029296875,0
-216.88991,143.7405,-66.36015,49.063454,-34.4231,-22.580475,5.390918,-23.414371,5.8808184,-8.853887,-0.7987783,-1.2437751,-18.469452,-7.137884,-14.365316,-6.422454,-8.0969,-16.322218,4.3713517,9.032727,358.62071142920274,0.084930419921875,0
-198.14642,176.1106,-51.08383,66.41223,-21.973948,-3.6319556,3.1987805,-33.664703,18.826702,4.798405,5.1466055,-2.2896,-12.705261,11.068585,-3.13424,3.2760284,6.4240913,-2.0883205,4.2267885,-4.0689697,142.08235183089542,0.027252197265625,1
-223.01888,153.9813,-36.974987,69.13361,-15.175835,-28.326353,-13.261522,-22.827589,-6.151511,-23.48123,6.9727316,10.894146,-0.09796119,3.0815558,-11.8871,0.43352884,-5.5059576,-3.4208012,5.637042,-13.608989,201.6306704985053,0.0780029296875,0
-242.7292,128.68805,-21.826902,43.189102,0.47098702,-48.720863,-3.9899292,-11.176416,-17.118334,-2.4697447,-19.453785,-14.97971,-5.4297876,-16.938671,-10.595045,-4.372182,-10.818193,-7.908304,-8.63961,-9.412363,359.3277903075288,0.043487548828125,0
-226.105,170.13681,-59.633667,33.98456,-31.135338,-7.4109335,12.45196,-34.574715,0.14440393,-17.58795,-10.066555,4.776099,-22.071972,1.0203526,-8.899671,-22.603474,-4.7615833,-14.059583,-11.953289,-6.753126,188.76701991899148,0.048675537109375,1
-218.30971,210.12552,-55.02265,42.419304,7.622069,-4.1618576,19.026995,2.3885126,12.525387,4.1432567,4.7214174,1.664558,3.3463478,11.189561,-2.327757,1.3060222,3.73364,2.7015624,5.810832,3.3587725,0.0,0.0350341796875,1
-217.17285,155.20374,7.503529,76.515656,-39.104763,-17.781078,8.266501,-35.358753,-10.441879,-2.6493592,3.521427,-2.1813564,-4.097238,-5.3279943,-11.5796795,3.1179252,-7.2878237,-9.173994,-1.4608032,-9.376034,248.11640473080905,0.092987060546875,0
-251.8555,144.62466,-35.798027,26.312153,-30.979603,-6.8235683,0.23375785,-21.67089,3.6142905,-13.118434,-0.30978405,-14.704533,-25.787386,3.5898795,-15.732813,-14.7700815,-2.3182292,-4.110347,1.9606247,-10.6087055,338.0287106640748,0.090087890625,0
-284.7683,132.3047,13.749799,59.235054,8.553905,-47.04531,-24.880373,-10.226251,-10.498202,-11.691975,-8.380369,-3.6082711,-2.436438,-9.144913,-9.300043,-4.9200892,-16.504967,-8.388588,4.8997974,1.5375717,388.67697984894977,0.071533203125,0
-237.28815,141.44467,-9.3577175,29.521376,-11.576731,-28.784178,-12.855303,-11.02249,14.187859,-19.712303,-28.880314,9.938169,-16.100399,-26.701656,-7.3987308,-14.202394,-7.7620583,-4.8600707,-14.612392,-7.844679,354.6897705594951,0.078125,0
-182.13196,144.44339,-60.94546,50.28408,-36.639378,-15.947088,-1.9215971,-18.177868,18.935741,-9.461389,-6.898714,-2.0178478,-3.9788408,-6.439797,-11.356981,3.9081235,-12.621649,-7.19902,0.03742206,-12.8965225,373.23741590529903,0.072601318359375,0
-180.80116,168.00897,-13.244858,59.90924,-2.261753,12.286329,15.579496,-13.0052805,10.101144,-3.6687233,6.948923,3.77066,-0.31473076,12.722784,-3.3402424,3.40921,3.7251878,-2.1088147,0.6458095,-5.5511103,88.33067863523337,0.0162353515625,1
-211.84967,191.25406,-36.10945,41.453896,6.90845,-0.5801363,18.096478,-3.4888172,11.761054,7.077877,4.504344,6.069948,7.7468457,13.926542,0.47831672,3.5166252,5.7331424,2.3386555,6.0187902,1.8464041,67.43610562976426,0.02996826171875,1
-257.20837,95.982254,1.8749485,71.26424,-17.709827,-25.129398,7.506536,-15.08037,-7.096079,-10.555056,-1.7405658,0.13400412,-9.742559,-6.797885,-13.006215,-7.5650263,-8.784894,-7.9293137,0.32544398,-8.050629,342.0101805407405,0.1229248046875,0
-247.40427,153.58139,-9.241886,75.51068,-45.91423,-26.200962,-4.61656,-28.549078,18.684526,-17.665543,-17.741837,2.5938413,-6.530754,-5.2680764,-16.544565,3.4965854,-2.972671,-13.016758,5.387565,-8.383377,139.89848916118544,0.114532470703125,0
-213.44832,175.59875,-80.99881,29.50918,-22.846033,-15.611324,-4.3335295,-37.306953,1.840638,2.8755264,-5.919626,-12.313932,-10.081561,2.9609928,-11.837824,-17.992615,-17.211218,-15.121652,-7.677865,-6.164153,177.94681168249642,0.1134033203125,1
-201.32825,195.4101,-25.146942,46.063335,-15.339448,-23.43183,13.955725,-16.312172,5.9384694,6.077926,-5.7236876,7.042891,-2.870946,-0.29835933,-0.6365982,-7.6463985,-1.6743822,-2.325255,-5.4650064,-5.7847223,163.64598309231286,0.04351806640625,1
-213.48454,151.42764,-21.117407,2.2321072,-42.457077,-15.171061,-13.40624,-17.159565,13.542469,-31.91568,-17.712303,4.612053,-24.43304,-15.311523,-17.006027,-21.109545,-6.805447,1.6195378,3.8915486,5.1770988,398.04830940177067,0.041656494140625,0
-271.1857,147.5537,41.84565,46.40981,-14.335728,2.407377,6.857259,-26.475298,-5.2301397,-6.3920326,-10.663309,-0.7776729,-3.602506,-13.588903,-16.719763,-8.189369,-14.915787,-12.398397,-6.193344,-17.057457,365.89325001649297,0.03118896484375,0
-243.60623,153.5445,-11.722775,26.859339,-19.955795,-34.59403,-8.657706,-8.481399,4.4630036,-21.918472,-20.432533,7.101589,-23.699406,-31.30854,-4.4133015,-6.279586,-12.797228,-6.909372,-5.1720495,-7.5450253,347.9876622551171,0.035247802734375,0
-239.08047,177.82898,-22.250353,19.757744,-7.214586,-15.963537,-22.738327,-21.157108,-0.19182014,-18.087624,-13.39921,-14.124256,-17.404274,-15.175675,-17.99025,-1.3031356,-7.3568773,-9.8785,-1.6469314,-10.130363,302.21541317340456,0.0438232421875,0
-144.08633,182.63748,-67.81564,58.082462,-40.2977,-12.708103,27.186777,-28.846272,6.954642,-9.22614,-16.70567,3.030098,-5.0218406,-1.5315207,-5.8181353,1.0262356,-2.3159714,-7.5393515,-0.6208733,-8.17036,172.7152569250192,0.1138916015625,1
-299.42398,120.0213,46.421356,72.49944,-33.357864,-33.652203,8.020997,-21.235184,-12.200724,-6.6215887,-8.22014,-3.2400715,-7.3208694,-7.145789,-6.3956385,-5.4310923,-12.076319,-11.826002,-9.797352,-10.42787,301.8855644442114,0.029205322265625,0
-200.42766,189.57684,-29.558414,25.988384,13.459267,0.2541348,5.111951,-12.4590435,-4.075692,-8.737025,0.6032084,-5.5498333,-18.04964,8.619896,0.10273439,-15.246864,-2.4686682,-1.6070442,-4.697377,-7.6795216,156.64163032660292,0.027374267578125,1
-255.65448,148.41261,-45.075165,20.554928,-52.1029,-18.163174,2.993125,-32.344902,9.596412,-14.349857,-25.465227,-6.0096097,-17.019794,-11.374126,-9.63724,-5.8670034,-5.3299108,-4.245723,-0.62063175,-6.472226,374.0782895190122,0.105621337890625,0
-187.52748,163.15382,-82.45416,7.6574926,-2.7078714,-22.289494,-17.303284,-25.581636,4.943914,-11.392676,-26.737402,-15.540249,-15.183109,-5.539472,-6.0890684,-7.386323,-6.112416,-7.0704465,-6.852044,-11.807376,167.6969106035467,0.11328125,1
-271.51282,167.70901,16.211477,2.9099224,-6.3573356,1.3665721,-14.460976,-23.719183,6.9566817,-7.4545507,-12.0702095,-2.8625994,-18.774612,-8.069158,-13.6870775,-21.204302,2.4391863,-5.413911,-9.6907835,0.5336047,303.6200732377423,0.0291748046875,0
-242.0947,178.68109,-27.68993,40.23972,-6.0157986,-31.642687,-22.150017,-24.150108,2.539939,-27.353123,-27.018085,-4.867198,-15.8989,-0.07879174,-10.984442,-12.389162,8.601848,-12.059615,-5.909629,6.7869167,188.0870169068668,0.04229736328125,1
-181.18402,178.23282,-50.649025,18.91284,-0.9169575,-43.41638,-12.157463,-20.635933,-18.086126,-11.734446,-24.54916,-21.69927,-20.817423,-8.714498,-5.627391,-23.793371,-11.280693,-3.7149997,-18.255096,-9.344585,162.60217500782025,0.037750244140625,1
-258.2527,151.2188,22.599014,65.69038,-8.439802,-1.6740594,14.903907,-13.867427,5.1570854,0.5831628,-2.663433,-3.224379,-4.6503997,-5.359074,-14.737551,-0.55798674,-5.464057,-8.758691,1.88381,-7.648293,335.5102347954713,0.034149169921875,0
-245.54114,133.0469,4.5223184,72.23665,-35.472828,-21.403025,14.0724945,-29.693419,-10.326957,-8.810937,-8.900904,-10.139679,-12.075348,3.28251,-6.7283955,-9.799305,-6.626005,-9.09551,-3.110589,-2.804443,311.6754317246514,0.080963134765625,0
-217.84389,179.9914,-6.4785576,33.20708,-7.6809764,7.1529446,-3.1134624,-24.604076,-6.2925515,-25.838772,-8.3039,-2.0998056,-11.619928,-1.3995285,-11.806222,-4.5929413,2.1687818,-8.598202,-6.3053446,-4.567071,251.78741135014707,0.046966552734375,1
-175.45561,125.37239,-54.07727,45.77513,-6.006165,-0.78855264,12.644699,-14.383203,12.710983,-10.560775,-28.293056,-10.846458,5.126833,-2.087164,-25.276178,-10.678129,-9.468287,-16.452065,-4.8788013,-6.812319,309.4344200089096,0.06146240234375,0
-189.69614,157.49768,-43.360233,64.34498,-22.61948,-39.89775,-5.5218506,-6.9970617,9.394333,-20.805439,-1.828533,6.5026264,-24.28022,-16.454536,-4.170458,-4.4998913,-14.630135,-0.53856397,-2.290176,-18.49728,327.2268008123187,0.043731689453125,0
-177.21648,200.14485,-44.775608,33.316917,7.39925,0.12721777,21.019777,-7.32138,12.675594,7.0832896,-7.176141,1.1438708,-3.1142292,5.743864,2.9771612,-2.1521897,4.5381823,4.197212,7.080817,4.7743187,69.10690850624471,0.04052734375,1
-279.8437,126.351555,1.8270435,103.339905,16.094046,-0.26072192,7.71235,-20.057844,-1.0155702,-26.226252,-15.239586,-4.9397917,-20.803757,-2.1872,-6.10423,-2.9216394,6.2238283,-1.7349678,1.027666,-0.8087106,143.7142076002877,0.058380126953125,1
-203.66147,156.67812,-16.95163,48.9598,-31.742052,-29.118025,-1.0061017,-18.49207,11.624922,-13.022442,-19.262192,-3.1586046,-10.146076,-4.04994,-14.323339,-5.456513,2.8882077,-6.8746414,-0.018825173,-5.603536,332.2710575291911,0.04443359375,0
-197.94658,132.12062,-45.163795,24.817583,-1.3533077,3.8879483,7.3403034,-16.85262,15.241371,-12.62727,-33.659153,0.7111592,5.17021,-10.148811,-20.938143,-12.953256,-8.661705,-12.2507305,-6.1718416,-3.5168853,328.86329577541073,0.040374755859375,0
-223.19072,152.5619,-21.025719,39.89437,-7.4386663,-22.359646,-8.442981,-25.264389,-6.0495462,-7.4382463,-1.2317706,3.5330656,-7.806429,-1.7996545,-6.4637084,-1.3342519,7.3065076,7.3648243,12.422613,-0.51874363,405.44020714906856,0.044189453125,0
-189.98071,170.66534,-55.336967,49.63972,0.47498333,-30.288242,5.3970895,-22.16079,-13.670277,-9.564317,-5.060583,-0.88893306,-18.48731,-3.6421788,-5.7228556,-12.265325,0.46943927,-10.992131,-6.761668,-0.38277084,235.2103474886877,0.047271728515625,1
-218.24918,207.58575,-68.356346,12.115761,-8.08729,-8.289342,-16.221893,-32.592525,17.168564,-3.877143,-8.9542675,-6.3019195,-14.439541,7.4447603,-26.90851,-14.786304,11.312683,-21.964573,3.0185065,7.985072,133.2477114062367,0.066070556640625,1
-208.72926,146.43457,-39.98976,50.035545,-9.44444,-46.746834,6.7972927,-5.971595,-11.696833,-8.767928,-12.427143,-11.364978,-18.124142,-11.929171,-7.2594233,-6.9090805,-7.1415043,-10.279213,-5.184907,-4.2650485,299.6065584461984,0.075103759765625,0
-199.38608,148.04773,-34.528374,50.09262,-21.710512,-13.855188,-6.791684,-8.586806,16.88846,-22.614525,-18.339518,-7.720255,-3.1117487,-0.9757013,-9.052547,4.807984,-6.9921217,-4.792611,1.9985464,-9.219454,277.0439891649533,0.0628662109375,0
-203.57169,167.29987,-65.66004,50.735992,-27.280727,-12.33978,11.376486,-20.71513,18.645144,0.6845465,-10.692284,-3.624425,-5.5607433,-2.9438071,-10.231776,-0.8725637,-6.412444,-8.680737,-1.2272074,-9.050601,271.2493030897705,0.08935546875,0
-281.20917,124.97003,-8.747026,57.92903,-22.628513,-25.388485,-9.719725,-24.81083,5.798973,-12.994778,-8.438662,-3.0414484,-17.074354,-5.9506574,-17.749575,-11.979312,-4.3531365,-14.553567,-9.574456,-8.527399,375.8302927745193,0.085205078125,0
-276.40186,113.5917,-6.294283,79.8078,-32.579056,-20.56628,2.2868142,-35.636414,-7.9709415,-12.824947,-7.4229393,-9.221412,-14.488647,0.12424439,-6.8251414,-3.7058036,4.158886,6.851734,5.1617713,6.259776,392.7681681642808,0.047943115234375,0
-290.95792,168.04031,10.085024,27.24585,-15.958668,-22.963068,-13.207043,-20.016718,-7.789256,-3.5494587,-0.16240245,-14.176881,-9.812131,-0.43129158,-15.18807,-13.17532,-18.048542,-14.114395,0.13553035,-9.589214,248.40193981652743,0.0406494140625,0
-258.83652,161.91739,15.305353,14.259607,0.74183893,-14.792784,-13.332378,-14.725978,-8.951125,-21.234245,-15.920278,1.8864982,-7.3315387,-9.804293,-11.134402,-15.526415,-8.480577,-8.614571,-7.7881064,-6.726312,306.6339078860812,0.029052734375,0
-194.08304,144.31348,-44.554768,51.661007,-47.852753,-3.6586356,-17.398527,-36.00939,19.801094,-20.716816,-5.5495896,-6.9877825,-9.873785,5.2581925,-23.089748,-12.130495,-14.353411,-22.317616,-12.384352,-15.726205,141.8596548953854,0.116180419921875,1
-239.20633,153.20374,-50.256443,36.270687,-12.169775,0.9203226,1.8078587,-22.609894,3.2360983,-21.637646,1.7963355,11.082775,-10.316972,3.0652065,-8.2922325,-2.654796,-0.70876396,-7.4711914,0.53587216,-11.529043,340.96189282330005,0.067108154296875,0
-244.30833,158.12125,-32.787525,-6.384514,-48.085567,-22.994167,-14.679943,-28.877296,10.636798,-11.624565,-23.84406,-10.022982,-15.205727,-1.2037289,15.463127,21.035273,16.685116,13.752803,4.366554,-4.0357313,529.3205137643581,0.07501220703125,0
-197.06586,173.23787,-22.17313,58.205772,-0.88934326,-18.160624,-2.8629544,-24.256369,6.152819,3.536102,-0.68991756,-6.2056794,-12.62453,8.426409,-7.6421776,-2.8792212,8.564523,-11.298675,-0.45626485,-1.472933,151.36961573844283,0.041748046875,1
-227.02763,152.75812,-16.051935,68.33548,14.093936,3.960775,-2.8193264,-14.607131,8.716219,-18.419483,-4.021326,-1.3166202,-8.804901,7.430792,-11.714264,-2.8962061,0.6339035,-11.166144,-0.15371656,-6.9241366,176.60443311647654,0.054962158203125,1
-246.26402,154.7781,-9.049231,69.59752,8.235594,-7.9823637,-4.66753,-34.592472,-13.661636,-26.515978,-24.000023,-10.944285,-13.2878895,4.2646384,-2.9559042,-5.797262,2.772047,-5.6837535,-5.122651,2.8056555,144.63003080323105,0.04742431640625,1
-205.72702,158.618,-26.721642,83.04571,-19.730621,1.2689805,10.4002285,-26.020369,18.932575,-7.353276,-0.7103253,4.2712092,-11.355112,3.9389992,-8.383215,-0.9959965,0.1347237,-9.803764,-0.98824716,-4.3183155,172.41358786149877,0.0762939453125,1
-199.78513,169.37967,-53.773804,12.2783165,-30.582127,16.615389,-0.080142856,-38.33387,12.746755,-8.808865,-2.2311685,0.19225335,-15.526954,2.3213458,-9.70194,-9.376139,-1.882079,-0.42030665,-1.7857003,-6.5594125,324.8974664007512,0.059906005859375,0
-219.18422,177.38153,-16.08695,62.74401,-4.8183002,-29.035189,10.010838,-13.441963,-17.3742,-21.324242,-10.012359,-1.8659034,-7.690936,4.6740055,-7.427059,-19.757591,-8.222212,-2.4295185,-11.952766,-12.339376,198.33836520736943,0.048187255859375,1
-215.51578,167.42645,-57.41626,61.2958,-29.995842,-23.757607,-3.148875,-25.793083,0.86884505,-11.992708,2.5437958,0.67553294,-4.043713,1.2958521,-5.8218384,2.909975,-5.0150175,-4.0704775,-8.147091,-2.889262,383.3144090102165,0.06640625,0
-218.71255,144.50195,-14.815697,51.94609,2.953055,-0.59069216,3.604658,-29.709246,2.5539896,-2.5029626,-17.99493,-1.9519119,-9.168195,-16.70044,-5.5618877,-1.9110392,-16.301235,-11.963376,-6.569409,-17.34099,371.086632521841,0.042144775390625,0
-217.01453,171.94623,-38.56228,39.939438,-14.6299,-0.30799103,-9.411842,-31.085667,17.45597,-8.548653,-11.06065,-6.858833,-10.948046,5.5660954,-12.683144,-6.612291,-4.496311,-9.184025,2.5104876,-7.6443214,248.45980452186103,0.046356201171875,1
-261.08887,163.90253,-28.07703,19.816292,-32.44943,-6.4294033,0.78217953,-21.236404,1.9903383,-5.688393,2.712881,-8.862726,-7.784369,-0.57940114,-22.72477,-2.1789494,-2.795626,-17.686382,-1.9244242,0.35869497,294.98336732659504,0.05914306640625,0
-215.62814,147.57312,-51.099167,92.27351,-0.38313127,-23.297684,-9.64103,-36.885925,10.289927,-13.2658,-23.226349,-3.985773,-6.107095,13.320205,-3.3504438,-14.470644,5.03605,-3.0946112,-14.982673,-7.2820244,172.5074812719508,0.046112060546875,1
-227.75143,173.80719,-43.07098,36.974842,-21.176353,7.7922554,12.571524,-37.910934,15.105095,15.212603,6.3115883,8.622807,0.8373934,13.054853,-8.720436,-4.0205517,6.775588,-3.7974322,8.092013,-1.7861156,188.56185810402388,0.0462646484375,1
-202.67166,185.76761,-30.094889,44.176895,2.6585937,-14.435266,10.034251,-3.5076122,8.310898,-4.252818,-1.1619055,-1.4468989,-16.518986,0.75907874,-7.7495356,-5.0386076,8.783869,-7.3492,-0.6896988,0.94298303,146.19916375586112,0.0308837890625,1
-272.81573,161.00357,10.803307,46.700523,-27.327208,-40.465706,-6.084856,-21.247524,-12.755089,0.5736608,-6.0427437,-17.293848,-2.0957105,-6.7678204,-24.65786,-6.0294895,-8.166149,-6.306366,-1.0078722,-18.1792,278.01454839051183,0.05340576171875,0
-278.84338,171.13715,-1.4560658,26.602081,-26.267284,-9.77121,9.894138,-31.379297,-14.880701,-15.870262,-9.751777,3.8218617,-10.773289,6.170856,2.5927463,-11.446009,0.15918462,-6.6857986,-8.550848,-3.7288842,131.71126497390262,0.045379638671875,1
-243.52844,149.15897,-7.396364,79.97798,-21.90892,-1.3212729,2.5097826,-22.647074,5.5557556,-7.6651535,2.7261662,-3.0150142,-0.98834014,2.6545472,-11.077545,-0.7181641,-0.1761924,-5.905678,-8.538897,-3.0329113,187.2804205828692,0.080657958984375,1
-243.17148,159.7133,-14.853932,60.40458,-6.058672,-4.3212833,8.675396,-16.799229,0.7489805,-18.274796,-10.301395,-5.148527,-15.035655,1.2005501,-8.318209,-6.2872686,1.0028436,-11.054941,-6.371522,2.9630585,145.71546249861973,0.033843994140625,1
-219.59988,154.94322,-25.561264,60.284733,-16.840633,13.874024,-18.397354,-32.938854,8.366573,-29.320229,-3.2895145,-11.86793,-18.965101,6.990554,-8.26757,0.019402117,2.270008,-5.4710455,-4.579638,-3.4269638,221.02423364239925,0.107574462890625,1
-228.0896,141.22928,-28.948486,69.85485,-41.838207,-53.308746,-7.1225576,-6.844467,11.021166,-6.4482474,-1.5869431,-1.1185071,-16.48368,-7.8024235,-2.005446,-13.705301,-8.229325,4.2212296,-10.068217,-3.7988267,147.46413530454976,0.1236572265625,0
-354.67804,141.61945,34.4608,12.030563,-6.223693,2.9188492,17.969786,0.2430383,-21.954716,-26.48188,-12.392025,-14.8054085,-18.987175,-5.295398,-12.72739,-15.61829,-7.408519,-13.304658,-5.5710993,-2.8278596,204.0473206017838,0.041168212890625,1
-262.09955,167.16222,7.3605947,48.903862,-18.706306,-17.758553,-2.5030138,-16.998074,-11.461601,-14.38657,9.165718,-2.227087,-6.2360477,8.009917,-11.414019,-4.0090337,-0.14159054,-7.314107,-2.8612068,-7.1460953,202.65817215356435,0.049713134765625,1
-261.43597,159.24527,-17.013063,9.726716,-13.687446,-8.192734,3.5398335,-22.059628,-3.7850585,-12.626114,-26.685871,-7.3158846,-11.291367,-9.946102,-4.147302,-13.128056,-6.9923134,-0.9044266,-0.95842123,13.71155,411.5918331632791,0.041107177734375,0
-201.66356,155.13263,-49.593826,89.06894,-13.700924,-0.06288409,-25.965143,-26.885681,14.794897,-30.510128,6.7235656,6.736523,-6.5795555,3.5367067,-10.849872,1.6967354,-5.863661,-7.4679585,5.5833926,-0.99642515,0.0,0.1424560546875,0
-262.39307,189.79019,7.4249673,17.666138,12.453728,9.736985,8.890759,-12.967719,-1.4308904,15.479457,-0.14371121,-7.7775187,15.818004,5.6211405,-13.450215,2.3475852,-5.6713414,-9.694694,1.0403122,-4.3321676,303.3530010860049,0.037139892578125,0
-207.56448,160.26404,-9.736979,66.66634,7.4471607,-3.9920673,15.906895,-14.243372,7.45266,0.6823378,-7.892081,2.4462876,-5.838198,0.10236204,-4.0984063,-1.3088735,5.8926177,-7.6171513,-4.666719,-2.2666128,166.0261576930964,0.0274658203125,1
-313.36847,94.62254,21.142036,49.928215,-21.388063,-29.114656,-5.502828,-24.81514,-15.387026,-13.468232,-9.052708,-3.974286,-8.4286175,-3.0842335,-10.951382,-9.190049,-5.484516,-13.644051,-5.2092166,-2.9011416,327.442332467451,0.102935791015625,0
-243.09364,144.93515,-20.774765,34.15486,-2.7333288,-20.27238,-3.8181016,-21.995213,-8.202707,-6.1022344,-16.944412,-17.916908,-14.993169,-14.109573,-20.785362,-6.882023,-3.2435446,-11.218163,-5.227258,-13.982602,334.49824146468194,0.03857421875,0
-274.49677,125.33273,26.664171,37.150948,-42.799232,-3.0924823,1.0647784,-31.507717,-1.5064702,-10.876784,-6.638523,-0.23689842,-6.412518,-9.104954,-9.009918,2.5758379,-10.334875,-2.4043882,11.037697,4.5987625,436.7958199542796,0.10247802734375,0
-184.08076,147.75345,-73.78333,15.833295,-1.4661555,-1.9864552,-9.374412,-10.91398,8.5824795,-22.717093,-10.112198,-4.719883,-12.2127695,-12.455715,-25.43528,-4.09705,-1.026784,-9.322391,0.57645434,-1.7010742,399.86044482073936,0.10906982421875,0
-173.81006,153.60983,-47.28966,54.670807,-21.094494,-29.768744,-4.4578953,-13.230352,7.8410387,-17.214752,-8.538779,0.3984971,-13.044685,-16.08514,-20.75515,-1.0418024,-5.067752,-13.092663,-4.3940654,-8.451547,276.89085451003365,0.048675537109375,0
-228.62415,172.66624,8.353076,31.193527,-25.56981,1.2562969,16.66887,-18.070381,2.1367702,0.6164262,-2.5205812,-5.388233,-7.548888,-0.11029577,-8.901756,-7.921995,-9.581612,-9.262496,-7.559127,-7.8880196,320.3512413664585,0.031646728515625,0
-239.44995,166.61014,-41.493362,40.352547,3.1568213,-33.242565,10.695137,8.196884,1.2072933,-7.2674313,-16.102474,-7.8279667,0.5810646,-8.030386,-17.420637,-3.9431264,-9.086151,-16.87921,0.15087631,-5.3316164,297.30771912134827,0.03253173828125,0
-210.45943,165.8467,-32.15703,48.855595,-16.060913,-0.7469249,-1.901177,-43.789753,-19.944336,-6.772359,-3.1665552,-17.155521,-7.615997,-4.2244616,-9.261838,3.21666,-13.529762,-13.104344,-5.9733644,-13.422877,211.0322583165236,0.07025146484375,1
-263.7713,160.1973,-4.7890844,66.80867,-11.470793,-11.879993,15.66019,-13.525787,11.337696,3.5843341,-1.0559263,9.605009,-2.8528428,-0.8179829,-5.025593,-1.7258344,4.2188888,-8.169402,-4.1936464,2.9020514,130.9571148916584,0.034088134765625,1
-205.16956,173.5972,-30.465405,37.77618,22.48397,9.740456,2.3201125,-10.463521,12.90051,-8.212405,-4.4928303,4.53934,-9.409393,7.294996,-3.4560866,-9.7652855,3.270352,-8.320849,-6.80877,-4.1014094,144.08985091662896,0.020965576171875,1
-235.50284,157.6521,-6.1123238,56.71638,-27.133423,-39.26049,19.995987,-23.3286,-25.349579,-4.4329424,-21.605019,-23.344883,-9.237217,-0.6911958,-5.6669316,-6.825273,-2.8988419,-2.4408777,-8.991892,-15.005248,289.526495351647,0.073883056640625,0
-166.9072,124.70741,-37.339848,89.006676,-50.623867,-26.466364,-9.649593,-16.661674,24.928928,-30.673786,-5.335995,11.279925,-25.040274,-12.350872,-3.4610043,-9.356753,-16.512848,-6.951338,-1.3150587,-6.7565,303.2819637126115,0.140869140625,0
-255.32614,142.58276,-32.212357,25.946152,-39.312656,-36.490017,-24.08363,-31.575054,-4.614806,-26.494892,-16.143585,2.1492863,-12.910674,-13.804006,-2.9341698,-0.37445617,-10.972084,-7.7716665,-5.8103237,-5.2931104,323.916692724061,0.051177978515625,0
-172.40045,161.75331,-59.748615,60.810257,-29.149155,-12.015123,1.8378054,-32.177696,8.902416,-13.425188,-9.836842,-7.7844725,-15.499464,8.143265,-17.226128,-22.029411,-4.4688683,-11.816529,-6.185196,-10.862579,178.74861440394432,0.09027099609375,1
-319.32175,121.754555,17.946114,39.56643,4.2432446,-32.021084,-23.278265,-12.27922,-8.917051,-14.69434,-5.3401413,0.6658468,-7.18489,-10.45988,-11.528282,-3.5908856,-7.53735,-17.655344,-7.9712486,-4.545101,349.90759335479214,0.067474365234375,0
-301.68524,193.72562,71.38159,19.946339,24.687897,14.480475,-24.163635,-35.530884,2.3436277,34.839165,19.750557,-12.889939,-19.062479,-3.7273164,1.7404351,-7.6442323,-11.874975,-5.289967,-0.50614077,-2.318734,169.09185893750828,0.02398681640625,1
-306.44562,155.70944,59.906837,37.335487,12.997123,0.5836167,-3.9758868,-7.1715803,4.2884,5.0164013,-3.5850453,-10.647904,-9.959801,-1.5108156,-7.5894156,-11.731938,-5.997363,-9.39155,-8.790558,-5.584653,218.1684443773903,0.018707275390625,1
-268.5708,140.73465,1.792608,17.106909,-17.931751,-10.223139,-23.115795,-21.956583,4.592126,-22.27695,-14.763055,4.8817887,7.124377,11.637868,7.9016175,5.636071,-1.40884,0.69637704,4.1924934,4.949721,512.5895260230841,0.06829833984375,0
-134.3882,141.24922,-88.520615,69.653564,-60.07083,-9.137144,-6.167836,-23.052279,21.864445,-25.265667,-4.1638064,-1.5941864,-6.825981,-0.541505,-9.7111435,-0.68490434,-3.2067616,-2.5982957,-3.874402,0.52883196,367.3337273109148,0.1834716796875,0
-187.52937,145.99278,-51.033356,51.233612,-49.239098,-1.9049475,-20.407677,-44.38781,17.162453,-24.143303,-2.0792017,2.5373821,-15.44098,4.5501947,-14.359322,-17.440693,-16.841835,-17.136078,-13.361626,-16.655773,0.0,0.1573486328125,1
-283.17767,133.61331,20.927408,69.40251,-11.055302,-43.79693,-9.185829,-15.761324,-15.448608,-13.230453,-6.2261667,-7.8594713,-13.773756,-7.812402,-8.593357,-8.042444,-10.079964,-4.2783384,-2.880311,-15.402307,342.7112472340812,0.05224609375,0
-239.62183,209.92276,-57.32277,15.079117,-31.062328,-25.964725,-4.183789,-37.918785,-5.8690577,-16.31256,-11.377514,3.1281304,-22.30907,-3.5386047,-16.147781,-21.377314,8.879033,-10.61009,-7.9616227,1.1728479,144.06592634037483,0.055328369140625,1
-197.28082,141.79298,-39.2447,39.103092,-15.16483,2.3430836,-18.122002,-27.953146,14.25573,-15.440724,3.7761757,-2.1833987,-15.429149,6.736927,-10.900422,-11.002326,-9.740778,-7.6253614,3.1767783,10.486461,405.7612600916855,0.081695556640625,0
-201.0088,202.81592,-40.366577,39.48921,-31.93245,-19.6842,23.902515,-33.903328,-10.208597,-8.163951,-15.833733,4.4510326,-13.812489,-0.81300265,-1.4481139,-16.451538,3.0070093,-4.8129144,-11.803849,-6.1955104,139.45816347872614,0.0439453125,1
-250.78381,191.13664,-22.583023,11.145999,-3.0475144,-3.505158,-4.449767,-10.233513,3.643554,-7.094805,1.8779602,-5.4974484,-6.87496,9.258087,-9.605554,-5.2797585,1.2222875,-6.9456825,1.3918978,-3.2593606,194.53088606543616,0.047607421875,1
-151.57837,173.69223,-79.50522,37.310936,-35.710243,-6.7323236,-17.387398,-38.193954,21.68359,-20.167961,-15.546349,-9.023421,-15.409708,-1.7055337,-25.038969,-7.2681427,-4.699666,-16.809471,2.549757,0.6266812,0.0,0.118621826171875,1
-249.1543,164.8443,-64.490555,71.10493,-14.640401,-12.349142,13.096105,-8.473066,18.408031,-8.890804,-1.1826978,-1.794287,-14.752148,5.2674446,-10.454525,-9.5661,5.768117,1.8025796,3.160905,1.31122,176.1610053797971,0.072540283203125,1
-202.16017,157.5932,-40.77233,70.47256,-7.399946,-0.7562814,2.3153281,-36.66764,0.9021797,-22.25792,-16.713493,-5.8259497,-18.914986,7.0967274,-0.6531341,-12.596812,-4.219719,-3.0977044,-3.948877,-5.455025,195.36246808325225,0.08203125,1
-232.02559,123.41405,-15.513857,73.245224,-28.5099,-31.666557,-7.6410947,-18.965744,8.03668,-18.580887,-6.7825437,-0.4443202,-14.128995,-8.784464,-19.492388,-2.1634676,-8.224159,-21.775122,-7.016019,-12.604321,273.56903133542005,0.09466552734375,0
-224.00371,216.01309,-39.937935,23.826115,-18.727158,5.018583,13.841108,-25.500416,9.730038,-1.3486004,-10.406282,0.59042454,-6.2820168,-3.5350077,-7.9310756,-6.4434853,-6.7198863,-5.459116,-3.5271914,-11.623552,0.0,0.047149658203125,1
-229.57684,195.29541,-41.71289,39.66987,-23.28263,-20.436386,15.930787,-27.31707,4.7301836,5.70849,-16.612862,1.9993944,1.2767285,-1.4951026,-6.8353767,-2.9065924,0.78081536,-11.255428,-3.4731877,-4.7720604,140.87171916242565,0.0579833984375,1
-192.77042,170.75601,-56.854187,67.263756,-15.887528,-18.179611,0.37932396,-32.5793,-2.906194,-14.4835,-8.7499275,-1.5529166,-7.3075576,1.6624411,-8.28916,-6.946973,-3.870971,-6.5812874,-7.864683,-4.514918,202.033801010892,0.061309814453125,1
-244.2862,179.25125,-5.8487034,28.52305,-10.811139,-6.3925786,1.1842881,-19.172104,0.69039,-9.316821,-7.943247,-4.206624,-15.367956,-7.343032,-9.017337,-5.0484133,-1.2151575,-3.6649084,-5.0317173,-11.092503,211.2978831551711,0.045013427734375,1
-212.17581,111.04477,-40.81941,82.25386,-44.990147,-19.37539,4.71894,-16.826088,12.070028,-14.940125,-0.024687827,-12.534698,-15.729456,-2.5758576,-17.0079,-1.1954753,-4.337141,-2.154093,-7.4979906,-12.4888935,356.25941665374086,0.068603515625,0
-150.07053,151.8888,-59.696075,94.39894,-11.818583,16.63099,24.518188,-31.765625,2.1380324,-9.612682,-1.282402,-10.208059,-17.298307,-0.11718321,-11.75451,-2.3704033,1.7896082,-1.5152762,9.630436,2.241146,142.85583927734848,0.09967041015625,1
-255.21349,165.39761,-9.042046,72.17249,-9.881727,3.9133525,-1.4724051,-37.945732,-2.241232,-4.986059,-7.293101,-13.142196,-2.791584,4.9297714,-8.583513,-3.033387,-1.0323236,2.572793,-5.6449194,-6.131302,132.1694211605576,0.03668212890625,1
-264.51587,139.59453,9.773729,79.57534,-18.324268,-30.55838,-19.232811,-24.07196,-1.2617865,-23.628988,-7.851926,-7.321199,-16.628279,-5.0288057,-13.1204605,-5.154127,-10.509724,-11.815462,-0.7934519,-10.942631,273.7205813952069,0.061370849609375,0
-235.4535,162.40388,-27.855877,71.065575,4.211388,8.701054,-14.961511,-29.071968,13.328074,-21.076872,-6.593017,-6.7711487,-13.458127,6.2753158,-13.443993,-8.654886,-2.2100232,-4.7695684,-1.96936,-0.10384804,147.22526507879977,0.03631591796875,1
-200.23471,154.88255,-54.78317,55.666473,-31.86765,-50.156128,24.776615,6.084004,-8.80842,-11.560269,-7.976853,-0.42665035,-1.3260844,-16.237215,-17.73185,-0.098193556,-6.8416224,-8.770523,-10.130264,-14.256758,298.23770954439897,0.10498046875,0
-210.55363,191.706,-45.945915,59.981483,4.81054,-2.6177175,24.283894,-7.929784,10.550111,-1.7131655,-4.4997225,8.440863,1.4969214,10.923855,1.9693676,-2.5679936,7.5040846,4.4937763,2.5873837,5.738538,75.59905183630867,0.032806396484375,1
-207.30927,199.83417,-45.042458,21.959427,-28.513243,-15.700432,-11.780809,-27.826477,11.9646845,-18.031593,-23.885902,-4.9552317,-11.454337,-13.097633,-9.129471,4.4679418,-4.2972174,-0.82021123,5.3203564,-5.7832594,122.37002163379304,0.05035400390625,0
-259.1457,161.76236,23.257584,61.7676,-20.012016,-41.895042,-8.329933,-14.6532545,-4.7537065,-6.794455,-2.4145951,5.036659,-4.2660294,-9.608184,-6.999802,-4.4313574,-13.172226,-5.7954273,-1.8080547,-12.686032,293.5028407460041,0.0447998046875,0
-258.70044,199.56973,-19.964146,54.436306,5.684209,-2.9174209,-0.5869063,-21.539001,3.504271,-10.171209,-9.01,-7.7880507,-10.388018,4.762916,-8.572611,-6.404102,-1.5729492,-11.537159,-6.1552286,-1.5973227,92.83815226016416,0.035919189453125,1
-221.61331,159.66582,-3.390724,36.207096,-14.261906,0.183961,31.93063,-10.406574,-1.4477061,-0.5755073,-2.49323,13.81629,-1.1855035,-1.1871206,-1.4278775,-5.983357,5.5693364,-1.30187,-4.3641453,-2.4359107,175.864477374479,0.044921875,1
-210.95987,168.56389,-44.064228,29.127207,-6.626814,-33.07229,-12.82942,-27.7195,-13.990072,-19.44454,-24.226284,-15.013369,-23.615353,-14.568611,-10.778345,-16.971815,-7.028077,-5.8332214,-12.744202,-6.0750766,159.17145183384108,0.0445556640625,1
-176.03201,175.83101,-48.383118,24.291084,-59.766903,-12.526315,9.939697,-29.786276,-7.4570985,-7.518301,2.3579674,-3.6205554,1.3133804,-6.486974,-14.424229,1.8197391,-14.839886,-8.697466,-0.19661647,-7.775792,242.6986074493794,0.089691162109375,1
-194.6472,199.73468,-19.549355,58.03179,-15.396436,-4.130659,7.1744647,-21.786907,4.31497,-10.952755,3.28514,7.5306406,-4.610071,9.192928,2.8069334,5.970776,1.4807292,-5.610834,-3.233294,-6.190019,122.76326273917222,0.0296630859375,1
-252.36542,128.61604,-27.980188,96.965546,-24.720646,-26.742973,14.040001,-27.02117,-1.5610571,-11.011824,-5.7662234,-1.3721454,-13.132506,1.6973162,-8.898411,-3.4162354,-0.74911344,-11.23963,-0.40127766,-6.9582505,163.3731804229087,0.11773681640625,1
-222.30945,189.21736,-29.65171,28.531155,-11.199491,-7.2011347,-15.416436,-37.674965,-9.296621,-9.612873,6.307721,-3.9978173,-19.344692,3.4110286,-1.8855457,-16.26415,-12.393704,-14.489163,-23.704409,-10.715978,147.7750877425867,0.050567626953125,1
-243.34456,137.2171,-30.062923,94.75995,2.4629216,4.2096567,2.9592102,-26.990051,-0.92964566,-28.458302,-12.687336,-11.94813,-16.91726,5.466073,-9.94595,-4.223835,0.8166205,-5.670747,-3.5287519,-10.793169,154.10098561017418,0.075225830078125,1
-207.15097,155.36606,-22.625818,58.092976,9.4826145,0.39922333,10.036955,-6.662458,2.294311,-11.565809,-11.443317,-11.950153,-5.0370646,1.6736622,-12.382114,-5.850011,-4.1425753,-9.957207,-3.831989,-5.4817405,161.00879400009163,0.03985595703125,1
-259.13184,172.75716,7.726609,11.137781,-0.41984415,-16.941479,-20.029978,-26.55066,-7.2349815,3.5029202,-5.7154074,-6.4868245,-1.3125851,-12.372955,-16.022865,-1.8984048,-11.032139,-12.57615,-1.1040658,-11.143707,310.30333715600665,0.033447265625,0
-235.03612,190.69025,-18.340574,50.134857,1.5921072,-0.515538,-4.5484066,-26.847866,-0.5961292,-14.321495,-4.5328918,-7.798793,-16.887646,5.390426,-9.600063,-7.432741,3.6136894,-7.238417,-3.7632775,-4.5855103,201.1813963549852,0.041168212890625,1
-256.41125,138.5664,16.547026,94.95671,-59.54142,-23.82377,4.8545847,-37.24901,-6.809928,-11.722602,-0.9769213,-13.246282,-8.678773,3.9088387,-9.112415,2.9815145,-4.37641,-4.3399744,-3.725906,-6.78553,328.8313159074904,0.10357666015625,0
-237.25594,107.95226,-28.344316,62.865536,7.943084,-8.976046,-3.0443177,-15.505795,13.797247,-5.763091,-16.33859,-4.9992743,-7.3194036,-4.4480987,-8.584875,-10.599169,-14.420299,-12.4752655,-7.9631653,-13.051122,290.85892053952364,0.07952880859375,0
-244.66238,156.01212,4.8008823,101.76755,-13.091589,-27.082743,29.082281,-19.74939,-13.429755,-16.107119,-16.120392,-2.9831781,-17.776253,5.514403,5.785613,-9.879135,2.7886631,-4.7986193,-4.869983,0.02487117,160.43762455198623,0.033538818359375,1
-215.71378,162.62665,-19.764523,60.752342,-28.332426,2.0208607,19.971365,-28.49509,0.11029971,-18.160133,-4.9818316,3.9784598,-9.679678,15.310217,2.13864,-0.101160854,7.4921284,-1.6720225,3.6417572,0.11798501,143.9428277656172,0.063385009765625,1
-261.58704,129.96957,-16.064512,60.443787,-5.10757,-1.7255864,2.952197,-14.145153,9.369212,-7.211052,-4.870365,-8.912433,-4.3766603,5.4387894,-15.955714,-4.1708994,-1.2566774,-12.474931,-0.80036473,4.8677597,182.74905467154687,0.037445068359375,1
-233.26364,177.3212,-18.979317,34.065544,-15.206562,-21.062103,-1.750099,-24.650126,-12.912668,-8.061959,-8.352884,-14.469748,-8.115496,2.7438684,-13.088316,-10.191444,-8.567394,-11.906847,-2.4031763,-8.31023,285.82452045017965,0.057373046875,0
-203.62766,163.83234,-41.616814,35.774376,-4.4127746,-40.90922,-28.005508,-32.948463,-2.096088,-14.245215,-23.846422,-8.059044,-11.336798,-3.0751233,-18.031898,-12.284884,6.6861143,-19.195164,-4.0106955,9.293753,192.21737807029297,0.0450439453125,1
-185.56116,169.63794,-26.97342,42.881275,15.311609,8.4398365,9.825551,-14.938569,3.8558922,-7.936866,-6.235657,3.689211,-5.6940293,1.9652668,-2.6645741,-0.6439352,4.5192294,-2.9832296,-1.0280579,-4.169443,159.46656633666686,0.032196044921875,1
-229.21689,153.90259,-42.88041,78.00436,7.8970685,-8.141468,31.853853,-8.247333,-10.46682,-9.573861,-1.8020623,-11.8318615,-18.79343,8.3999405,-5.232768,-4.800853,4.3627424,-7.9615803,3.9719257,1.886713,169.13234342910843,0.05462646484375,1
-169.83705,181.2987,-40.825085,68.99226,-16.375301,7.202325,2.4284887,-43.214302,8.69517,-5.7337055,4.872409,2.8299375,-13.576178,10.579713,0.8609224,6.150168,2.2909303,-6.4540997,4.992314,-4.419776,118.93216799139871,0.0408935546875,1
-213.64519,139.74265,-26.634033,78.264145,-1.1470444,-19.091198,9.955467,-13.93639,9.899653,0.43026388,-3.8896747,-2.380971,-7.7764707,5.6365175,-9.803743,-2.0594614,6.4786544,-9.874998,-0.18322462,-2.207649,155.3892346594672,0.10028076171875,1
-177.73727,209.25058,-53.26362,57.22948,-23.260326,-15.551326,12.555292,-27.759972,4.606404,-10.387991,-16.169891,0.6025834,-2.441191,-1.0501504,-6.20241,5.585551,-3.312016,-12.00795,-0.07204944,-9.2382145,138.93254309720228,0.063934326171875,1
-236.92538,176.02628,-24.515377,5.357601,-48.55657,-11.772355,-2.7363007,-35.761124,5.780043,0.102921605,-12.706832,-17.137264,-12.730501,-1.2995162,-13.921019,-6.3152423,-14.99284,-14.254085,-1.163775,-15.319842,300.36239040259625,0.060546875,0
-236.77885,141.5174,-50.118454,34.384506,-20.155521,-6.4560356,-24.741062,-38.302727,-18.018232,-25.354704,-1.2029026,-14.724856,-7.7173257,-1.2311003,-22.233208,-9.226787,-8.217131,-15.2453,-8.0485935,-8.116741,263.1130665062196,0.09307861328125,0
-236.22308,151.65054,-37.250046,13.753783,-28.29193,-15.233073,-6.2341647,-25.433575,3.3575594,4.118419,-0.6238284,-10.539284,-0.86152256,9.4733715,-14.371313,-5.8591566,-0.3965249,-12.004444,-2.3931997,-4.787133,285.87065160821294,0.116546630859375,0
-193.94849,173.97678,-60.32489,36.938316,-30.356567,-4.199816,-6.5724854,-39.146637,15.151625,-11.313935,-11.2822,0.16209,-6.2465935,2.4169164,-16.146126,-0.79728234,-2.4682794,-11.68877,7.036641,-4.2309713,291.1278924039594,0.075714111328125,0
-169.24655,165.3996,-36.37407,24.412754,-7.2145486,-11.502275,-8.583899,-8.98298,19.037418,-14.075453,-10.712681,6.871603,-13.4510975,-11.897696,-14.222328,-11.23999,-1.6070898,-5.4521303,-6.638439,-6.7963705,275.7602662393316,0.03961181640625,0
-271.97574,158.48907,-50.823097,11.363073,-0.5213134,-37.673355,-23.473354,-29.437803,-11.580795,-11.928743,-24.544437,-12.147766,-15.499884,-5.3061194,1.4896617,-16.64945,-5.970896,1.1222062,-13.174478,-8.0493,155.2913945131196,0.0531005859375,1
-251.22668,137.16849,-58.306335,57.78156,-14.176793,-39.684383,-4.9734826,-22.618877,-21.42067,-28.36327,-19.784668,-13.911341,-6.506069,-11.211191,-25.717453,-7.0618296,-13.276373,-14.162914,-0.5700186,-12.881632,260.0486709123785,0.08489990234375,0
-274.91953,162.70311,-20.636578,28.290686,-4.65598,-28.548485,-13.655092,-23.764,-1.5848582,-1.5991554,-8.6180725,0.41295934,-4.8125525,1.1357347,-7.908644,-10.208044,4.093203,-14.771017,-14.845238,2.1288207,229.7678869880594,0.049072265625,1
-229.0662,109.51901,3.26884,84.8681,-35.008247,-29.088161,4.5267267,-18.142262,7.8437057,-4.5400248,6.307329,10.005108,-2.2296813,2.0293734,-4.977913,6.205176,1.5770993,5.3342338,15.568729,-1.8112581,493.3333745653613,0.095367431640625,0
-266.1653,167.51279,-1.3221216,-2.4917614,-7.7138352,-5.595924,-18.538803,-9.295842,9.86225,-27.69811,-14.734865,5.710101,-18.58348,-9.399914,-4.2041144,-9.713098,-9.939665,-14.2663145,0.027836964,3.2629805,304.3699418150837,0.03631591796875,0
-219.06522,114.29462,9.091959,89.75693,-12.693371,-1.6174784,2.422327,-11.352711,2.90451,-14.51938,0.613585,-11.630561,-11.3984165,-4.80375,-15.786597,-4.868511,-6.884689,-8.542052,-2.0014877,-3.7288208,226.5553225157417,0.11944580078125,1
-194.99927,123.5812,-54.235588,38.76136,-34.257225,-40.080788,-1.5897923,-14.83977,1.0104209,-21.345844,-19.564524,-2.5723448,-16.192528,-9.896169,-13.685708,-19.997023,-1.8573344,1.4072729,-3.882704,1.8461981,339.9064582228305,0.1273193359375,0
-279.2359,150.95107,27.621002,34.55305,-9.473734,-18.635765,-5.4574814,-29.952282,-10.812389,6.757031,-23.019817,-22.598427,4.1471214,-6.577509,-15.13299,1.3107928,-3.0750055,-4.0084634,1.2774101,-2.6770086,380.1208370488351,0.03411865234375,0
-192.3121,171.9509,-37.645004,51.866707,0.52664757,-6.0309763,7.5779934,-3.6918051,16.955618,-5.468768,1.1836588,-2.0744145,-13.662659,4.1435385,-10.9069,-1.7270582,10.142656,-5.157516,-0.80822515,-3.4324403,144.33757498010715,0.0582275390625,1
-207.09277,180.88239,-16.895771,67.74576,-24.061949,-0.3528587,12.539716,-16.448698,11.777439,-17.061615,-7.139021,-2.6784222,-6.274557,14.760625,5.079398,9.786726,5.8201303,-1.4242605,1.2641356,-4.7084746,173.35843469519713,0.013336181640625,1
-305.263,129.61937,35.00144,48.185623,2.7711437,-31.727242,-8.946552,-6.2662644,-13.754004,-12.233732,-6.023053,-1.5844597,-8.925518,-14.718369,-8.003908,-4.2105484,-9.431986,-5.9960747,-3.6313858,-8.971685,314.4641302441801,0.068267822265625,0
-190.75015,153.59174,-44.737724,58.803516,-32.805916,-24.419922,2.5129073,-14.502727,9.569307,-4.3587723,-0.8930808,-6.0508437,-2.5792117,-5.356881,-12.903427,5.3467712,-13.032902,-6.054682,-0.6463628,-18.731892,350.9817405664296,0.056365966796875,0
-316.0911,101.728195,4.448207,6.8290505,-12.878919,-10.6137705,9.964144,-0.3870479,-9.982128,-10.005772,-9.117854,-9.0236225,-9.211012,-6.440385,-10.052511,-10.517763,-3.2128465,-4.057481,-6.6259785,-5.821789,318.93522409237795,0.068572998046875,0
-201.02916,142.058,-43.489185,37.403885,-16.740215,-25.48159,-11.438568,-7.63746,12.581356,-18.77602,-14.239672,-4.119008,-6.4097733,-15.99575,-30.230957,-2.1083639,-1.729168,-11.718384,-8.678961,-15.112295,290.8153966178084,0.048736572265625,0
-305.90747,136.37502,31.522696,111.50411,-15.596037,-37.83513,0.8209332,-20.201044,-13.744271,-16.665817,-1.7033311,2.486921,-13.1410675,-9.221863,2.2970424,-0.73083293,-13.780432,-7.28409,-6.6717396,-12.409191,0.0,0.064422607421875,0
-302.70325,137.85797,8.807987,54.609974,9.161892,4.5910482,16.378172,5.74984,11.91449,-0.57562804,4.794644,7.338463,1.6687682,1.3977189,-7.305993,-1.8554437,1.9768679,-6.1624374,-6.3284917,-0.58561385,176.9772248939769,0.01763916015625,1
-329.12512,174.97751,-74.802315,26.872398,-20.287949,-20.0054,1.7319119,-24.915842,-2.2583952,-12.03096,-13.848188,-9.878981,-12.908842,-3.7910645,-6.616825,-1.2357329,-0.66541314,2.735454,0.79881823,-8.250487,370.3237557148782,0.08087158203125,0
-285.64273,170.69319,-18.891087,32.212204,4.7756653,-14.559087,-18.677755,-35.513023,-3.9511418,-8.810132,-21.004913,-12.511035,-10.570351,-1.6823605,-12.944172,-8.241301,5.903145,-13.386192,-6.6135225,8.493414,156.0481635029102,0.0455322265625,1
-273.13046,137.0899,15.482446,33.58647,-1.6760538,-24.021212,-3.493365,-15.45918,-17.551403,-9.346655,-14.955406,-21.430744,-20.30812,-16.935028,-20.210827,-11.900042,-3.5448618,-8.708851,-6.885591,-9.676495,340.56671913613224,0.0308837890625,0
-151.6169,53.98991,-121.908066,70.4366,-38.491924,-19.555344,-4.0853524,-11.561057,11.433668,-35.794376,-11.908428,6.380102,-0.90536356,-14.13773,-13.234695,-0.7944078,-6.2890196,1.3188441,-6.973711,-3.291715,421.6157956873365,0.205291748046875,0
-230.46739,124.68982,-24.09749,48.969223,-32.463936,-36.118576,0.0103337765,-15.494021,-1.6519136,-25.973843,-14.9190235,4.9724665,-21.316402,-14.872609,-7.041597,-14.629107,-12.914827,-7.5866494,-4.8193765,0.48100972,389.32030991150725,0.093841552734375,0
-287.3607,229.27965,-6.104123,-0.7948284,6.9226313,-16.180267,-7.1759415,-4.1902175,-7.3658214,-6.0036783,0.36064672,-2.532847,-9.625954,-6.7778807,-12.274008,-12.138053,-3.1454504,-8.303326,-11.8642025,-6.2210693,0.0,0.035430908203125,1
-231.59012,164.96213,-15.31069,61.405624,-10.626623,-3.480111,29.55618,-24.113773,-8.467049,1.8277647,-0.8308309,5.7113695,-4.3110733,2.9320836,2.2218864,-2.0374184,0.49897814,-4.930935,-4.5435057,-5.1189485,158.96201783441248,0.044647216796875,1
-279.86594,182.94162,-28.139336,30.74458,-4.587944,-32.563004,-20.090567,-25.053905,-2.0912175,2.4380689,-3.563099,-8.015825,-9.626958,-10.245645,-13.309758,-3.3285122,-12.701504,-9.613594,10.996817,-0.7007285,193.1179706844072,0.062286376953125,0
-291.55005,224.63347,-19.461178,-11.727122,5.603247,-20.412567,-27.13487,-26.370548,-14.915571,-3.4267142,-2.3617735,-7.573708,-9.441878,-13.249191,-16.388615,-7.4763384,-8.230781,-9.608257,2.12633,-2.6215818,260.65830851389114,0.0487060546875,0
-194.82083,176.13635,-44.3279,20.394247,-13.506399,-22.882984,-6.223231,-11.678806,3.3722699,-12.386577,-12.236418,-11.676321,-9.755693,-2.8910353,-21.133158,-10.999746,-12.682486,-23.864544,-4.9417863,-8.352877,146.93116483470817,0.05804443359375,1
-228.21794,180.99658,-39.18177,79.78912,-10.044637,1.5300295,14.256401,-27.935421,8.584934,-9.138586,-2.9993186,8.027864,-2.4138813,8.4389,2.3591762,6.4381456,4.179406,3.1127284,4.492042,-3.9981804,0.0,0.012603759765625,1
-213.86676,172.11945,-48.198895,83.87623,-1.0249966,-12.286693,-5.210917,-29.38559,19.567066,-0.35320652,-4.4361267,3.8038545,-1.9148545,9.593922,1.140608,9.222801,6.167647,-3.46495,-0.8166166,-7.0779104,134.03506671363084,0.028289794921875,1
-203.28131,174.71619,-27.08113,64.90849,5.331874,1.7122357,-7.3473377,-19.747599,10.377178,-13.858152,-9.422043,-10.486404,-10.044097,3.2817767,-11.372004,-3.419748,0.3286348,-7.69102,1.3607163,0.22083372,171.17567959146157,0.043426513671875,1
-242.74149,179.9367,-40.150948,40.79436,-8.589741,3.9041467,-5.212485,-20.916159,3.8027892,-24.592056,-0.072877645,-5.4377604,-16.056,8.614774,-11.856805,-5.978047,1.0485077,-9.016399,-1.192769,3.5801682,168.3921382896425,0.0426025390625,1
-244.43024,220.01004,5.550994,14.757141,-25.514915,-10.624072,24.656904,-10.141413,-17.462763,-9.374198,-1.6424859,3.1493604,-1.4734669,5.2687135,3.4648035,-2.9108973,-0.10596201,-1.6264694,-8.600567,-6.6852427,179.80482333178273,0.040435791015625,1
-242.12042,180.83342,-29.16981,42.058147,-21.355438,-34.47989,-4.821847,-31.601141,-9.881156,-2.702766,-3.408875,-7.6408224,-22.644257,-10.502291,-15.657998,-12.707722,-0.6187254,-15.771688,-13.503925,-0.20483807,0.0,0.0718994140625,1
-195.73712,143.08206,-34.15763,61.281837,-4.0119796,-13.446406,-3.547867,-17.78123,-2.2112064,-6.7457237,4.8426204,-1.0898886,1.1051404,2.2360792,-6.5480747,6.1847796,-1.1857485,-0.12447882,0.51286006,-11.422342,275.2341754466205,0.076507568359375,0
-348.10776,96.79907,17.669762,29.550108,13.411697,-14.17587,-3.1751723,-5.622987,-17.474752,-12.166581,-11.824623,-8.921517,0.6664552,-0.85914946,-3.5587745,-1.1362519,0.017782867,1.9563923,2.052686,0.82506156,466.75558123658266,0.1163330078125,1
-229.44968,166.63747,-36.768322,83.03659,-26.278538,-26.82797,18.2087,-20.035072,7.9036937,-6.429606,-0.17735642,10.408106,-14.963272,0.72349626,-6.518322,-7.000567,8.222176,-8.217263,-6.14048,2.1814384,131.66417861700776,0.071044921875,1
-201.68867,132.76193,-22.20733,68.92272,-20.952255,-9.928701,-4.4132323,-30.358147,-6.2979603,-26.66093,3.331135,6.6455,-0.9430249,13.151737,-13.363818,-0.92889935,0.99716926,-9.251057,1.6657941,-9.353275,322.9381389103486,0.09588623046875,0
-190.14731,178.7779,-52.661415,46.88672,-21.721132,5.361302,3.2918644,-55.44545,1.5349417,14.459606,-7.025927,-18.485188,-12.5645,5.1996083,5.5609107,-0.96636695,-12.109959,-9.18593,-21.125755,-25.35105,136.4514539821299,0.077484130859375,1
-258.9979,117.01859,25.366335,56.041527,-29.159534,-32.91221,-11.548744,-18.982903,-4.4813104,-15.248369,-12.956888,-13.475779,-7.735943,-3.3630676,-16.371716,-8.561336,-20.963673,-19.410013,2.9988444,-4.404619,368.389444880898,0.041046142578125,0
-228.62837,134.7272,-3.7729638,53.22121,-13.157177,-27.513462,-7.3233194,-15.796888,-1.7474566,-14.762178,-10.40423,0.34225476,-6.4805427,-11.943568,-12.095827,-1.4506028,-12.140643,-12.161926,-1.1714374,-9.980915,323.4823849695176,0.04608154296875,0
-249.2503,178.54224,-2.6259549,63.086555,24.083708,-8.031785,6.6415205,-15.055029,-9.340479,-9.87468,-10.853802,-6.76914,-11.530629,6.1546063,0.52165616,-12.897627,-0.6845016,-3.6566148,-4.549405,3.1294494,124.54086026719082,0.02740478515625,1
-226.27667,120.915726,-20.42781,87.39759,-28.068903,-27.99777,-8.090008,-16.126444,15.677694,-19.52471,-7.4996433,1.5440905,-14.045174,-12.743904,-18.214928,-3.3667436,-10.336532,-18.072132,-7.2137585,-9.921593,278.51179483433066,0.118255615234375,0
-233.74675,179.85843,-48.97809,25.293743,-5.2093554,-8.489014,-25.26992,-39.360622,13.441805,-8.292355,-17.393585,-10.27708,-10.321465,4.428426,-23.532822,-10.709164,5.4967256,-20.69588,-0.25594747,1.8916903,155.68676569989776,0.057952880859375,1
-178.26596,149.52412,-60.081318,95.805305,-10.076872,-29.113413,-7.362194,-33.465393,2.85391,-22.71582,-14.238822,6.8396397,-8.895338,-4.842234,-11.832941,-7.1545897,-3.9070728,-9.634216,-7.8498154,-10.186071,179.42466469663685,0.054962158203125,1
-344.0137,108.276886,-13.111611,18.382603,13.925211,0.10345912,-5.9768243,-14.93214,-2.1024866,-9.918898,-17.280045,-17.716427,-14.932885,0.8416351,-14.35335,-12.95082,7.7123685,-11.0553875,-8.219587,-0.73443234,234.8948568366973,0.076202392578125,1
-205.29756,154.98584,-41.61508,49.95353,-55.111183,-32.064156,0.61178094,-29.148119,3.9404197,-18.263714,-9.545471,-2.2932067,-17.464886,-4.624449,-7.102778,2.2219224,-2.5432024,-5.9475718,-1.1486334,-8.65904,242.28484588149703,0.07122802734375,0
-220.61217,144.58337,-57.17932,31.28122,-28.723568,-27.289341,-15.904455,-23.738583,2.7855132,-23.546757,-13.68824,3.4691496,-4.0591955,-8.280005,-10.802202,-1.6644912,-5.9982386,-0.8701061,0.28931868,-8.279642,276.0980669021188,0.05950927734375,0
-288.6495,155.60258,0.5432005,43.79029,-4.902459,11.70757,23.175232,-8.343068,10.535088,-0.088840485,0.021208584,4.924657,-4.656803,6.357794,-1.5944562,-5.5954165,-1.4560966,-4.6933947,-3.3550417,-7.630057,179.02433983786764,0.02947998046875,1
-200.18846,201.12271,-1.5427158,14.770575,-26.010674,23.782612,4.042668,-33.768238,12.924725,-5.950344,3.058486,6.715622,-9.194073,14.793372,-9.433477,-19.42651,-0.22474018,-6.2937326,-2.6990273,-3.6567843,167.1827565389364,0.04852294921875,1
-248.53886,124.31842,-33.309544,36.211082,-2.2625587,-34.961998,-5.0160704,-5.46613,2.5793161,1.6783237,-0.2743479,5.593315,-2.08624,-6.2147355,-4.99473,-10.046141,-10.202369,6.261823,10.645081,12.829814,426.91075085857005,0.082305908203125,0
-207.09503,167.21994,-6.6254625,66.125,-54.586647,-18.005295,0.06844747,-33.10465,1.2617788,-29.936779,-5.281144,5.398187,-20.088455,2.1523929,-6.3053102,-11.776508,-2.4319234,1.5450709,4.796189,-11.790775,170.87711561830443,0.052001953125,1
-253.78746,157.03833,1.3893676,75.202896,-5.0088444,-12.884159,2.051856,-22.496696,-2.714468,-14.132945,-11.416838,-10.761833,-15.1146145,0.6890032,-6.4422426,-5.74825,-3.383224,-5.7719803,-4.170988,-6.3740926,167.22779613930328,0.046844482421875,1
-163.27698,169.67207,-73.341774,49.974556,-17.953253,2.9129739,-2.5304532,-15.97083,26.369839,-10.942757,9.483227,8.761957,-4.6839523,11.8967285,-5.703437,1.7734058,-1.2073212,-6.244644,1.5027158,-4.9403453,295.7774312229928,0.08319091796875,0
-241.00528,159.78014,-6.4161363,47.187843,-7.6960135,-16.085007,-15.519351,-27.296122,4.8111024,-17.953388,-18.853565,-6.812231,-10.46756,0.6088234,-10.596737,-3.6055834,-2.9363375,-11.351313,3.2080483,-4.6025934,255.90942810215145,0.046539306640625,1
-273.53555,122.45837,2.2541032,113.36194,-7.9367223,-24.145184,26.87682,-18.607819,-2.8173623,-11.171447,-18.11728,-3.0561295,-14.229352,5.4389334,2.7678318,-9.682386,1.5882112,-5.41688,-2.1296372,1.34323,159.49696627526794,0.087738037109375,1
-223.43369,177.52771,-26.011591,32.04379,-25.228352,-15.717836,0.48516828,-16.993885,-0.22214392,-11.844526,-7.887006,-11.107004,-10.130811,0.9590486,-13.969185,-16.379322,-16.609156,-9.054033,4.9751697,-4.751777,279.26341439766173,0.064422607421875,0
-246.53943,185.46666,-69.01004,53.101486,-31.297821,-0.19230723,-1.6053429,-14.906015,17.897596,-10.587708,3.5078683,-4.8408413,-10.820459,-0.6668998,-3.467031,-3.2926311,-11.657854,-13.4812355,-12.508081,-4.570245,0.0,0.106201171875,1
-244.42258,116.7332,-23.100143,90.95779,-23.98941,13.813774,-6.3679476,-35.55458,9.5601635,-15.172433,-4.849636,-16.098042,-0.66159713,7.444515,-14.988296,2.3938432,-0.23814106,-1.0196302,-7.2445655,-6.5255685,142.7944109521056,0.168792724609375,1
-212.8953,128.167,-6.622602,55.268135,-32.96844,-40.437523,9.754082,-12.624523,-2.2665887,-8.996957,-11.749417,-4.669177,-26.330242,-17.325386,-10.217189,-18.924208,-11.495897,-3.9398518,-1.611826,-4.193518,346.89009992854216,0.049346923828125,0
-200.58517,151.48517,-68.94498,66.77441,-27.161402,-11.028051,6.297705,-32.924377,9.561789,-11.879145,-11.904832,-4.35737,-12.526389,3.409368,-13.541765,-16.115068,-5.192567,-11.354002,-12.570711,-10.063906,157.65815771821462,0.118255615234375,1
-219.4403,158.75435,3.054519,23.469322,-14.66567,-12.291343,-28.815125,-25.746532,10.264259,-27.74308,-18.769302,5.3799944,-10.642748,-1.0260417,-1.0716802,-12.244091,-13.042275,-3.7010193,0.7086668,-2.915132,384.2688464008736,0.045654296875,0
-307.9894,159.71642,37.044044,53.013233,22.373585,5.166271,-5.140678,-19.315649,-1.0593128,8.477862,-2.5108194,-13.592028,7.154105,9.654181,-19.33626,-2.9251916,6.780615,-14.733858,-3.3547537,3.9794142,103.46298012546885,0.048492431640625,1
-258.80103,135.10176,0.35181022,62.997612,-26.703094,-18.12383,-15.77615,-36.674515,9.676653,-13.879995,-13.511065,0.42676464,-9.308307,0.79072034,-4.4597664,-1.1712422,-7.070055,-11.44395,-3.2398894,-10.482667,345.98295553832,0.057464599609375,0
-227.53671,141.25839,-34.008003,40.728527,-45.709885,-18.64886,-16.285717,-29.714191,-5.2950892,-26.563503,-3.6445746,-7.1481295,-6.8474665,-0.36762977,-11.452007,-0.92973214,-6.382565,1.8292681,-3.0846066,-13.293314,317.12377930696124,0.106689453125,0
-187.1583,153.7041,-43.441765,63.24838,-39.848785,-24.682665,5.339056,-12.925808,6.711528,-17.696543,-9.0379095,-11.851723,-12.720264,-7.4548235,-13.63118,3.7038534,-8.838621,-6.599594,4.0050693,-6.7684836,274.28276091250405,0.073150634765625,0
-106.94139,156.36302,-87.95596,83.947296,-25.389725,-10.04385,0.22916079,-8.419862,38.612984,-9.212296,4.605679,-1.397654,-10.951759,2.8759742,-15.650854,-0.076571345,-6.4098577,1.9076376,12.549585,-1.7763342,377.446489538576,0.13995361328125,0
-231.79381,149.81958,-24.507523,10.843212,-26.306305,-20.48111,11.807178,-21.307247,-11.686218,-10.6628,-17.468592,-2.2270458,-19.17213,-13.179582,-1.5493393,-21.648926,-15.193989,-4.3554225,-3.9449954,2.633989,327.1398165805794,0.067596435546875,0
-283.1151,130.18753,-9.257618,43.070183,-16.931671,-34.24778,-4.2591696,-11.184383,-6.2149,-13.619505,-13.173837,-12.164965,-9.593456,-4.022253,-14.998735,-10.018344,-8.828957,-8.412941,-3.551487,-11.630114,302.6254012834058,0.050018310546875,0
-214.54071,158.59216,-32.504444,42.80343,-16.706184,-23.538801,-9.789978,-18.657358,-10.363879,-17.631325,-9.1723995,-18.880795,-15.7955475,-15.329985,-21.981255,-3.7018628,-11.462496,-7.7177105,2.0676281,-14.9391,321.2919204532911,0.06329345703125,0
-277.91248,181.98022,13.980329,33.60277,-2.2702098,-23.267502,-8.855861,-14.999561,-4.8453894,-3.9880419,-5.952443,-3.8838158,-1.8203886,3.1394274,-10.153215,-10.544425,2.2166786,-6.539028,-11.905357,-5.8404717,161.9125340978387,0.036834716796875,1
-290.59732,170.8162,23.949167,35.722683,6.515983,-2.4388518,3.5820484,-9.635191,11.690153,8.350654,-19.80074,2.3913107,21.61355,-17.789864,-14.453934,17.05386,-7.4092565,-1.7467155,10.307257,-9.39197,310.88832782312795,0.040008544921875,0
-252.78046,194.29321,-50.742798,-20.91613,-27.588493,-30.628546,-5.3902926,-26.60312,-15.003142,-3.1786969,-13.294836,-12.684767,-16.415977,-11.976275,-9.324537,-12.245156,-7.372904,-10.369148,-12.664181,-6.8117857,193.62148411652163,0.05853271484375,1
-224.37637,183.4951,-46.895035,37.02502,-19.030552,1.7711148,-10.096249,-38.82785,14.399778,0.3846423,4.9705424,-1.2950044,-9.631063,14.213642,-7.0699673,-9.806038,-4.323124,-9.603144,-3.859769,-1.725326,132.72994364006175,0.04718017578125,1
-233.82947,173.17224,-21.273678,30.544838,-12.732415,-23.063961,-4.4653306,-21.58844,-7.291216,-27.377056,-22.493187,-0.7388072,-17.315437,-5.4898176,-6.4629717,-15.833617,0.09110126,-0.9740509,-2.1811204,-5.501013,173.85704258219442,0.043243408203125,1
-284.61887,165.20697,11.54095,56.039295,14.628935,-6.978523,8.048008,-5.3559937,5.7182164,14.446371,-0.8711295,-1.3466377,16.607897,-4.9022818,-14.287832,13.945501,1.7034798,-7.3032036,1.050476,-1.5903268,0.0,0.030364990234375,0
-222.23578,169.75964,-22.448095,34.79053,-14.933702,-31.10801,-5.742378,-12.958003,4.4089756,-12.679081,-15.679099,-0.57157487,-17.280657,-13.667463,-2.0943239,-17.640219,-26.449394,-5.3245177,-5.0873137,-14.649545,276.07740616911803,0.034759521484375,0
-272.4358,192.055,9.18361,50.771935,-20.024414,-3.644671,23.307999,-36.193024,-15.369993,-0.2677995,1.027889,6.326784,-15.69449,5.107277,8.679793,-14.772082,-0.12605381,-2.9511886,-13.618528,-3.321845,69.26837101178543,0.0291748046875,1
-277.1499,195.98547,-27.81352,23.47778,7.3581343,-2.0766358,-12.465616,-29.670155,-8.392096,-21.088879,-10.046764,-7.052224,-17.502407,6.6171565,-10.18461,-17.28897,4.5747952,-8.355968,-8.785621,2.195747,149.135153780132,0.0458984375,1
-226.46265,118.437065,-13.083393,66.911896,-32.040775,-29.839108,2.7357576,-21.954147,-3.0183537,-11.425501,-3.0170312,-4.3899674,-15.983599,0.4768095,-0.45938706,-4.937005,-10.232056,-5.6430216,-1.8457186,-3.8290465,324.9379641221165,0.102264404296875,0
-184.2901,164.55756,-29.669937,53.194397,18.700445,2.5810857,3.7166333,-6.4564486,20.728012,0.9259487,-1.1710476,9.394619,3.1230152,5.9248333,-5.311553,0.5022398,2.3605785,-7.3034163,-0.97904885,-1.2287576,121.2125585132766,0.030914306640625,1
-248.88403,175.26505,-23.007744,21.172462,-30.549456,20.311491,22.408081,-34.654793,14.210173,2.7031565,1.7039852,22.479332,-6.07807,-3.1834784,-3.3899124,2.78227,11.518768,-5.275618,-6.3238597,-8.178379,192.63868136805905,0.062255859375,1
-223.36487,166.62122,-33.29241,48.128563,8.936113,-40.508934,-17.0896,-26.398125,-15.138339,-7.7586746,-8.676017,0.8921298,-4.3548565,-2.076643,-6.8479576,-17.658354,-5.685658,1.8674455,-1.0248027,2.0927389,181.2187523547205,0.0458984375,1
-228.1075,181.95882,-25.10534,55.993755,-36.25422,-12.476787,12.142361,-27.79747,4.355125,1.4453003,2.4115667,0.8426393,-8.124262,1.7871295,-1.521795,0.7976862,-1.5846524,-7.728698,-2.1957235,-4.477587,157.33243518164397,0.049774169921875,1
-311.44263,140.45259,27.113005,75.28339,5.0639176,-16.464306,-12.040237,-12.590481,7.2468123,-13.672232,-8.539524,-5.819557,-10.752687,2.3817515,-11.284479,-8.421923,-0.7241193,-10.480162,-2.4937959,0.78904593,184.0708776522773,0.0679931640625,1
-205.0227,128.89748,-36.36219,92.64993,-14.747122,-16.899609,-1.1696074,-22.382998,-4.297014,-28.67545,-12.411826,-10.247117,-15.98673,-4.5672593,-14.7221775,-11.358412,-8.645643,-15.6628475,-12.219347,-3.5078297,0.0,0.11676025390625,1
-271.00818,176.43117,-20.433765,-0.25152707,-41.377525,-24.24437,16.334398,-22.60573,-20.18271,3.9445846,0.54849267,-14.091474,-12.05979,0.935434,-11.69839,-12.394954,-5.781921,-7.6437197,0.41530317,-7.7669697,300.0840126377158,0.053497314453125,0
-201.90115,151.40067,-23.439196,76.225876,-10.23479,14.691767,-5.0210166,-19.840092,9.2482395,-15.583879,7.1799927,-10.259518,-12.130858,4.193182,-5.680324,-3.8999143,-7.147126,5.211816,-1.3655711,-7.0573063,144.3006601629247,0.0606689453125,1
-234.89291,138.01997,5.7510157,45.224762,-30.495512,-16.042404,-0.33049858,-13.074358,0.8850226,-14.55253,-1.7555332,-8.594202,-13.125147,-8.2612095,-19.565535,-1.6992224,-7.093382,-9.521974,-1.7544236,-11.546147,302.6723234563192,0.06207275390625,0
-239.2393,152.31543,-30.592026,69.096924,-8.694393,0.17241311,3.9558082,-32.52156,4.2846937,-19.555775,-18.341677,-4.919462,-24.871347,-5.889841,-2.6738267,-16.768242,-4.7798834,-9.71257,-21.772102,-4.927147,143.61526252397496,0.06884765625,1
-260.68665,192.92213,-33.976257,12.644846,-49.47576,-14.297728,8.968666,-32.688286,3.2725754,-11.837311,-14.514796,7.6587744,-6.952282,-0.44667482,-7.496355,-9.178746,0.26789802,-7.9969525,-5.630263,-8.432545,168.07921942568152,0.06317138671875,1
-222.8807,149.61143,-40.82821,18.164846,-57.294567,-14.132303,-5.0001216,-24.95939,16.826403,-20.742163,-18.248127,-5.3787956,-10.085182,-2.9315028,-11.997396,0.5939529,-8.651186,-10.90662,-0.95609224,-9.953093,300.6816170772578,0.070953369140625,0
-194.60712,119.71797,-15.503801,109.29888,-35.42709,-4.2734127,-2.3042316,-22.945244,9.770236,-18.274801,7.5993366,-13.2708435,-13.232979,0.6787383,-20.621153,4.0488563,-7.199538,-14.726028,3.3947127,-6.6470494,197.7978963227722,0.1171875,1
-277.76935,171.17505,-6.3342295,30.21174,19.813389,7.76423,10.740562,-10.473406,-7.76497,-11.846791,-9.156075,2.2923155,-2.4064224,-3.5101883,-6.34597,-4.0244017,-1.6138577,-7.646719,-3.827404,-2.2311254,169.76147138744807,0.020843505859375,1
-225.36847,185.46713,-33.244663,15.1458,-25.119638,-27.822987,4.894721,-26.997528,-17.776415,-3.550455,-5.9905243,-16.32162,-19.820763,4.9874883,-4.831795,-9.657935,6.134909,-4.2951465,-0.49349594,0.48483646,190.7735535597981,0.056427001953125,1
-192.21219,149.03654,-33.147533,83.33899,-14.551938,-13.557034,-10.222877,-25.257786,22.577711,-12.922995,-21.492767,-8.538776,-10.295629,-11.049158,-13.373329,-5.395315,-11.239295,-9.951848,-20.261911,-16.944458,197.116223043663,0.05224609375,1
-234.90988,161.73752,-74.06055,30.682487,-40.611862,-28.120552,12.370611,-11.9176445,1.4721731,-19.840733,-12.691373,-4.0314407,-12.45714,-5.938093,-16.434168,-6.7992973,-0.9741997,-8.972012,-2.946065,-3.7621562,319.9696818522225,0.07147216796875,0
-288.5838,164.6434,6.249104,5.7215657,5.833918,-5.407801,-18.774288,-26.940216,-2.312654,-1.464221,-21.892818,-12.730464,-1.1973335,-10.399126,-13.090914,-6.7899065,-7.057119,-6.64214,-10.178038,-10.868598,332.9736251880946,0.02862548828125,0
-310.5512,143.00941,1.2171013,22.15784,13.804848,-1.8059179,-1.3276298,-18.022766,-14.983316,-10.217699,-12.367304,-10.642278,-10.667025,-5.0620327,-5.3625374,-5.185825,0.34196973,-3.6035523,-4.136694,-1.2553989,233.7999531013134,0.052703857421875,1
-218.46783,129.8196,-49.016792,58.192764,-20.882748,-21.697561,-20.363827,-25.220928,21.927094,-17.48285,-19.322853,-5.4342384,-14.236183,-12.795734,-24.580076,-12.192872,-6.128147,-4.221341,0.06553972,-10.10442,312.0226825751082,0.10504150390625,0
-207.55609,144.5028,-32.950745,54.01938,-11.153232,-14.395628,4.407632,-19.990509,3.2594852,-5.4497743,-3.9213145,-0.09893608,-4.966494,9.718617,3.8494577,-1.1046377,-3.8531728,-6.31201,-3.9726238,-8.252666,237.19811515192183,0.10797119140625,1
-274.9071,170.0498,-3.1697369,36.678253,16.084288,-3.602468,-8.248408,-24.389515,-2.9124832,-8.560898,-13.8225565,-5.8066483,-13.639309,-0.9965662,-4.2922153,-12.06905,-0.3574252,-8.45898,-7.9780025,-3.1762295,147.8438273617319,0.029571533203125,1
-292.5542,192.27736,-6.3808837,32.791695,-9.793647,-5.65622,3.1310701,-24.91583,-2.1531582,-12.106352,-12.8387165,-3.825697,-18.555733,-5.6413307,-3.872292,-11.102636,-5.9448705,-4.04659,-3.793245,-8.107757,163.09959685417587,0.033233642578125,1
-190.8029,216.82608,-50.87089,33.52147,-32.566147,-8.019249,26.56641,-22.016218,1.1511343,-8.796696,-11.378731,4.972069,-5.982905,-4.2679367,-7.5537257,-3.5230806,-2.4451356,-4.4342747,-1.3533034,-10.815458,138.76550263926353,0.05718994140625,1
-260.2776,109.41838,-18.145916,54.463165,-40.801636,-26.056992,4.3676233,-38.16835,-7.5106387,-12.412968,-19.940798,-7.240472,-10.487827,-1.1602004,-7.9362297,-11.431487,-7.4035215,-7.336048,-5.3752885,-7.0470924,315.75226862518736,0.093109130859375,0
-261.56628,156.897,-5.6018295,25.730564,-13.836403,-24.974094,-16.280878,-23.19907,1.9648863,-2.672868,-9.455163,-3.3780138,-13.94899,-17.201662,-8.611834,-8.460315,-14.595122,-7.914358,-2.7711549,-5.48092,275.86410591538134,0.041046142578125,0
-195.89023,176.0277,-53.793964,82.757355,-10.742239,14.308894,7.2911673,-24.256092,15.764632,-10.753366,8.959923,7.282699,-4.956438,9.116437,-0.1810013,2.0648794,-0.46040714,-1.1833622,-1.3732187,-2.176052,0.0,0.066131591796875,1
-245.82501,169.36661,10.6758375,52.877438,8.910938,-1.8971618,-0.7537072,-19.132591,-3.1673403,-14.326319,-10.367942,-10.642891,-19.397919,1.3186616,-6.2400913,-8.723757,0.66875714,-7.7801075,-2.1480331,-1.4796177,136.82113530458324,0.035491943359375,1
-255.48833,167.26134,-2.8020606,27.716068,-24.874363,-27.470146,-15.028829,-18.459991,9.804716,-9.324495,-16.492567,-2.478015,-7.700045,-10.69636,-16.611044,-11.501308,-6.67295,-5.6936407,1.743334,-4.221606,284.63464656423474,0.068389892578125,0
-260.31702,153.09824,-10.817518,104.4977,-16.71236,-38.199425,-0.8966241,-15.474443,9.932703,-12.30351,-5.3737354,4.782955,-1.195112,11.193802,-8.739403,-6.249549,4.610425,-9.458519,-4.199868,2.1046443,65.40639132514966,0.061553955078125,1
-287.46524,177.06386,-3.327736,39.143253,-24.127647,-11.70958,12.851998,-34.39709,-9.562187,2.8994532,6.6672354,11.3016,-12.876796,4.0243855,2.4383378,-16.505016,-1.2236559,-5.3446054,-13.265142,-8.187718,88.07449880376615,0.046356201171875,1
-201.12167,174.84206,-19.208092,73.23966,22.207794,-12.243845,-11.740048,-19.108316,23.863888,-7.953373,-24.34714,-1.3192314,-11.2432,0.88318944,-7.8127623,-9.31678,5.068853,-14.203381,-3.8435855,1.8282263,127.10112583742114,0.037200927734375,1
-215.4448,181.21149,-38.209198,11.879424,-17.972845,-7.9626093,-5.8613644,-30.76437,4.613559,-7.1650934,-15.757671,-12.302763,-26.095146,-17.71864,-21.242321,-15.442097,-8.274929,-12.459789,-2.3517594,-5.0874815,351.6647407419687,0.033447265625,0
-254.89645,127.512054,-27.067867,42.01799,-12.663425,-34.798344,-15.057858,-24.72742,-2.2119021,-9.819048,-12.064831,-6.944369,-26.790089,-19.08647,-8.644127,-2.6949255,12.3597355,15.875267,11.807411,3.7939148,468.9794288001315,0.07818603515625,0
-238.03183,113.61799,-38.166115,90.46008,8.343868,-59.26219,-24.820904,-22.561687,-10.532747,-18.031065,-11.279476,-2.1628473,-13.856006,-2.0704718,-1.354714,-9.208047,-3.7803278,0.35970953,1.9451294,0.045584098,229.49391694444031,0.0498046875,1
-227.55096,144.69397,-14.409061,33.143776,-24.17764,12.35495,-13.007793,-36.965206,10.134413,-13.305119,-5.2437477,-2.1990519,-15.624925,-7.9005446,-11.402779,-5.355274,-5.612034,-0.9474253,2.9681396,-9.820935,309.68865886882065,0.0599365234375,1
-208.24252,152.76447,-51.751152,11.067877,-53.204132,-20.010433,-10.693473,-32.031204,-2.514759,-25.26292,-7.777533,0.08608246,-12.169577,-2.7864249,-10.034337,-6.81211,-8.341373,-5.0709424,-2.3099585,-5.8100843,347.0011616677182,0.0899658203125,0
-248.69379,195.57318,-60.21223,17.890316,-1.3055218,4.3726196,-12.142868,-23.384403,8.328924,-10.928471,7.965602,-2.7620616,-25.108196,0.6253417,-8.16083,-13.2336445,-5.201346,-6.1767807,-2.3283355,2.501659,164.42164523401965,0.043548583984375,1
-264.09845,106.76226,13.14343,67.98102,-57.380005,-16.944527,0.6919136,-37.11097,-0.86171544,-3.40942,-5.5096216,-6.702429,-9.871668,-11.763285,-9.0639515,-5.2384434,-9.524486,-1.7528601,-5.0468664,-4.3203297,309.84998430937526,0.159210205078125,0
-232.61377,173.78076,-59.393097,14.77775,-29.381214,-28.614986,-0.33087564,-34.86015,-4.889719,4.2753453,2.815723,3.95091,-23.527771,0.52198267,9.182506,-13.966529,-4.1047344,-3.8828366,-5.14152,3.2785795,159.9574403955058,0.085479736328125,1
-197.25383,168.1476,-53.664104,81.97649,-26.020092,-31.312988,7.810375,-13.6067,15.431379,-6.1596766,-2.1756098,0.7414944,-10.432905,0.7768333,-14.317211,-4.284461,0.7976351,-10.006741,2.28585,-2.4302359,241.1439416742253,0.110137939453125,0
-220.91379,160.40665,-29.76503,22.832516,-20.282555,-16.021793,-2.7583356,-24.559563,-5.299327,-15.92666,-14.821563,-5.4236956,-10.204983,-3.5623298,-8.329424,-5.2745123,-1.1443481,-0.881735,2.2991605,-3.535666,243.64070305771853,0.05682373046875,0
-169.92621,154.23224,-59.225487,32.916237,-63.747475,-38.63114,-5.614347,-30.81757,12.125645,-7.6029153,-8.877094,-0.72440064,-15.431637,-8.876621,-10.382265,-10.416055,-11.225517,-1.7786499,-3.3692505,-5.78798,316.3986901224456,0.06976318359375,0
-185.53687,177.63527,-12.135574,62.379475,-41.497566,-6.6115723,7.928194,-25.545261,14.199225,-0.96744704,2.5329032,4.764305,-1.2972503,3.0171814,-7.870719,-6.5394783,-7.8548865,-3.1994379,2.4966683,-1.5320673,129.27740779812174,0.085296630859375,1
-249.90282,153.20683,-23.94576,60.10135,-24.242619,12.417171,5.301262,-27.154911,17.11095,-1.7838187,5.398797,-4.416215,-6.0272446,7.6060658,-13.670509,0.9594302,1.7887126,-7.7772098,-6.000285,-7.0283976,0.0,0.098388671875,1
-250.0133,108.480446,4.037908,99.47093,-31.533348,-9.176381,8.068271,-23.593756,0.05332613,-9.563632,7.967996,-13.705929,-15.151115,-0.5314769,-21.352303,1.3952694,-3.7615182,-15.349492,0.87888175,-7.8056145,196.99004382830665,0.07061767578125,1
-274.6057,161.41516,10.516165,78.6482,22.262453,-24.877731,-5.3722386,-12.087999,-3.024601,-17.068989,-13.836206,12.864332,-5.5050373,-11.087199,-3.7505894,-9.975304,-3.997572,-3.8180528,-11.772358,-11.978943,241.2787469995733,0.02386474609375,1
-199.61636,163.04767,-52.547726,55.55721,-5.634374,-25.727432,1.6547761,-30.53843,-8.476867,-6.245768,-8.365202,-0.27687478,-8.78776,3.4923518,0.72582185,-8.339315,1.9265963,-1.0712047,-10.392809,-1.8526944,182.95338273541265,0.058135986328125,1
-191.16405,138.70248,-55.693703,60.093204,-13.7090225,-37.349854,16.660679,-24.966118,-8.352299,6.1790867,-20.585804,-3.8844795,3.415335,-11.914801,-10.996366,-6.9416223,-15.578776,-14.464468,-5.07174,-5.8141475,373.968194807253,0.061279296875,0
-271.99258,161.98438,-11.491861,-6.6216197,16.487982,-5.79045,-26.183092,-17.155071,4.9111137,-4.8922257,-17.284859,-3.8753443,-0.18592143,-11.737382,-13.593638,-8.705122,-10.483507,-9.693422,-6.9286723,-8.150858,306.6113796104064,0.051483154296875,0
-204.60994,172.99672,-63.621407,59.52089,-10.25282,-44.07128,-8.000138,-18.755726,-2.6128826,-2.0822167,-9.8645525,-14.486909,-14.310366,-12.933142,-7.687568,-6.1317987,-13.46455,-4.685324,-10.434508,-12.130113,308.3586065643587,0.06512451171875,0
-250.22581,154.91058,-21.815796,46.818977,-21.00608,-35.277428,7.3790646,-32.093166,-23.014812,-0.15300131,-10.766596,-11.89765,-7.513397,-2.3913033,-8.084466,-12.015202,-10.389734,-8.939254,-3.387095,-1.5466652,319.9861032989068,0.068359375,0
-233.44199,162.19417,-13.374601,48.3118,-20.594698,-40.83656,-15.11962,-16.076204,-2.2799363,-13.031843,-6.601897,-10.692566,-12.68634,-2.4529932,-20.327532,-10.212584,-5.669897,-14.332863,-1.2398423,-8.206472,284.8504053493017,0.049072265625,0
-191.05559,161.74611,-16.22945,105.00897,-27.871983,-10.51448,10.574923,-21.513306,6.9255395,-18.288036,-4.7030153,4.1762915,-3.2792451,0.64042044,-8.579618,1.0499084,6.771615,-3.4498096,-7.7824526,-0.74258375,0.0,0.1285400390625,1
-216.83525,176.8461,-34.575478,-8.981403,-35.6829,4.288615,-4.919621,-30.316729,14.842618,-17.452583,-29.544872,-6.9767885,-6.2740784,-1.1817067,-16.019716,-13.143274,-6.6400914,-14.128925,-13.058533,-10.099541,356.40938922213064,0.0521240234375,0
-118.756294,197.84518,-69.930305,44.540485,-39.949944,-19.81774,23.625519,-19.584013,10.82608,1.4808012,-10.135095,-2.8635035,-7.075081,-6.2335997,-7.2148485,3.7495093,-2.9011176,-4.126055,0.61111575,-8.7703705,69.4105213118713,0.103668212890625,1
-304.06952,147.75708,-10.920597,7.523019,-32.882935,-31.877314,-28.609318,-21.887114,14.324465,-18.680603,-28.146637,-6.2545657,-13.936204,-13.576622,-13.968739,-12.869884,-16.19581,-16.212585,1.4916084,12.621037,408.2986610984776,0.04315185546875,0
-281.9931,185.21762,15.170661,48.244225,-1.6876472,-24.587528,-2.7797947,-21.576359,-11.495577,0.48686564,4.8425665,5.0869446,-10.414858,-3.7238555,0.61148643,-5.5054846,-0.9792189,-2.1632166,-5.3744383,-5.8651643,134.50691546648915,0.035491943359375,1
-245.1118,176.65096,-7.337495,14.299399,-33.729294,-12.388806,11.279747,-26.347271,-9.947517,2.5271504,3.664003,4.329708,3.6125505,5.162939,-13.514708,-7.2996006,4.2453246,-8.818472,-5.5493407,-5.0873146,274.7504532104716,0.05377197265625,1
-239.70992,162.13095,-16.35751,55.266914,-28.316746,-39.9864,-5.889893,-25.274946,-0.6676464,-12.340242,-17.215696,-0.62347984,-8.766706,-3.1082258,-6.3205147,-13.142265,-10.233163,-13.468393,-12.315586,-11.119844,263.209801665573,0.066986083984375,0
-226.49896,136.4299,-28.89817,63.586487,-16.942545,-12.723919,-4.2359715,-12.561121,7.177146,-9.714903,3.87486,-0.30471015,1.7121683,-3.190737,-10.141874,5.7717795,-12.503914,-4.975817,0.20594859,-13.840939,333.71421527580486,0.07269287109375,0
-236.51617,156.48474,-26.367409,58.6164,8.807291,-6.2004175,-0.029232979,-2.7284806,13.8688,-13.790665,0.62567425,1.9522163,-11.556257,4.4759254,-9.176553,-1.4847184,12.043554,-2.1996212,-5.123328,-5.5104733,148.66591070090655,0.06756591796875,1
-260.1925,188.91006,-52.32855,38.715546,-6.5038977,4.3748264,7.429467,-13.907843,10.670089,-12.78298,4.806182,-1.5478802,-18.88217,5.8578115,-14.2048435,-12.449369,0.13758552,-8.437564,1.491274,3.010621,0.0,0.057037353515625,1
-244.36209,198.97888,6.5286455,41.204338,-4.2482953,-12.80384,-2.100913,-19.224628,-6.2645335,-9.078776,0.0765537,-1.2427413,-11.326291,3.1576588,-5.6434097,-8.120974,2.0638936,-3.0231607,-5.8282366,-3.4228804,146.08931665402977,0.03778076171875,1
-232.75171,127.79803,-17.588114,33.071564,-15.535668,-16.80286,13.863761,-6.645029,-4.968405,-14.063858,-18.70744,-18.101395,-18.794395,-4.7982893,-5.909423,-2.7219281,-0.24537304,-7.857104,-4.071706,-2.301408,357.6953186841228,0.033782958984375,0
-244.80875,183.59358,-7.5715714,40.38226,-8.746153,0.21825057,-0.8802548,-24.497383,-2.06401,-12.851299,-2.395738,-2.8342834,-13.802166,-1.6482651,-6.5901155,-3.5669773,-1.8476728,-4.0770845,-1.6011893,-3.1459875,227.24072879875803,0.041259765625,1
-324.1391,151.37036,1.8665745,19.009396,9.497502,-8.208355,-14.52462,-25.144304,-2.6140513,4.867625,-6.7080383,0.5258205,-1.0555027,-16.853537,-12.836527,-3.222464,-11.1566,-6.5090723,-0.5553622,-10.549742,329.38285653038287,0.060333251953125,0
-105.447395,187.75478,-71.458466,78.59117,-0.13760233,14.423206,3.0316138,-19.251717,20.477127,-18.498756,-2.0043297,-2.0549097,-13.298647,5.549906,-5.2663198,-3.1198394,-6.104391,-4.5202003,3.3575602,-2.9575536,188.91292691989625,0.069427490234375,1
-289.03125,144.78085,-24.616966,78.950966,8.682216,-27.834248,-1.7115438,-25.531094,-10.957279,-17.501244,-17.637766,-2.007071,-13.041189,-4.1407027,-2.459135,-7.1134515,-1.3897558,-8.685693,-7.0830097,-0.04532984,201.16740707351752,0.041046142578125,1
-169.92276,152.13046,-24.357817,75.90903,-24.762234,-0.76754403,-22.323301,-30.539902,11.31728,-40.124355,-8.248617,-7.840827,-18.582176,3.6287775,-21.817957,-5.830419,-6.615087,-23.167904,-8.110456,-9.745207,145.5372499368204,0.0487060546875,1
-302.73096,142.75992,9.798918,-5.9820743,-23.18248,-4.6809874,-17.263897,-30.642267,-0.15954375,-15.623528,-13.259666,3.5882013,-20.452852,-18.631912,-11.522577,-18.286865,-7.2338686,3.5356135,12.346689,22.457573,421.12643466468666,0.051666259765625,0
-220.95572,138.53793,-12.307751,44.024567,-31.033268,-16.420734,7.4848323,-24.009155,1.5343959,-2.430409,0.22020322,7.144669,-2.035386,1.6945035,-4.986739,5.3550286,-0.5563519,-14.786882,2.176492,-1.164597,270.22469119525977,0.100311279296875,0
-266.88586,151.89853,2.5961013,36.939884,-0.7566113,-6.132195,-12.98999,-26.526484,1.7327111,-20.280172,-22.071667,-6.0986357,-16.337973,-8.32885,-13.324249,-9.456451,-2.6436446,-13.235408,4.665497,6.7465577,166.7785380384893,0.0341796875,1
-225.27597,172.07245,-14.845209,53.8284,-30.071033,-2.2576249,20.056618,-31.56736,-12.00635,-15.975063,-9.098322,-13.297377,-15.032902,9.641319,-7.9217505,-6.6460114,3.2157993,-4.4636917,-4.02495,-3.55388,167.72256526892969,0.031646728515625,1
-297.70557,128.64188,29.497849,36.533455,-27.524284,-24.23764,-2.4656048,-16.813171,-16.696136,-14.021761,-5.8714542,-14.723427,-4.9100103,5.0880117,-11.067627,-2.3555584,-5.5542183,-11.949188,-6.283334,-13.6760025,278.87175645572165,0.044891357421875,0
-310.0893,123.72233,17.32749,43.07341,2.6190727,-29.674671,-12.429419,-19.05754,-10.425182,-7.526558,-18.302525,-5.560996,-2.387405,-6.36325,-1.2558601,-2.9283295,-3.7487807,-2.0143216,-6.0087557,-13.399961,291.0528657107041,0.046173095703125,0
-332.3485,126.80495,-38.800762,52.251595,-4.5817857,-33.65737,-18.007753,-33.387985,3.9669535,-2.2926338,-18.69385,-5.8428693,-9.758846,4.5563574,0.4331957,-13.818116,2.4826612,3.7930734,-7.828895,-2.31595,183.53651770312905,0.1314697265625,1
-245.31412,148.84622,-61.741768,49.50734,-45.84436,-44.648643,-17.024391,-26.175194,5.873493,-11.775915,-3.9844801,5.102195,-3.2476628,-8.055885,-6.6779838,-2.4700856,-9.732454,4.002489,1.2132015,-7.7743917,0.0,0.098907470703125,0
-225.00583,231.57996,1.676878,-7.568286,-17.690622,-4.978099,-8.944981,-18.427013,10.124177,-7.224122,-11.106201,1.5605006,-19.606483,-19.360226,-11.796887,-14.024992,-9.620484,-4.7787585,0.49103218,-1.0760177,177.22816423281108,0.047119140625,0
-297.43738,130.58594,-0.12429428,48.00699,-4.8465633,-42.605072,-12.995079,-3.3265853,1.839376,-8.516905,-8.3606415,-1.3808804,-10.672418,-11.727453,-7.5902224,-4.728324,-10.962076,-13.911631,-3.1963115,-2.3008394,360.4099356198341,0.066986083984375,0
-267.85168,130.31279,13.247529,43.377014,-6.377142,-3.5754123,1.2271745,-2.2732744,16.088034,-13.419905,-5.6209016,7.9944086,-6.6366706,-2.8941364,-6.7467384,-0.8169153,-1.20381,-4.3587837,4.6182194,-1.4872918,383.6853597883681,0.043060302734375,0
-180.02742,141.24448,-77.91994,23.557358,-17.213148,-40.07964,-3.127317,-26.386208,-8.861354,-5.74821,-18.974438,-0.9689424,2.4426894,4.6042485,10.136131,11.887666,12.113242,4.248572,6.980802,14.449736,555.1497792051354,0.070098876953125,0
-265.93076,123.06247,25.923613,71.063286,-25.19308,-14.862758,3.8811884,-26.179796,-3.9593172,-5.6918697,-10.201738,-14.790343,-8.045794,-5.2498417,-18.86388,-6.941882,-12.462179,-11.358448,1.3137543,-10.306171,254.85930461086065,0.032196044921875,0
-284.7649,171.45279,3.130004,35.084282,3.6838565,-23.056263,-15.901699,-24.523193,-1.0833433,2.2172534,-5.1005306,4.747143,3.0402622,9.344484,-3.04003,-17.319633,3.202978,1.4868933,-11.313101,-3.8091836,193.06640656898816,0.0506591796875,1
-174.63786,133.06883,-40.79052,62.903755,-10.2110815,11.295616,16.45488,-10.133396,20.79403,-2.1224918,9.654385,10.593027,0.937485,12.544077,1.5097666,8.190149,5.55075,1.6227918,6.606207,2.1228561,0.0,0.0054931640625,1
-237.0684,147.51855,-17.852516,69.21182,-5.1893034,-21.447695,-15.945391,-40.374405,1.3749046,-27.852068,-29.67056,2.6027238,-17.516846,-8.127923,-12.778938,-7.608535,7.8302484,-16.707338,-0.909177,2.5293849,155.46963608201227,0.05877685546875,1
-193.00629,180.79286,-12.05834,44.03277,-23.4587,-2.2766669,7.0074677,-20.547348,7.970573,-4.9686947,1.1450651,4.1528006,-0.5850235,3.3376298,-6.2672033,2.123765,-8.669534,-13.772987,-2.766423,-4.438395,296.6905750229888,0.045013427734375,0
-278.47888,155.58224,13.097061,62.47153,-20.59055,-21.128674,3.548692,-25.214928,-0.72077733,-3.4001694,-11.432371,-1.7738309,-6.185864,-8.16458,-8.090935,-4.076852,-9.400843,-9.544102,-6.204192,-10.450602,265.91216873824953,0.033905029296875,0
-140.84117,141.35806,-85.14943,49.154377,-29.252178,12.12779,9.94294,-22.04241,29.095798,-8.798159,-10.056486,-0.36509466,-5.0373445,0.21307072,-7.0493774,0.14341822,-7.283224,-3.7670712,-1.5087377,-4.4050236,389.3248752629005,0.15423583984375,0
-248.16954,131.0627,-51.92447,55.84037,-11.69504,-44.805626,-26.820015,-23.300615,-0.23759747,-13.598985,-11.374553,-13.397245,-15.165951,-12.176392,-16.146595,-3.7483506,-13.208223,-12.2116375,-3.42228,-11.699057,301.9736733241646,0.0657958984375,0
-195.86661,122.55087,-62.178364,66.960884,-39.29291,-9.774075,11.586126,-40.649002,-7.4956417,-13.185922,-4.1951466,-3.3195872,-8.902216,-0.25685668,-14.028885,-7.029079,-7.320114,-12.895111,-7.479786,-11.017682,330.7824351885492,0.106781005859375,0
-282.37714,111.55195,3.3785243,80.12619,18.678291,-12.808881,-2.1334715,-13.882506,-7.4396467,-8.48894,-5.403414,-12.042539,-6.5333147,-2.176342,-17.760527,-2.8893397,0.4317351,-11.802454,-0.07617921,1.8425521,164.48040959236138,0.0703125,1
-242.18146,170.14369,-58.229534,25.378002,-18.973974,-33.299023,-11.6810055,-10.753287,6.6909957,-8.034296,-12.11253,-19.473814,-7.8681326,2.324483,-22.005995,-14.61779,-12.5878725,-16.612164,-9.201114,-14.315936,166.08291222797584,0.06494140625,1
-229.46799,145.5427,-4.467982,73.034805,0.1803484,3.0026624,-13.413062,-23.87495,4.8825006,1.1768365,-0.0051438212,-14.708608,11.164892,4.785528,-20.21915,3.3079505,-2.626351,-12.131441,0.84586525,1.301798,128.14712626720888,0.0966796875,1
-224.02911,183.27264,-39.782692,7.1495895,-37.24681,-11.057732,-22.567818,-44.509064,24.443218,3.421073,-19.81837,-7.22746,-14.871613,-18.224712,-20.24212,-6.3624334,-11.708742,-13.745596,-5.423395,-10.185092,309.9016688989637,0.068359375,0
-264.86987,185.93216,-47.11846,21.111588,-27.019524,-9.27532,-10.192198,-46.04625,0.471761,-14.458609,-10.861672,1.2958404,-15.5067425,-3.6074903,-23.893366,-9.821078,5.545085,-24.965286,-4.9152946,4.481233,159.13097618370483,0.064361572265625,1
-262.13614,132.07771,-19.797707,70.9456,13.6743965,-12.425581,0.9911186,-21.3082,-10.227359,-26.653156,-28.539051,-14.617176,-15.811937,-10.891364,-24.385342,-13.212532,7.712077,-10.433495,-8.166215,5.5938034,205.6611457908452,0.07843017578125,1
-207.95998,121.13965,-28.260746,115.97961,-8.299746,7.6938033,-18.505232,-33.14166,12.56241,-25.666023,-3.2549148,1.6945915,-15.310343,-9.352291,-8.107229,-11.079264,-12.618027,-8.73394,-12.02991,-10.191137,157.51704585607715,0.078521728515625,1
-214.94608,148.94073,-7.050333,56.896523,-15.234097,-22.519629,-13.5951,-20.186676,7.830227,-16.393555,-11.339081,1.58102,-12.3348675,-21.994562,-21.028797,2.1394699,-8.87035,-16.797508,-6.097722,-14.12332,277.18787529717446,0.045867919921875,0
-229.76837,164.79784,-35.965157,36.591625,-13.999707,-17.236427,-18.630676,-14.666145,24.69714,-13.521712,-18.392128,-4.68707,-9.660267,-9.106863,-15.996993,-8.411646,-18.893309,-14.335953,3.4539895,-9.965486,280.56020323638626,0.054351806640625,0
-204.46387,189.3504,-12.113365,26.51826,-24.780203,-0.5741847,3.6697712,-16.55998,14.103772,-4.7051167,-0.034422338,9.903349,-2.7827249,-3.2243795,-7.6912622,-7.424244,-12.330219,-10.198765,-7.8649683,-5.928996,352.6979553394434,0.058135986328125,0
-307.5656,134.47604,15.752027,45.43953,1.4468961,-51.348797,-26.124279,-22.337439,-23.324268,-9.304721,-15.166196,-8.386872,0.7195755,-14.15555,-12.781908,-4.3011,-15.074503,-12.796083,-6.0901313,-12.600119,305.1359017462464,0.04217529296875,0
-239.54709,173.4018,14.079994,-12.972164,-28.789053,22.052061,2.094179,-29.40897,5.0504475,-9.924551,-11.132038,-0.0839622,-12.061348,-11.124443,-11.5145855,-5.43308,-12.911994,-18.095768,-7.9692755,-12.438752,308.90189396969794,0.02734375,0
-176.46118,175.67517,-65.9044,56.19818,-24.454153,-18.536266,1.500704,-38.543144,0.8802946,-16.038696,-5.8141136,2.2911901,-27.396158,4.741843,1.5811107,-11.196016,-0.012350023,-12.177571,-8.793195,-6.7158084,191.3626855537656,0.05029296875,1
-244.48402,154.37411,-11.178854,94.80863,-11.640157,-27.096184,0.60043657,-26.161758,-2.1330047,-17.273375,-14.682299,-7.0254307,-14.772322,1.9158198,-4.80737,-8.786773,-2.9197226,-6.1077213,-5.676028,-6.028825,253.02824255391053,0.056640625,1
-147.23044,187.98569,-73.1921,59.614212,-21.245472,-1.0737526,34.393974,-24.834976,4.1723404,-0.8749341,1.6481764,-2.9571536,-20.767555,11.226612,-3.06805,-8.231525,5.930981,-8.061516,5.702347,7.59225,153.01540658410744,0.057464599609375,1
-192.3213,152.714,-60.009953,36.068283,-40.415424,-43.96019,-17.273823,-26.011414,12.535767,-19.375546,-20.018219,1.3930448,-15.782494,-8.163418,-6.061396,-1.881046,-2.696899,-5.2393475,-1.1522548,-11.6790285,255.4312434461353,0.0694580078125,0
-254.44815,168.6224,-8.63751,51.288414,-3.4200637,3.965489,20.451893,-9.004487,-2.7123742,-3.1316316,7.6468964,-1.5119939,-5.2139864,6.58169,-1.1747999,3.999767,-0.38238317,-5.158017,-1.8056705,-4.9394855,146.18853032859732,0.046875,1
-222.36156,106.4854,-12.687574,84.98867,-24.467464,-2.2300034,16.551723,-25.512848,9.3538475,-2.564693,-4.2818456,-1.5951796,-4.8504767,-0.9267275,-12.252632,-2.1212838,-6.0824876,-9.027908,-3.0796466,-10.925559,329.9746884289675,0.152374267578125,0
-197.63397,126.207504,-33.66044,45.458946,-49.302032,-23.379877,9.353209,-27.387062,7.360091,-10.808435,-14.217361,-3.9626966,-21.310474,-7.1778617,-4.212847,-0.56094366,1.058913,-4.7178664,-2.5577328,-7.365402,337.74553815560085,0.08538818359375,0
-192.44067,133.34412,-33.548172,60.7555,-36.212303,-32.65556,6.779348,-16.65811,-3.4057417,-7.661442,-1.7812457,-12.166999,-8.786905,4.565426,-9.337701,-3.8569584,-5.2802954,-2.07932,-1.5946093,-9.537219,289.98028426088905,0.110076904296875,0
-247.82724,118.59288,-41.627594,77.15235,2.0269744,-9.951601,-2.9330473,-30.086323,-0.029992104,-22.221905,-20.093485,-6.9997187,-11.945001,0.42539918,-10.068579,-3.2061439,9.910707,-0.21787626,-7.785509,-5.176544,162.34856286489529,0.100677490234375,1
-230.9125,142.074,-39.67646,39.228226,-8.400884,-19.899595,-14.376642,-13.632771,8.276904,-15.190226,-6.966874,-3.474533,-9.83843,-5.9092703,-16.768337,-9.115824,-13.740715,-10.4299755,2.3145819,-9.8582325,272.4026088741694,0.076416015625,0
-283.4682,105.65002,16.491343,81.78697,-19.283503,1.8856685,4.9374976,-27.83366,0.25815547,-13.51962,0.034951687,-3.0250673,-13.903147,-5.123223,-11.695844,-4.16759,-16.479757,-12.296593,-2.2665555,-17.439129,354.5591268905505,0.107635498046875,0
-218.949,182.02196,-47.737537,19.9094,-29.17452,-11.001049,-18.719791,-30.782063,28.243828,-6.746172,-25.054518,-8.454114,-11.954846,-11.529684,-16.887268,-5.628323,-7.839991,-10.332813,-5.6137795,-9.452294,312.5198545263184,0.066650390625,0
-249.0531,122.93905,-31.718851,43.553307,-14.053099,-35.13067,-18.338993,-19.022263,4.1259828,-8.270277,-6.2071857,-0.4089163,-8.797202,-12.2007265,-16.685587,-9.470165,-19.319572,-12.092666,11.226803,13.220175,410.757937864741,0.05877685546875,0
-274.68652,169.38397,8.230177,5.018079,-16.036697,-18.624046,-16.508312,-24.982689,-9.665997,-10.864071,-9.928421,-5.8902693,-11.370247,-13.229305,-11.76513,-2.732411,-11.269281,-18.23506,-3.6777952,-6.504057,296.96767398797147,0.03118896484375,0
-215.33357,194.68353,-39.369164,44.63262,-23.282776,-1.6456645,21.668858,-11.787126,11.749865,-1.4705924,-8.982456,-7.184369,-0.5527513,0.5501859,-16.559002,-8.878832,-7.9754057,-11.582745,-8.790465,-5.2044687,102.651403226085,0.03436279296875,1
-248.05847,166.23132,-1.670464,64.072525,-36.199112,-16.086508,-13.242447,-30.853062,11.557069,-15.943683,-9.275974,-4.428961,-10.99316,-6.325918,-14.735093,-1.4678583,-10.2617,-8.964308,-4.3610363,-14.398928,283.00477353951385,0.059661865234375,0
-235.72467,172.96494,-43.451904,51.158558,-20.07946,-34.15599,-10.024353,-18.456757,8.980013,-19.57822,-14.871791,4.9846215,-14.565612,-9.255865,-7.1304097,-12.566439,-14.407051,-8.709005,-2.5940802,-9.749286,291.0578084949977,0.0771484375,0
-227.63339,156.76672,-6.649812,83.0813,-17.208504,-5.907116,-3.288724,-19.622395,0.41019797,-19.979256,4.185992,-4.2317166,-10.45492,-0.44050634,-9.612003,-0.78961515,1.35135,-0.31279564,-10.748568,2.989653,188.0746003218921,0.039398193359375,1
-187.54755,138.10966,-54.978317,76.40439,-21.874626,-16.62233,-0.05944431,-24.495056,5.9720063,-15.54058,-0.06328273,1.6681521,-3.8562279,5.352417,-5.583676,4.3756685,-10.362426,-6.432379,2.400177,-11.394634,288.0758695249294,0.0947265625,0
-273.36267,164.29233,1.6247752,58.573967,-14.304591,-9.929484,-4.684827,-37.84287,-10.748964,-10.059732,3.6601665,-0.21541512,-18.77171,4.8222,0.83678806,-8.836636,-2.755188,-8.2262535,-4.5147853,1.1235902,250.3003276148324,0.044036865234375,1
-315.72626,138.61713,37.581482,65.47155,-4.380633,-35.111866,-8.419041,-28.947859,-28.759068,-9.311916,-12.154851,-12.322912,-1.9944067,-5.566048,-10.657354,-4.289712,-6.8227706,-3.1014771,-1.0624747,-7.1470165,369.09592734988274,0.042327880859375,0
-254.20038,127.69599,-34.435116,81.599884,-46.58097,-46.22352,4.498467,-21.732977,-16.601187,-21.178123,-0.62676334,-10.947443,-14.507282,-4.6842966,-15.312273,-5.3999305,-8.305126,3.4630828,5.7329016,-7.2916527,485.6911168781961,0.132720947265625,0
-247.34882,155.42172,-61.64687,30.734533,-34.433533,-12.694562,8.602854,-12.171747,-1.9979049,-26.4158,-8.804989,-6.955884,-14.326597,-8.254278,-10.565681,-1.1963179,-11.366975,-3.9571323,-0.92563325,-11.586519,291.44748874759017,0.095977783203125,0
-238.74178,148.8546,-0.83038044,100.70616,10.644787,-16.905697,-14.658982,-15.098269,-1.0455613,-23.035984,-3.0280044,-1.9886706,-6.655648,-3.1482565,-7.797281,1.1056919,-3.6434612,-0.025972486,-1.2109314,-5.7033806,169.81584441862162,0.037933349609375,1
-263.40073,155.19397,-11.52857,89.88977,1.2061157,-29.90915,2.5377862,-0.52512383,8.184255,-19.428352,-15.515968,-12.284451,-16.360325,-1.4510918,-14.339155,-7.2341533,-1.3433022,-8.680209,3.9297533,-5.737889,139.2909661565942,0.041473388671875,1
-222.25366,175.07251,-24.736507,42.123466,-4.5510664,-38.84243,-17.895798,-20.760637,4.3828015,-6.744218,-18.085106,-2.638135,-18.424843,-22.098206,-7.1184044,-11.019686,-17.099892,-2.7019103,4.1826944,-6.918043,267.25989200186814,0.04998779296875,0
-251.35559,151.31679,8.965384,43.231956,-32.58896,15.120811,9.856439,-24.613256,-6.816718,-10.456768,10.609719,-12.100743,-9.627214,7.4806366,-11.139818,2.0490928,0.4269179,-7.251292,-4.1553345,-8.249611,161.50401952335966,0.105743408203125,1
-272.47562,173.80605,20.724937,73.26552,-15.257843,-18.508121,19.800426,-12.895802,-1.309725,-15.328722,-16.268936,-2.320743,-13.54513,10.673277,2.7603388,-13.32807,5.856323,-5.5748887,-5.8363447,2.3265152,150.45203407773573,0.027008056640625,1
-199.97563,205.1724,-81.53956,19.920786,-34.873108,-17.94233,1.2801949,-15.114475,17.158598,-17.236744,-19.29564,-6.492669,-11.033152,-11.1335335,-14.157515,5.9694223,-3.3499813,-5.49618,5.2566156,-4.3662195,126.2129482005536,0.08355712890625,0
-200.76025,145.31622,-13.827452,130.48863,-16.825665,-33.728554,11.041145,-23.284544,9.812201,-19.70612,-10.385052,9.837099,-14.22138,3.8004818,-5.5083437,-0.3900028,4.5914836,-12.881287,7.156479,-0.18934691,138.37673753591335,0.036468505859375,1
-233.81187,161.54059,-2.6689687,25.669146,-1.5984898,-16.655792,-10.108715,-24.614197,-13.255051,-16.05769,-20.334955,-11.995946,-15.772612,-18.787542,-14.4458065,-5.238364,-5.2998757,-7.7554417,-7.41707,-15.178753,311.6693795721893,0.03204345703125,0
-247.39978,158.26196,-16.786436,34.33856,-32.750046,-22.59061,6.2625093,-27.247135,-11.557471,-0.38100433,0.6073381,-12.946732,-9.793784,-0.81846106,-16.762844,0.1559341,-3.917477,-15.08841,1.9490714,-5.281012,320.0562094934932,0.048431396484375,0
-259.70978,164.1257,-46.09581,23.299162,-14.385456,-30.012035,-14.126699,-11.394722,3.745253,-8.994002,-10.451391,-17.502987,-7.3134437,1.9856561,-20.09235,-14.261685,-12.158313,-16.392952,-10.470523,-13.368927,160.6778319009841,0.061676025390625,1
-217.26465,152.94873,-15.942126,61.576828,15.943041,-11.367396,0.025924444,-5.265915,9.336845,-3.9515252,4.870509,2.7921798,-10.365724,8.08141,-4.850069,-7.0558553,6.8658094,-3.7789004,-4.174964,-5.4095883,152.40978110071603,0.032073974609375,1
-245.00717,207.97765,-32.99329,6.599704,-38.585197,-1.8753715,33.247932,-16.744207,2.0861666,3.161708,-12.546748,-4.0219107,-1.2226932,-2.4919746,-15.37872,-8.949646,-6.3579907,-19.584055,-9.646942,-3.6744795,118.66929674867642,0.056182861328125,1
-219.32661,155.02286,-34.915627,102.94443,8.3211565,-15.346421,9.075071,-14.020238,0.85128593,-21.70491,-7.6136045,-1.3183181,-13.923778,-1.1531413,-6.8321867,-1.3350514,-5.782326,-6.623275,1.2863355,-9.522516,173.38148327329876,0.03631591796875,1
-187.46223,195.6313,-53.507103,46.826775,-22.153223,-4.1699734,14.742418,-38.854424,4.639448,1.1224798,-1.8805513,6.194721,-14.507082,3.4884062,-6.0339565,-10.598213,5.5402546,-7.141293,-1.2530131,1.4682267,182.068050818084,0.041900634765625,1
-212.33362,124.266014,-13.681852,41.10234,-13.75047,-3.737084,6.792447,-18.407806,4.306498,-8.308447,-6.4599895,-1.8956012,-15.1426735,-4.025177,-1.2236878,4.7555075,2.9476602,-2.0765057,8.893557,8.523492,449.88973026216905,0.0853271484375,0
-284.50577,138.86862,35.609642,18.311535,-9.391385,-3.9515576,3.4190633,-12.18901,0.2683624,-7.258099,-23.909534,-15.666487,-15.170511,-10.963579,-6.98531,-9.518965,-5.558226,-12.423153,-15.588634,-9.561236,262.89290131005663,0.022552490234375,1
-208.78308,185.39542,-24.66829,24.61932,-23.32508,-22.393143,7.966486,-24.385231,-1.5596875,-9.907003,-17.815691,14.1576395,-8.650629,-10.130561,3.5316994,-13.475735,-4.429263,-1.8479697,-8.108243,-0.30190396,196.40892687003767,0.049407958984375,1
-226.01918,90.161766,-49.961746,58.738453,-63.784653,-13.912689,-8.269253,-28.30254,9.692226,-20.5289,2.1478214,-0.83380127,-8.252354,-2.1086733,-8.738293,-3.6138628,-10.603288,1.5959855,-7.540246,-15.520227,343.46235373417505,0.197479248046875,0
-251.3103,147.89767,-21.8195,78.45618,-28.9762,10.03911,1.9535663,-40.44416,11.439644,-12.41787,0.27391243,-8.226492,-17.419636,21.23395,-4.96441,-11.773939,5.7007155,-6.56438,-5.002281,-1.5905377,0.0,0.1552734375,1
-241.47562,161.17531,-34.411556,81.858315,-29.408543,3.8161561,6.960397,-43.069458,5.5429516,-6.0567946,4.5058904,-3.9680843,-14.986698,16.476929,-0.16153978,-6.4180884,0.045789838,-8.392458,-5.6689224,-6.2325487,0.0,0.136627197265625,1
-242.18031,106.31914,-32.56222,81.753845,-22.360786,-42.854477,-22.019293,-26.591175,-2.802998,-25.69955,-3.389761,-1.884651,-16.323,-0.25405425,-15.019836,-9.611865,-7.306101,-16.976833,-13.552832,-17.354364,333.3700203487928,0.09857177734375,0
-210.94199,168.34859,-51.153893,69.17762,-19.767391,1.1143386,-14.298136,-25.582924,7.7539034,-20.338129,12.527248,-1.8925793,-4.7568016,11.338829,-9.194239,4.9652123,0.5848864,-2.9587288,-2.0652568,-11.854692,263.3049571893546,0.109954833984375,0
-383.89496,105.06635,28.893452,26.120506,12.567832,-5.1178737,-4.586672,-12.873405,-19.111525,-15.067534,-15.425583,-12.995399,-6.859715,-7.873863,-9.816354,-6.0321198,-5.251831,-6.9743886,-3.4623597,-2.0537395,248.2592765096195,0.101593017578125,0
-301.81885,95.59793,-7.438872,45.663074,4.1144915,15.920237,0.55697346,2.8366494,14.890715,-28.611097,-5.007494,-0.6956513,-15.903022,-5.2095613,-12.757007,-2.9788578,-3.175132,-8.631756,-1.9259425,-6.539455,166.3407745400686,0.077789306640625,1
-229.50864,158.51715,-53.392044,46.823555,23.46337,-4.4700003,26.906757,-0.67967856,-8.409117,0.18782261,1.5970042,-12.094965,-22.28878,0.68233955,-5.2652884,-13.67379,1.2734705,-5.6177754,-3.337908,4.3085365,162.09465676805956,0.055572509765625,1
-251.65604,138.28246,-15.499575,6.4455113,-11.142336,-19.601782,-12.51642,-17.704834,-1.5263965,-17.941563,-21.034468,-1.5856216,-15.928125,-16.761374,-10.287759,-16.705214,-14.170614,-12.351337,-4.863799,2.7348094,380.54540146592007,0.03704833984375,0
-211.38676,155.71149,-18.691338,50.223114,0.63541734,-0.82611835,3.7316923,-25.816584,2.3629775,1.932508,7.721857,3.3161442,-12.285433,1.7279323,-7.388031,3.093452,10.555864,-11.818798,-2.4917994,-3.0676682,166.69726253620786,0.031585693359375,1
-223.61504,182.78482,-26.363565,40.738018,-18.506264,-8.267029,-6.6581225,-38.668747,9.932417,-14.280038,-20.121044,-1.138776,-17.64006,-1.461199,-18.54863,-13.407242,8.993704,-16.950409,-2.7541776,0.82831717,169.8136305193892,0.04864501953125,1
-262.16833,177.68343,8.316814,38.120872,17.49617,-13.528767,-9.226173,-16.365803,-12.600067,-10.834414,-8.048162,-8.7783165,-9.679295,0.949679,-4.2498913,-3.5834427,3.6602364,-3.504327,0.7560634,2.1428864,177.18569870920214,0.034881591796875,1
-208.9589,208.45346,-26.89344,47.12578,-21.33561,-12.694863,18.101019,-24.671917,5.2454605,-6.680424,-22.167324,2.6507862,-3.7031584,-6.1643095,-5.5504775,0.9542298,0.06813562,-8.715726,0.27270687,-7.2691164,130.86517723022163,0.039703369140625,1
-267.8695,171.64325,-12.592596,58.23545,9.353332,-23.615732,-0.5503834,-15.756364,-12.864895,-14.055281,-10.872133,-6.592047,-13.135059,-5.9357557,-3.1304643,-5.841667,-8.130058,-3.142431,-0.94507414,-8.193783,0.0,0.070281982421875,0
-216.30887,208.80515,-37.399883,9.76189,-11.727048,-17.643816,-3.7582316,1.6818539,18.523075,-10.169592,-3.1234179,5.595974,-15.226778,-7.0641336,-2.4480467,-4.003133,-8.562583,-9.062988,-0.61366844,-0.81688523,308.8973701403887,0.060089111328125,0
-237.66316,179.42654,-33.492943,57.549744,-7.824659,-2.4903345,1.3222232,-17.105232,13.400223,-0.035018563,-0.15717763,-11.152869,-9.947647,7.440363,-7.7344437,-9.955498,-0.6353922,-1.5033051,-8.136197,-0.44311702,164.8313565237193,0.04779052734375,1
-227.88858,173.30788,-23.852911,29.186632,-9.033409,-0.31531692,-6.7587376,-25.004086,-1.2067376,-25.621761,-6.25862,-1.3604255,-23.130283,-5.7915735,-9.073488,-1.9662542,-1.3263063,-5.0981135,3.7022998,-13.465605,206.8161862812232,0.03570556640625,1
-298.5351,134.20177,12.062739,28.775036,6.07779,-12.729271,-9.191071,-16.806328,-11.872016,-12.232786,-5.6876445,4.2628155,-0.35286376,-0.16562307,-2.575454,-4.485148,-2.2691402,-5.646393,-5.204762,-4.710091,206.2033368821168,0.04669189453125,0
-202.18979,168.34421,-45.668644,43.316685,-14.6185,-11.566332,-12.318853,-30.912777,-4.8830976,-14.954293,-8.325008,-11.529649,-5.6558113,5.906698,-14.0384655,-11.493631,-3.839421,-10.43823,-7.7694216,-3.9564643,183.78791607646127,0.096832275390625,1
-196.63754,118.24379,-18.094936,106.62465,-6.49523,-20.377598,23.71754,6.350927,3.037685,-20.120438,-2.3480725,4.7736554,-8.795187,-12.691273,-9.730939,-2.1794424,-12.471085,-3.6089058,-3.6752932,-8.975021,76.08113913866868,0.07452392578125,0
-219.17955,147.23012,-41.53923,51.664787,-49.931747,-31.506653,-9.475504,-27.621212,2.8369894,-17.689278,-6.88135,-6.1250935,-12.184563,-6.6644034,-11.441463,-2.067536,-10.003094,-1.0247226,-0.9723697,-16.876266,285.7577126636203,0.0689697265625,0
-169.9427,162.39774,-45.08002,93.837875,-10.504344,-4.281231,14.061981,-23.268059,5.915844,-12.952587,-8.586452,-6.475526,-7.229071,1.3163047,-12.125688,2.0630374,1.7509997,-8.230343,0.4856286,2.7017813,206.65683892016625,0.090545654296875,1
-242.71329,130.51566,-27.965763,55.066353,-20.867092,-15.557845,-38.466095,-21.987188,4.4361534,-31.086353,-0.4122486,-6.2831874,-9.571728,-9.129047,-21.660112,-6.4530463,-13.170819,-10.236668,-1.4246082,-6.1492863,274.4499604309047,0.049713134765625,0
-225.34872,137.05194,-39.224815,54.272633,15.482994,8.469649,20.177837,-18.542679,-15.781534,-32.582085,-23.041767,-3.3823674,-18.920898,-14.108555,-18.676823,-12.069896,2.1459165,-19.624096,-16.548176,-3.0505254,176.46872617244037,0.07769775390625,1
-248.50652,137.58223,-70.8721,34.211555,-23.158237,-32.94198,-12.984613,-12.821074,4.711809,-32.79216,-20.310856,-6.786296,-20.633003,-9.70253,-14.367108,-7.596693,5.209916,14.410442,20.76234,11.590725,430.9363674098178,0.076507568359375,0
-304.91486,129.97298,36.90136,87.59677,8.4702835,9.209135,-7.0061803,-39.047928,-13.667956,-11.992558,2.6581542,-19.353588,-18.935661,8.221512,-16.611172,-7.7653646,2.1934009,-7.7656007,-0.27837464,-1.760296,160.9096811287744,0.033477783203125,1
-235.31726,126.851074,-4.298172,81.58716,-7.790061,-24.363937,-4.7418876,-22.992752,1.8637173,-18.920586,-16.491722,-2.9721165,-15.124383,-4.2717457,-10.470015,-7.757051,-0.1725049,-10.126248,-2.6290417,-1.6167839,308.0574394293116,0.04962158203125,1
-208.2201,215.93817,-16.639101,21.186932,-15.820057,5.970195,5.875759,-23.66945,3.7730834,-10.240606,-4.169059,5.8997617,-6.10715,-1.5078703,-5.633502,-2.4452348,-4.793648,-9.27798,-5.211001,-9.062583,141.38046103829774,0.041290283203125,1
-217.44324,156.4382,-31.891247,68.85489,-11.948185,-21.208845,-16.32447,-38.391567,11.797964,-27.390024,-29.212328,4.4621105,-13.128804,-3.6840777,-16.46931,-4.397034,5.323692,-22.202244,5.4257116,3.4365914,156.90991728610803,0.040069580078125,1
-245.36751,186.11263,12.885681,20.959038,-30.10031,-3.0802655,18.077347,-19.731628,5.139997,3.1959136,-13.07308,-1.7809901,-6.794628,-10.024377,-7.04416,-6.2283044,-13.477535,-11.711752,-3.2892673,-10.24053,132.48848914324967,0.032318115234375,1
-202.20728,156.63383,-43.603348,104.09053,-27.049168,-20.570217,6.4993687,-29.207972,3.548706,-21.304125,-8.957727,0.9586619,-8.173412,6.708393,-5.103842,-3.2409558,2.4927206,-5.786565,-7.7976174,-2.9716816,236.01295008531065,0.12359619140625,1
-177.1852,167.88217,-58.412437,48.22419,-42.276463,-13.243008,2.297669,-27.67849,1.6324878,-10.019652,-2.431817,-4.8466396,-4.779603,-3.39082,-10.864834,-1.0067372,-7.8963385,-6.396714,-1.556459,-8.766234,164.7490043314775,0.11346435546875,1
-286.79138,125.55549,23.312763,28.49382,-14.42862,-38.39116,-24.009045,-26.118744,-12.648908,-7.1913896,-11.54533,-10.628313,-18.262753,-13.798758,-11.022776,-18.048256,-11.046545,-6.684318,-7.68797,-0.50142944,355.5691446097913,0.03973388671875,0
-217.62622,141.47356,-30.746498,44.403008,-16.455688,-47.49295,-16.833992,-5.8771496,1.1232121,-26.246311,-17.433819,2.594161,-11.199366,-15.391005,-10.751297,-13.564109,-13.345991,0.10708463,3.5904164,7.109341,401.4252606483429,0.05029296875,0
-273.06595,166.54831,10.26416,25.890097,0.63557696,-21.180552,2.4022324,-10.71579,-17.396788,-8.925879,-14.985349,-14.674811,-8.842348,-7.3161488,-10.626878,-10.61449,-7.625081,-11.350605,-10.265381,-5.1404343,281.79080755198794,0.03363037109375,0
-266.5136,183.77705,-37.458214,53.12361,-25.989578,-18.390362,19.585907,-19.794666,6.2822895,3.076407,-6.559952,3.336577,-3.7699485,1.5891086,5.5578113,-0.88281167,-6.4583745,-0.77166224,-2.7055905,-7.044476,137.4111262656893,0.074127197265625,1
-282.96863,214.02542,18.658463,14.343743,-32.459892,-22.36461,5.26579,-10.35595,-11.949158,-16.541294,2.808121,11.83749,-2.3370082,1.8674242,-5.9936438,-18.220453,-7.990126,2.9551299,-5.434182,-8.918633,158.0637234541475,0.0560302734375,1
-289.7469,150.18051,29.330448,28.864681,17.29646,-9.883507,-30.962471,-20.03842,2.6523106,-2.3284044,-10.384369,-15.554989,-8.167564,-5.572038,-15.135861,-6.223325,-7.640339,-9.038323,-2.1451015,-10.849162,343.31221541463105,0.032806396484375,0
-225.99948,135.90874,-50.251846,47.55249,-20.603382,-34.417736,8.875089,-11.674311,-13.966804,-15.926081,-5.3697357,-10.32415,-12.124242,-2.325224,-19.612017,-14.969486,-5.548361,-4.496319,-2.656383,-8.49659,294.63591757101966,0.09521484375,0
-254.81229,132.51639,-3.2474523,54.07041,-4.3436804,0.47183442,2.9173703,-31.79483,-9.612821,-18.361998,-11.9344845,-1.5156214,-9.384619,3.237267,-4.8162985,-4.714655,4.0260825,-5.6182957,-5.3686457,-4.29984,216.35357700629265,0.1055908203125,1
-247.4628,192.59114,-58.529133,18.164148,-0.17001152,4.5351443,-11.914583,-19.879827,7.4483232,-9.779433,12.203608,-4.4012213,-24.67477,2.5425565,-7.412078,-13.461781,-7.0857515,-4.305414,-2.6089647,1.940107,160.7925818271227,0.04412841796875,1
-210.78757,188.61475,-35.343426,48.189377,9.279325,1.0883613,13.464245,-0.2291232,12.46804,2.3249803,4.97414,1.9085269,8.945164,13.28583,-3.245226,7.2590923,4.7111135,2.3571506,8.055624,1.1029658,65.64429998030943,0.02862548828125,1
-261.55203,203.79958,-23.800255,9.028083,-11.8869,-20.09076,-8.734325,-19.510464,-4.3000045,1.43408,3.4483118,-5.3733277,-12.385962,0.09941065,-2.607615,-9.606248,-8.197578,-4.6344547,-4.052787,-5.6820126,174.69465834131572,0.049102783203125,1
-197.56282,172.63683,-76.834,23.058393,-18.620026,-20.552807,2.8939018,-17.199429,6.4128313,-13.631523,-19.082132,-9.792739,-23.69975,-18.468452,-20.931427,-18.293228,-9.781143,-8.838926,-3.8069358,-4.5013537,334.5151354591528,0.0504150390625,0
-234.73904,193.40254,-17.29661,37.28952,12.229632,-4.901033,5.193851,-12.641126,-4.962366,-14.87445,-8.642436,-0.6629107,-8.729674,4.0571675,-6.651759,-11.973361,0.14719021,-6.301683,-5.1050615,-4.23948,141.64029568534733,0.02593994140625,1
-243.4422,191.82605,0.65454865,23.660328,-17.132435,-12.433062,-6.7622185,-18.937878,-11.549711,-15.085507,4.5635104,5.4844604,-5.7385445,-1.5525079,-5.151964,-7.888847,-2.4121516,-1.9140873,-10.198362,-6.639858,180.0589936783696,0.054962158203125,1
-256.9744,189.1239,-22.052025,34.44437,-25.967144,0.30939138,7.5911045,-34.35944,11.238384,3.104481,-10.061354,1.7497692,-2.3950927,-0.9496255,-10.172832,-8.194567,-11.211174,-14.882965,-3.529483,-8.57065,121.87490697869433,0.042694091796875,1
-192.96796,205.58899,-45.286514,42.836037,4.8461475,-4.7215786,18.917418,-12.152179,13.795938,12.006456,-4.7699957,2.948758,0.031694204,4.280841,1.2259037,-0.17686617,2.0883608,2.1302996,7.463023,4.6142035,0.0,0.040313720703125,1
-202.34764,184.39514,-36.71784,38.57643,-9.43454,-19.58302,9.865085,-37.378693,-22.652393,-13.053697,-17.265503,3.34996,-7.9431787,-2.9353461,3.5988126,-7.564336,0.08742483,-4.812059,-8.359634,-0.11972517,201.94188217889368,0.04058837890625,1
-236.18486,221.70657,1.1212721,20.812918,-26.165281,-11.337568,23.270761,-11.616028,-15.580428,-9.821308,-0.6976533,2.1655908,-2.01647,6.6718817,1.7223947,-2.9603262,-0.9114783,-3.6649969,-7.9669647,-7.2529163,182.653341381728,0.038818359375,1
-152.29758,130.92123,-80.70956,67.974655,-45.33645,-8.59959,5.2981973,-17.708733,26.69814,-27.18716,-12.513044,0.4191686,-14.675166,2.7751327,-10.377921,-6.923893,-5.2208066,-3.7798235,0.6797682,-12.650625,324.9219377951056,0.12530517578125,0
-190.66943,195.457,-28.34171,55.307148,-6.588086,-2.2422898,3.3270361,-15.913557,16.45498,-5.0028763,-4.7332573,4.048215,-0.8985789,0.9429954,-11.314798,-4.4186616,-0.48389593,-5.39923,-4.4794173,-4.0584884,80.2957718482249,0.04449462890625,0
-235.04495,145.93379,-9.139229,64.42388,-43.598583,-41.018948,3.8761778,-30.28457,-6.821723,-7.4346886,-12.319869,-10.907971,-14.318173,0.1776883,-7.897032,-9.2802105,-6.8849506,-11.0661545,-8.36238,-9.356448,241.29380503568737,0.052337646484375,0
-185.40154,153.05536,-64.909134,43.89514,-25.186012,-3.1192865,11.516988,-29.953838,5.9655466,-13.903829,-7.0284166,-1.2168661,-17.2263,4.670298,-12.420162,-13.823615,-5.844252,-13.794682,-2.5885963,-11.572806,165.23242325139216,0.08123779296875,1
-258.56815,151.82864,13.734018,15.228589,-8.443467,3.546176,-13.667566,-19.16724,-3.7387736,-15.339963,-0.051916838,-7.962213,-11.908049,-1.3207045,-15.917597,-9.306176,-8.526165,-14.192278,-8.44026,-10.189225,324.51384682161887,0.0391845703125,0
-230.45477,191.89993,-61.604694,8.732402,-43.330498,-22.875832,-15.271119,-28.83971,5.549413,-15.348717,-10.063761,-7.1243777,-4.653839,-4.725088,-19.804043,1.4243209,-4.4107094,-4.157025,1.5941303,-12.827754,240.4764565536609,0.06378173828125,0
-299.3163,119.59791,-41.040558,61.305275,-14.998842,-50.637283,-12.190739,-11.828659,7.430743,-8.810466,-9.899248,0.029441118,-16.112375,-9.343855,-7.360173,-0.9830494,5.1350384,-16.694965,-9.04173,2.529085,313.18707738147583,0.105621337890625,0
-251.67633,167.03793,-10.730881,89.38595,6.046804,-20.96623,1.702729,-26.89404,-3.513025,-12.575642,-9.339029,2.5108345,-11.653719,4.992947,-0.38713354,-5.1914434,3.0160182,-4.8929534,-0.52980196,-5.276149,122.68886624620662,0.0478515625,1
-243.97641,152.55199,-47.608467,36.014328,-4.699524,-57.528603,-29.408686,1.0029439,9.776372,-11.898391,-9.942034,-5.743426,-6.9861517,-15.965431,-20.714348,6.64893,-10.3080845,-23.149006,0.57657504,-11.071226,300.66089678311386,0.057373046875,0
-163.70633,174.06474,-44.53964,54.86359,-11.786104,-17.423897,-13.172218,-24.56801,30.638548,11.514286,3.2960873,5.403125,11.647506,21.22416,-20.285353,-3.3031414,9.700269,-8.997614,6.4475703,-11.572924,189.6949369258669,0.05914306640625,1
-302.84753,165.8144,-27.77204,57.576218,3.9541504,-0.26713753,-5.731511,-27.915825,-4.2024,-19.241987,-6.3116693,-7.7848988,-18.886305,-1.9160864,-10.32608,-11.241429,-2.1061838,-1.3556492,-5.1069016,-4.239285,171.90338934419503,0.057769775390625,1
-317.51984,122.57599,21.79487,5.758763,-39.664024,-3.5298085,-0.5267956,-25.740543,-0.020447731,-12.174958,-9.247257,2.2636125,-11.49564,-8.103083,-9.463486,-7.800693,-8.6281185,-11.936644,-2.7839918,6.678618,402.58123305786097,0.05157470703125,0
-254.85123,162.15575,-27.98902,77.052246,-33.798035,8.15905,3.9386299,-41.706654,7.7901134,-11.037677,5.0668178,-7.2969427,-16.851566,20.126541,-3.2069545,-7.551671,2.2648754,-7.599163,-3.6743562,-3.6573296,0.0,0.140289306640625,1
-189.67061,158.0369,-57.072502,91.409546,-24.298616,-22.230904,10.788623,-31.779602,10.285447,-4.4280386,-20.460693,-16.3396,-6.5295324,9.677393,-13.350351,-10.793222,-0.576933,-7.291092,-6.4014225,-7.855103,2057.1683648533945,0.138458251953125,1
-189.23112,146.8282,-42.693485,56.149063,-22.502377,-21.973877,8.965215,-10.643829,1.1399012,-17.090351,-5.010392,-2.273943,-7.760256,1.183337,-20.289078,-13.670902,4.2766905,3.6654792,-0.33220768,-0.04066193,416.7447994596667,0.10467529296875,0
-175.9083,202.34984,-49.070694,53.119133,-4.438134,-3.6292977,18.846165,-4.884798,8.912739,3.9640045,10.288824,1.861073,0.33791536,8.010222,0.4523086,3.7563384,-2.084486,4.493839,6.874693,2.2943025,0.0,0.052032470703125,1
-272.0502,124.53013,-6.97414,55.409203,-13.518484,-46.557953,-18.156376,-17.544342,-2.4184923,-7.5374823,-1.8359239,-1.2639999,-10.209721,0.898719,-11.2722845,-8.963689,0.08052814,-16.191805,-13.824387,-8.543959,339.62579749487924,0.0792236328125,0
-325.16592,138.81027,28.498508,92.591095,-24.963886,-43.771614,-3.093425,-32.135,-14.520328,-6.4432898,-9.102531,-8.160441,-15.457979,-6.565545,-6.153775,-9.07261,-4.786805,-2.8191414,-4.149186,-5.26261,174.63749916926253,0.062713623046875,0
-212.72568,144.5977,-29.4662,94.010574,5.340749,8.557409,-0.52340496,-22.755186,9.7762785,-26.017921,-3.480713,-4.151354,-22.14423,2.5374265,-12.876133,-11.267595,1.0754453,-3.3853533,-2.6087937,2.291214,147.82532140449902,0.089080810546875,1
-267.1411,169.5361,-15.3544235,50.24356,-42.304832,-48.37233,-0.5268065,-17.34509,-8.54509,-14.597797,-6.3391743,-3.8535664,-18.820261,-4.0053196,-0.037649453,-13.3450365,-12.073081,-7.642437,-12.910543,-7.0005045,304.4172200948196,0.0562744140625,0
-262.08258,175.44861,-45.887314,20.775906,-24.571629,-32.632942,-17.074745,-30.477028,-11.510597,-17.946177,-11.674561,-4.5468683,-7.9088774,-6.4640594,-9.854885,-1.4009881,-6.8424187,-9.892765,-3.5698266,-8.955994,267.95750963169843,0.05291748046875,0
-186.2329,142.36295,-28.460758,62.920822,-28.653885,-22.993176,2.5764272,-9.781793,-1.2727547,-25.469713,-11.367144,-11.428886,-9.102743,-0.57194984,-5.5942163,1.4419382,-8.447712,1.9179676,2.7108984,-7.1334534,271.6912649983228,0.0615234375,0
-199.29971,163.34076,-33.73349,53.68685,-9.494725,-13.761409,-10.54883,-30.087563,9.777334,-5.4387045,0.60977596,4.186459,-3.2974906,10.762779,-14.88056,0.7853478,14.258723,-12.308378,-1.858367,-6.669232,249.79647863878705,0.055267333984375,1
-222.54593,201.70215,-11.453892,33.93883,-21.63792,-2.897558,13.968479,-28.952084,5.913405,11.145153,-3.2273655,-9.593836,-10.57619,9.905012,-10.025575,-17.636349,-2.9158633,-11.335963,-3.1539593,0.7554048,166.57032414385876,0.02490234375,1
-290.81226,157.69135,19.021837,66.39908,12.09563,-11.59234,-10.015125,-32.60451,-18.153114,-25.555805,-21.676418,-9.7093,-11.495457,3.143339,-7.3142195,-12.314457,5.2812977,-3.372243,-12.182797,-4.5444064,147.34327544680508,0.0413818359375,1
-254.48312,188.09341,-10.339179,68.83916,0.7894974,-11.90935,3.706841,-21.346104,9.304251,-8.212715,-16.779015,-2.968264,-13.780621,-1.303516,-6.4726706,-15.225079,-5.0165534,-5.9549847,-6.897583,-7.9024205,191.9091361219309,0.032257080078125,1
-199.33044,199.2536,-53.47306,47.641544,-8.7464485,-0.56151605,5.3143053,-16.010548,22.927906,-5.602722,-7.1083736,5.017831,-4.8028293,4.1197057,-6.573211,-2.1634197,0.39311016,-5.0026827,1.2535022,-1.696572,66.85557067753818,0.0635986328125,1
-277.45178,146.23685,6.109207,43.35354,-20.065126,-26.482435,-2.6424038,-27.692825,-16.524618,-11.654112,-6.937627,1.8640885,-2.6651962,-7.7932997,-14.786896,-6.615694,-7.432708,-8.101155,1.4883854,-4.9283457,366.6218474528969,0.0504150390625,0
-263.49933,149.42015,7.0333266,49.87773,-27.924057,-16.136074,-4.5501328,-19.380608,-3.527337,-27.511574,-12.027676,-11.19822,-14.330538,0.8615254,-19.789188,-9.822486,-6.476654,-17.615223,-7.1027966,-11.134197,156.10955031300685,0.043609619140625,1
-222.03107,170.11508,-82.36746,8.907417,-1.8863099,-21.018787,-11.421225,-32.095695,-2.3977118,0.85322917,-19.40038,-8.969564,-6.2305374,-18.220764,-13.820248,-2.2819035,-12.052477,3.554044,25.268467,4.089862,413.3800669263389,0.067718505859375,0
-176.92758,207.50021,-33.4593,51.253296,-4.443637,1.7316734,-4.0252867,-17.496878,20.53285,-11.360595,-4.9896646,9.665486,-1.2983207,-0.5387968,-7.5727005,3.5376573,4.0536156,-4.4889703,-0.6741529,1.0541754,0.0,0.045806884765625,0
-111.68323,164.27429,-72.60269,77.57959,-30.65401,11.724138,1.5200562,-6.8147035,23.330538,-16.214294,13.060751,4.971289,0.57280123,8.950277,-1.2712264,7.210412,1.0846224,2.5399477,-0.27743614,-5.61259,0.0,0.103759765625,0
-233.5492,131.4393,-24.246365,21.481396,-4.368143,0.25543946,0.062220216,-19.178383,-2.235725,-10.111225,6.9727254,17.531986,2.5674362,2.7609453,-8.528665,-3.2920675,0.33340043,-6.1678653,-0.7798512,-9.626833,337.7570534028756,0.091949462890625,0
-225.87448,141.88226,-32.88778,35.55384,-14.260611,-1.3917379,-5.934859,-19.706547,3.9968243,-18.824299,4.811923,6.631874,-6.341429,4.9134507,-12.883832,-5.490926,1.2878287,-1.228801,2.4206557,-6.8767576,381.3095546752298,0.09527587890625,0
-216.19785,157.60507,-7.7815433,24.437613,-20.343891,-19.021828,-8.908257,-15.787714,-3.881985,-18.367783,-16.874226,-13.019642,-6.994333,2.5102572,-2.3639712,0.05690193,-0.3287475,3.1149087,5.8286457,-1.1523747,437.64368119726805,0.051239013671875,0
-199.41089,142.62726,-52.227867,98.839676,-25.558273,-2.7691848,3.2611127,-26.495026,3.7144787,-15.006953,5.493524,-16.926014,-11.042474,11.016382,-21.072733,-9.468936,3.5356703,-6.652195,-10.521553,-3.813922,145.45804762020288,0.125030517578125,1
-278.20715,148.70062,3.6117897,29.383904,5.8200235,-7.2317505,-8.215681,-17.779732,1.5528737,-8.326778,-14.501486,-1.3175869,-8.903127,-16.575378,-19.134731,-12.848784,-6.5495224,-10.511491,-8.548552,-7.0069666,294.3842530178464,0.043670654296875,0
-264.41043,172.59225,19.676043,8.274484,21.90747,-11.248138,-34.46157,-22.408657,0.109438,-1.0100926,-15.146815,-7.312667,1.0922409,-10.512879,-15.696468,-9.325238,-4.3832994,-2.0071464,-6.468991,-10.45742,317.3502078667817,0.040130615234375,0
-290.10745,104.747215,9.142029,46.05667,-13.613349,-8.838465,16.13681,-21.985851,-7.4066806,4.0680265,-8.743338,-9.649773,-10.310388,-3.381085,-4.578929,-2.0727928,0.049511075,-7.216277,-0.33875358,3.326432,385.1830504496947,0.03375244140625,0
-272.8836,101.22573,6.7480497,69.708755,-26.38376,-10.546608,1.7425628,-13.175695,7.579672,-16.692846,-8.083228,-7.5500503,-11.880011,-11.594037,-14.913048,1.5845928,-10.522216,-8.267292,-2.8467462,-10.149694,286.37531605239127,0.11846923828125,0
-271.98145,132.14154,45.226837,89.68985,-18.792635,8.45005,41.885338,-29.704632,0.07513845,15.407047,-19.690456,1.7853824,12.461284,-11.750147,1.2409611,8.468693,-8.632816,4.706413,-0.81872237,-10.959365,355.9251983593963,0.034912109375,0
-224.7575,147.00635,-34.761738,41.510372,-19.186579,-31.153332,15.512308,-12.397113,-17.46111,-5.306105,-1.1891742,-13.602544,-18.58304,-4.793849,-5.8053207,-4.667414,-8.450968,-11.115922,-3.618668,-10.204974,313.09248810676246,0.0706787109375,0
-231.74324,131.64767,-40.86013,58.69228,-21.956089,-20.058487,-1.2677585,-23.506056,-4.9396,-14.592781,-13.280376,-19.98658,-17.270433,-15.411787,-16.37888,0.7675605,-6.557736,0.709834,-2.878427,-12.948227,332.0017443606055,0.12872314453125,0
-410.70767,59.757217,-1.5502427,36.542503,-25.713013,17.58945,-10.132429,-10.069292,22.355268,-10.185355,9.763919,1.8687277,-1.8142077,8.899918,-4.6407504,-0.996823,-9.239661,-7.084629,-1.445674,-9.612885,0.0,0.11334228515625,1
-204.62512,165.22496,-22.268082,73.742966,-39.927475,18.984745,-1.0049031,-36.48108,-8.500375,-33.175972,20.488668,-11.157703,-26.041592,18.775768,-4.311225,-10.225445,0.8307842,0.88431764,-15.473,-4.8213143,140.3243979542797,0.059814453125,1
-185.10243,168.35762,-49.38333,22.439049,5.394913,2.2001078,-7.0695496,-20.439823,15.714004,-4.2913547,-8.015809,-5.749505,-18.341574,-1.81452,-15.051477,-19.46321,-6.374343,-9.172432,2.8259466,2.71058,176.23015192734056,0.043853759765625,1
-235.99529,209.47995,-43.104256,-15.516655,-15.744392,-40.501366,-12.875458,-22.411882,-26.182999,-7.957121,-12.758943,-19.93132,-18.532185,-11.404207,-9.65335,-15.025831,-6.968691,-4.3826776,-14.696641,-7.8974104,193.5208092075658,0.04962158203125,1
-247.47357,149.96764,-31.896175,4.826373,-22.788326,-16.72519,-12.8864,-30.853,-2.0302706,-12.57605,-13.657298,-3.301661,-14.101115,-1.4902172,4.416354,7.749185,2.368663,-1.9484396,20.566822,15.449707,523.3792163146019,0.0552978515625,0
-264.30276,176.81117,-50.968704,7.335991,-19.305677,-30.967733,-10.429097,-28.751839,-17.255371,-4.974142,-12.571146,-23.120739,-16.505411,-6.9245634,-11.693188,-14.621307,-10.037928,-6.971496,-12.856615,-7.6225247,159.3531738504356,0.066650390625,1
-196.97545,152.61743,-11.802837,16.269802,-16.943043,-5.1646056,-16.299032,-23.642601,13.695016,-12.894651,-19.752218,-7.4738235,-13.726486,-11.576672,-13.659643,-9.364773,-13.631271,-12.971636,-10.498344,-15.178046,359.5087062629911,0.05413818359375,0
-186.13463,141.81883,-36.497284,85.16171,-7.354604,-7.352866,3.6512315,-21.572998,11.761545,-14.643236,-10.398747,0.48426008,-9.150874,-3.0699866,-9.642753,-7.7545304,-7.9615545,-6.5269995,-9.321201,-10.670256,209.2987241938476,0.04876708984375,1
-214.38885,204.43799,-36.16584,45.02952,-34.19652,-6.563865,24.250523,-28.704908,5.343405,-10.957646,-18.634987,6.434409,-5.3218856,-1.9926213,-5.837988,-4.1761165,-1.9160018,-8.744123,-2.0921535,-9.698362,136.85883654090836,0.0711669921875,1
-198.1366,224.95587,-13.000913,10.701675,-14.691542,-10.170218,7.841648,-8.148773,-11.2230425,-9.953376,12.425646,4.285657,-2.327825,10.459651,-2.538934,-3.5083294,-13.348818,-12.970396,2.8562584,-6.705101,117.887446787501,0.04229736328125,1
-207.92336,202.65253,-57.477173,31.795475,-2.9044046,-20.717524,-22.539421,-39.603638,7.338249,-10.157791,-20.229862,-7.3349667,-10.484545,5.362851,-17.736889,-8.884874,8.277056,-22.969452,-2.3289328,5.7198706,168.87897833173568,0.055328369140625,1
-259.98953,116.3884,-28.975391,33.798855,-21.83422,1.4794364,-1.2591064,-48.151302,-17.45413,-36.19925,-30.30896,-6.98461,-13.814478,5.0583305,-20.270294,-25.584595,9.688255,-9.164622,-4.332365,15.32394,421.5011711850022,0.081268310546875,1
-155.36183,155.07321,-26.31,50.344574,4.990319,14.140972,18.301542,-2.4288306,29.51567,13.268269,11.914921,8.435184,-3.1232133,9.208399,0.08518264,10.076447,11.179889,-2.8928888,2.2897084,-5.366525,76.11205872198124,0.018951416015625,1
-243.27458,185.73386,-35.813255,59.66399,6.4263997,-3.829967,-13.219856,-19.738476,28.903032,-4.732005,-9.019179,0.115822345,-5.9366074,8.625246,-12.605896,-9.4474125,-0.681347,-9.246811,-0.12111503,-5.704222,125.49935536260644,0.051422119140625,1
-211.6972,143.99603,-31.281507,72.36481,-34.651802,-47.267822,-17.585552,-14.356019,8.899151,-21.253513,-3.915404,2.2762156,-14.952021,-14.926859,-11.079148,0.72682875,-21.14811,-10.887078,4.719474,-14.3161125,320.1592376560639,0.053436279296875,0
-188.69247,166.22983,-14.07865,72.84296,-11.044533,-15.877455,-12.188633,-29.441465,23.574497,-4.093856,-0.544227,18.439758,-0.41121435,13.484907,-5.2269106,0.19908655,15.432969,-7.519863,2.4785402,-3.6651273,76.75519048352746,0.04498291015625,1
-170.63307,163.76425,-51.043114,44.6513,-27.493568,7.2273493,-13.88513,-31.751617,28.836662,-9.634199,-14.75208,-11.565659,-16.97935,-8.936598,-14.031717,-12.742107,-18.327961,-17.469648,-19.900671,-14.205382,169.70911781521372,0.056915283203125,1
-206.04819,134.68265,-49.544952,60.8976,-23.665194,-10.68672,-3.3893964,-28.322983,5.280485,-8.221835,0.35390723,-4.3045263,-2.943342,2.0028102,-14.443276,-4.6558104,-8.652123,-3.2044892,-1.885571,-4.472224,290.2010123984656,0.056671142578125,0
-227.15247,182.48042,-17.216524,64.13263,-20.501175,-13.180641,-7.1329527,-28.814526,11.44046,-6.085608,-8.065591,-11.377508,-2.0826302,9.376018,-23.063374,-5.0326014,3.4624732,-14.839691,-8.754558,-9.075645,110.84959302648572,0.0447998046875,1
-249.46506,168.9418,-2.5371861,15.24282,-3.8622622,0.8657186,7.181875,0.5896181,-1.5299466,-9.589779,15.129038,3.0702782,-11.904132,3.7733743,-9.068848,-5.512599,-5.536094,-15.195588,-2.3504694,-5.006154,249.7328915136142,0.042388916015625,1
-230.93565,142.97083,-17.997915,49.941387,0.7375854,-18.031647,-16.879274,-16.391363,5.3406444,-18.119743,-7.313962,-3.8199399,-6.7334366,-1.7230799,-28.676548,-3.192627,5.416083,-22.366665,-0.85935813,-3.2084477,255.8805326856857,0.032135009765625,0
-235.56528,157.55951,-30.598816,80.43581,-5.5289593,-19.369352,-5.117027,-27.636593,-5.2724266,-27.059963,-16.805199,-4.670169,-11.521488,-3.9653952,-19.292494,-14.399063,-2.8608582,-12.175632,-9.99226,-1.1579429,126.38729378300916,0.0687255859375,1
-297.35736,141.3653,26.993755,49.928368,13.668575,0.82726,-2.315254,-22.652275,-1.5628161,5.7537093,-6.669504,-11.398983,-3.2209976,3.1987734,-10.596412,-11.490228,-2.530396,-7.8042984,-13.885717,-9.548374,178.06742545081272,0.021026611328125,1
-202.52676,164.86664,-38.89148,52.43813,-26.955338,-16.565147,-6.1903944,-35.29032,-7.5475698,-12.324518,8.02416,-0.75375265,-2.1220784,10.501023,-15.79795,5.8321557,5.7140846,-5.530364,5.9295926,-12.242294,270.9131064095324,0.058868408203125,0
-253.2144,119.90844,-24.658554,36.62598,-5.6329484,-33.5422,3.0940423,-6.232797,-14.634265,-16.73936,-14.529964,-10.053988,-16.224958,-11.698644,-6.890895,-6.514393,-3.3840594,6.863339,18.017124,18.363392,431.7704648817322,0.068634033203125,0
-262.11243,127.26342,-39.14878,36.06691,15.95309,-12.2437105,-12.766567,-21.446474,-13.4182625,-20.843428,-8.613471,-8.242025,-19.024822,2.978322,-0.21955085,-14.371845,-0.16024613,-0.2518257,-6.844537,4.336106,220.1719328132181,0.06951904296875,1
-257.2345,174.23299,-54.225792,-0.0044965744,-16.565308,-19.428104,-24.897964,-36.70221,6.751835,-1.1786098,-7.865863,-3.0498757,-16.615292,-11.102511,-20.212692,-11.043279,5.2290974,-7.8874693,-1.8410486,-6.2320514,294.0968682267466,0.07366943359375,0
-351.39508,103.71524,41.83116,16.274878,-0.75966096,13.2526455,12.917892,-2.1395216,-1.8098303,-6.732734,-5.106138,1.4947739,-2.456294,-5.588093,-4.7953625,2.7668586,14.130647,23.131008,21.369602,8.218555,478.46553452494254,0.027557373046875,0
-236.7968,125.70778,-28.533258,66.19144,-19.249943,-5.212389,2.3103015,-23.561455,17.980246,-14.016338,-19.291111,-2.7930179,-8.40933,1.4564043,-5.6726108,-4.4412136,-10.3358,-16.822094,-1.1931919,2.7126184,354.56818907474496,0.10467529296875,0
-207.5046,179.67056,-51.19914,38.92385,-15.933331,0.80957735,37.98648,-24.629292,-14.59157,-8.933513,-6.3760953,-2.3921974,-23.214535,-2.5342364,-3.8404956,-8.642298,9.856091,-3.4162164,-2.4417775,1.402235,158.38898448986873,0.05206298828125,1
-236.07071,158.23782,-18.778963,87.80583,-13.655273,-15.644108,24.417122,-20.821655,-2.446773,-13.709547,-6.559964,3.774817,-18.764606,3.3710344,-2.5563207,-14.171325,-1.3068504,-7.404895,-3.6276753,0.26430488,148.82512147162316,0.064178466796875,1
-192.00262,175.35034,-27.95206,65.97097,-11.815266,-15.345315,7.858886,-12.849604,17.773678,-4.128647,-8.99578,-1.1818,-9.671377,6.3257713,3.2136586,-0.99390996,-2.645695,-0.61979926,3.0709934,-7.010839,134.87782181713737,0.066131591796875,1
-250.50682,146.37091,-24.187634,48.20408,-25.747498,-48.770454,-5.5783377,-14.387121,-12.435635,-12.474929,-15.617747,-12.197121,-6.5489016,-8.775766,-7.7013044,-12.038572,-22.880032,-14.188268,-16.811447,-11.00694,335.67675343621727,0.04119873046875,0
-193.85477,197.78033,-36.075985,44.151512,-28.588615,-12.926555,29.172504,-21.328846,1.8971341,-5.0377507,-19.410652,0.9496937,-5.8730836,-8.194351,-13.289323,-10.873001,-5.290202,-6.730653,0.033163488,-8.153904,145.8967998569672,0.0357666015625,1
-241.55469,120.88277,-4.1661634,56.153862,-5.1538153,-26.581005,-1.1462764,-15.779907,6.586754,4.463607,-9.833878,-4.9324474,-15.799219,-15.571789,-9.857805,-4.8337364,-4.791773,-10.664499,-2.9488578,-7.99662,333.16911807750336,0.106231689453125,0
-240.68503,197.14645,11.511521,3.3508244,-5.259328,6.465987,5.438664,-19.582653,-10.621076,0.046444774,16.625607,12.276396,-7.016489,7.4675193,-5.881036,-20.375107,8.6723385,-4.1498632,-22.219696,7.374764,158.4930555603527,0.041595458984375,1
-273.2122,118.64404,1.9009523,52.08149,-33.098396,-33.230595,-3.4566727,-14.655427,5.119842,-17.324825,-14.619781,8.942518,-14.466253,-20.198006,-3.9810023,-9.126472,-9.813732,-2.0272222,-12.924501,-12.394128,352.1702675536269,0.07464599609375,0
-215.46472,124.15186,-29.08915,62.231274,-8.214841,-12.683357,2.7693176,-27.743496,1.9351141,-10.0981655,-14.748581,-3.0520003,-11.293453,-6.8909583,-9.179979,-2.2571197,-3.998467,-4.880378,2.0348706,-6.9871044,369.0849560849926,0.06744384765625,0
-256.73206,173.01114,-57.12068,5.059151,-37.058243,-28.90171,-14.015764,-33.68792,3.7500763,-8.967588,-24.105675,-7.4899025,-5.378049,-9.008263,-12.373507,-4.8545885,-5.92824,-3.8461132,-2.0351639,-9.793488,260.8434365462052,0.06121826171875,0
-252.96976,187.5659,-57.62124,65.87849,-9.98271,-7.6352916,22.765694,-4.309795,17.117023,-1.4689164,-0.12670392,0.019468978,-11.618002,0.2149365,2.1452303,0.11288488,-5.9208307,5.4225745,1.9720441,-6.37047,128.19303871401854,0.061492919921875,1
-271.23596,222.15732,0.5321791,-24.358164,-16.896664,23.40437,11.2347145,-21.57822,7.529752,19.385893,-0.28140438,0.77000827,12.888017,-14.814886,-17.506691,11.759926,-1.395673,1.7676575,3.33325,-8.303787,318.0615628940167,0.04864501953125,0
-222.93452,199.56906,-49.041794,36.836685,-21.153042,-21.739697,-10.777441,-24.563921,14.701269,-4.1679,-9.687107,-13.192834,-12.478252,6.1741476,-14.341753,-9.490592,-5.7377234,-13.99567,-5.694455,-11.042843,158.1642000017507,0.0538330078125,1
-249.84636,190.83186,-35.036232,32.661354,1.076652,-33.77358,-20.087093,-27.487078,-6.298266,-9.003099,-17.238064,-10.569323,-14.192453,-11.458977,-16.285183,-9.52528,-6.0992184,-20.039948,-2.259588,5.705862,113.0488656472894,0.04638671875,1
-152.72958,154.66472,-95.90549,69.091125,-23.672043,-0.033349514,12.800543,-36.025978,-5.2712283,-21.86356,-1.1607795,-2.605496,-12.651516,5.1627493,-13.011698,-10.880045,-7.294778,-12.541969,-11.049261,-11.502861,166.07065999601164,0.1103515625,1
-218.94183,154.63382,-28.755299,37.35251,-40.895977,-22.611095,-1.9255412,-15.702612,-2.662461,-32.054047,-13.093935,-5.503663,-26.228344,-21.496399,-16.589502,-8.247499,-9.230651,-10.187126,-9.685616,-10.747162,299.99682459325203,0.096282958984375,0
-217.79349,176.87912,-2.01765,14.718924,-6.869213,-4.4954114,3.1974545,-16.978436,-0.22710946,-6.4140506,-14.024523,-5.7848053,-13.177768,-6.4178867,-4.890812,-8.580742,-3.6444983,-7.103237,-6.4385815,-4.983397,258.22743368978183,0.027618408203125,1
-263.45465,115.30799,-34.009766,58.693016,-30.492079,-26.117039,-5.3858423,-17.389883,11.631921,-11.203716,-9.016353,-6.828491,-7.790547,0.980973,-9.689334,-1.2493805,-5.70074,-6.12917,1.4044615,-7.480718,277.341259111826,0.0987548828125,0
-315.60797,119.47725,21.11009,69.1298,-17.196587,-44.690865,-15.203716,-6.6325064,-0.92821383,-17.714893,-6.6080494,-2.3960633,-6.406625,-5.6495066,-15.567661,-5.0833683,-7.650099,-12.966834,-7.475983,-12.181945,278.6464681800056,0.058563232421875,0
-193.57764,187.18575,-28.045845,38.314445,-7.7620993,-0.5488286,8.671348,-12.562212,6.3839083,-1.8404853,4.9230576,-3.1965418,-5.387396,8.60542,-7.820833,0.6042282,2.702333,-7.761217,0.681255,-0.9253628,181.4029107876691,0.03619384765625,1
-273.03546,142.83426,-44.797665,19.996082,-39.482536,4.0748687,-3.3479414,-43.79622,8.222616,-8.264931,-15.27771,-8.398254,-6.1355896,1.874093,-10.0063095,-0.23292208,-7.054746,-8.883932,-2.3368673,-14.990356,353.139282942753,0.066741943359375,0
-183.18385,185.63327,-42.04313,52.30244,-19.563183,0.88266253,-1.6247616,-17.3701,-23.494556,-4.1026073,39.56967,-40.539528,-19.380713,31.805832,-25.785765,-23.805199,2.3801992,-3.9620447,-11.033724,-4.6879506,124.48135195916792,0.121429443359375,1
-167.7758,144.98183,-66.7557,82.048096,-25.000345,19.406311,27.048214,-62.537605,-4.9668326,-4.5426383,-11.994328,-15.342187,-19.892899,9.789881,-14.902523,-5.9837933,16.329195,-4.735721,0.52592,4.2265844,156.07011728960177,0.127044677734375,1
-291.83795,192.67236,-37.686714,42.10354,8.937847,-17.720825,-1.4675514,-20.578575,-17.16677,-15.457869,2.3804834,-5.9100513,-25.573936,7.996401,2.5205364,-22.355316,-3.2536192,-4.7433596,-11.6133,2.6672888,161.74383241153507,0.04327392578125,1
-232.85287,193.31665,-56.443302,-25.21399,-31.058819,-16.717152,-0.42857122,-23.989792,-3.2182407,5.03786,2.7267241,-3.908165,-9.7809925,4.3445716,-10.954105,-14.272028,2.4547338,-5.462696,-4.745543,-3.2986572,153.25243513926853,0.079376220703125,1
-213.53928,180.37967,-33.523613,41.86302,-21.02144,-8.568535,18.252302,-44.066437,-16.24651,-6.198176,-12.443142,5.2044744,-12.7718935,-1.4582496,6.6403418,-7.667429,1.6568785,-6.088125,-13.647724,1.5002518,190.67464633859467,0.04217529296875,1
-258.42627,161.6789,-33.453007,58.152885,2.5873165,-24.172125,-14.299877,-27.485743,-1.3232841,-21.859264,-17.190792,-2.992765,-18.678398,-4.3837967,-11.695091,-5.727867,1.2835113,-20.885056,0.39599192,4.1543617,169.69770032656947,0.04742431640625,1
-187.4187,167.83154,-46.993584,25.186556,-6.9048758,11.394056,3.5469928,-27.844446,8.764589,-15.216497,-12.434851,3.4049416,-11.908621,-0.60901815,-9.688803,-11.686357,-2.9295125,-4.734623,4.563119,1.7403141,194.06859626032403,0.0809326171875,1
-186.82986,136.3616,-44.423393,60.340378,-24.321186,-3.1620686,-2.5031354,-26.14621,6.533039,-21.609806,2.00119,3.8308475,-11.308453,2.6423497,-12.454788,-3.6397557,7.979785,18.034449,28.183693,22.438736,465.1270588741246,0.064361572265625,0
-260.41724,157.82455,-25.680164,10.143567,-31.535994,-34.921387,-18.829166,-13.336754,11.192164,-14.066677,-19.38611,-7.487883,-15.22842,-12.55458,-14.177044,-18.261972,-19.063248,-9.5854645,-2.5544052,-1.3704827,348.1991320032816,0.052398681640625,0
-230.46762,187.40579,-6.0148954,32.444298,-2.3151102,-9.729052,-19.81419,-24.696829,3.4023223,-14.442497,-1.5059977,4.580148,-1.3082008,9.352977,-9.24367,1.1300516,4.3091793,-12.161357,-0.21996653,-4.4499807,202.377685041984,0.04736328125,1
-225.47298,191.6611,-29.588642,29.14773,-11.835424,-8.358628,-5.9949923,-30.277222,3.7169352,-6.7240977,1.0925634,1.5955108,-21.979212,7.511143,-2.6997757,-15.780653,5.356985,-8.443677,-8.996111,-2.1196508,179.06652204110517,0.047149658203125,1
-243.8008,164.1807,-18.406048,65.04834,-3.2646616,-0.9467437,-0.5118157,-26.225578,0.7182337,-13.480053,-7.4408593,-10.209475,-13.350945,3.1159873,-8.827577,-5.433805,-2.1734338,-4.176563,0.19507241,-3.4133973,196.6302096490685,0.069427490234375,1
-176.44775,167.2894,-78.29257,41.40577,-31.484013,-21.280334,-11.452683,-16.195194,13.38439,-26.077354,-13.707609,-22.913223,-14.663242,16.032166,-21.307999,-12.690271,-1.3193227,-18.102482,-13.06946,-10.829481,155.94575845154435,0.08526611328125,1
-229.43126,162.51775,-7.2723427,36.50076,-1.5066667,-24.885193,-0.46539974,-17.686745,-7.73957,-3.0609412,-6.4595895,4.3489943,-8.597487,-8.202039,0.92650044,-7.231511,-8.88217,-9.375061,-6.2485666,0.42029086,244.20370020445645,0.03521728515625,1
-160.12051,155.59695,-82.4256,70.45237,-24.090843,-22.418823,6.6709805,-48.775536,6.284131,-8.51303,-18.000328,6.534992,-17.28487,5.4723587,1.5922337,-8.3135605,2.4042048,-14.22371,0.61275864,-2.008525,176.76329588268783,0.05474853515625,1
-252.85178,156.96294,-11.39308,69.96141,-3.5874043,-36.433834,9.341276,-13.391537,-16.587193,-13.950911,-10.336605,-4.8779144,-14.294121,-4.8622494,-6.4426284,-11.3906355,-6.865918,-8.056852,-3.602615,-9.459165,253.5071389134523,0.053955078125,0
-283.52103,145.284,-24.233696,21.185303,-12.113018,-35.14961,-29.394373,-24.25492,3.3646793,-10.561581,-17.338764,-1.8610173,2.122735,-3.0398154,-12.126703,-4.527067,-7.298261,-7.300267,7.2633505,4.2239957,372.4251557623226,0.07806396484375,0
-331.73706,134.81299,41.816204,66.63553,25.378721,-5.582219,-5.612092,-18.855837,-8.044037,-6.0253344,-10.648255,-7.5718403,-12.883107,-7.3659697,-5.6516714,-10.43317,-3.5336907,-5.949933,-10.576161,-6.5741215,191.02720850964585,0.0174560546875,1
-260.20673,160.93874,3.541748,16.254478,-55.63483,-13.182474,5.711771,-18.327553,13.6330185,-15.478035,-13.433937,8.763788,-7.763276,-3.4403331,-4.372422,-2.9672694,-5.3150244,-6.7686586,3.280144,-8.534862,294.72062820045807,0.0738525390625,0
-176.19133,146.30386,-45.72067,63.054436,-1.898283,10.264954,-9.041721,-16.722122,14.289677,-7.966438,-1.4352214,-13.864598,-2.8780565,-1.043041,-12.908284,-2.326808,-5.5267525,0.39834058,-9.755174,-4.6498823,167.35990283171486,0.084991455078125,1
-231.06454,152.11551,-34.643623,54.85453,-1.5840151,-32.42791,-15.472656,-46.42045,-6.0681496,4.562071,-22.411816,0.37649632,9.064684,-2.5130715,-12.515545,-16.551294,-7.044394,-15.073328,-22.330902,-5.329567,153.22756062850888,0.05133056640625,1
-219.83466,149.65845,-30.959305,66.986755,11.629271,-8.151041,16.726158,-14.576754,-6.789048,-13.808767,-13.715826,-6.7162266,-20.784538,-7.6954236,-3.1802347,-5.7119627,0.9456528,-3.5014215,-2.2406077,-3.8466644,155.19070364409922,0.062042236328125,1
-235.8466,188.00089,15.4924755,12.124199,-32.92296,14.578463,5.2371235,-14.730501,1.056306,-5.122842,11.0930605,0.25391698,-6.108929,-4.8497562,-5.4203763,-5.1522098,-8.671658,3.8613915,-11.397053,-13.518889,187.8448091962044,0.063812255859375,1
-227.12674,154.34323,-59.48423,41.792828,-15.459412,-29.459084,6.1258564,-7.853969,-1.6702554,-16.94963,-9.241392,-4.76977,-12.936461,-3.716568,-7.530731,-1.5727551,-9.672634,-14.060734,-0.39145935,-10.535684,330.86600846090715,0.106964111328125,0
-230.38852,118.13399,-25.507818,114.73509,-20.99289,-15.111625,19.345695,-27.693743,5.891929,-5.7559595,-4.789182,-0.857491,-12.496568,1.2850777,-7.6641803,-7.5933614,-1.4325736,-7.5532913,-6.9893837,-1.626169,143.61998554463085,0.14447021484375,1
-207.30208,154.99,-25.1576,46.873096,-13.005703,-27.336086,-12.424825,-2.0109496,25.147549,-10.508908,-7.7357054,1.7584774,-10.803443,-8.173422,-17.434746,-4.893121,-0.5616499,-4.0422287,3.6804392,0.81439173,314.77090470911406,0.06280517578125,0
-298.97415,131.76923,-49.24038,6.876235,3.2582934,-19.970541,-37.161797,-12.4600115,32.957703,4.223712,-2.6354017,5.8526497,5.56975,10.29121,-17.197412,-2.9980533,9.695391,-22.228487,-12.415255,-4.484029,138.43766323402411,0.121185302734375,1
-231.68295,188.31488,-2.9993532,22.050251,-27.850657,-19.654491,-15.2343235,-37.230667,-0.4958766,-9.204249,-15.79288,-5.802226,-10.569008,-1.1066186,-13.087751,-16.714222,-7.1675987,-13.846876,-14.433098,-11.181877,285.5547998178432,0.034942626953125,0
-121.32373,183.10452,-46.51274,52.01013,5.1940346,2.6398861,2.4861813,-15.233889,0.7098589,-19.710678,-2.5521536,-3.7825365,-9.140537,1.9291317,-10.267632,3.7150397,5.5976324,-1.7725867,-1.6303917,-5.3088636,236.61919902543724,0.052398681640625,1
-212.11282,125.42444,-24.173794,45.466774,-44.082726,-47.400307,-14.898154,-32.45137,-17.716496,-17.476366,-8.9601,-9.207029,-6.2133603,-1.1669009,-7.1549654,-2.9158835,-5.5365734,2.9830804,-1.1035283,-8.641351,253.43097187675968,0.049835205078125,0
-256.01566,131.85635,10.166399,69.95939,-1.2280536,-8.786961,-7.7080193,-22.945795,-6.985905,-30.373276,-13.892908,-13.201513,-18.544893,3.4925327,-16.957413,-10.458176,-6.9778557,-21.264927,-4.358819,-11.993616,156.38187731557562,0.032440185546875,1
-279.74445,203.22928,2.539606,23.95252,-11.984558,-10.372292,-8.509388,-21.799717,-2.6620274,-7.83038,4.410519,-2.9553962,-12.7515135,9.087356,-8.4755945,-15.475319,-2.8337524,-9.481561,-7.005904,-3.972677,160.0759892524619,0.040374755859375,1
-241.69962,174.78247,-78.332794,31.711914,-36.01842,-18.446108,11.791346,-22.652416,9.781778,-10.235109,-7.378891,7.2526474,-7.8452244,5.4690185,-5.3577614,-9.613673,-1.6355994,-9.268856,-5.9790955,-5.578199,165.08930681851965,0.081878662109375,1
-267.67468,222.10211,-10.125056,-10.159771,12.418377,-15.2549305,-32.17501,-24.145107,-6.3642015,-4.715214,-2.4389873,-2.2570944,-10.849953,-13.326286,-19.240911,-12.903536,-5.6004996,-13.7282505,-3.3442202,-1.098547,134.45985639556426,0.044036865234375,0
-225.2955,205.71303,14.099892,-4.1893406,15.246945,12.052126,-2.9571126,-9.887921,5.794706,1.1112492,-14.124439,5.5072017,16.752731,-12.924686,-13.268839,9.710422,-3.9137282,-10.461269,-4.9328613,-6.707254,317.7581075443369,0.03765869140625,0
-265.75043,111.42252,3.2169423,115.83158,0.2216109,-53.682774,-10.297155,-23.188385,-11.98266,-8.819312,-5.454892,-11.414917,-17.006933,2.3179967,-7.1270247,-9.053978,-0.61628896,-3.05295,0.81701124,-8.064598,256.95864070716186,0.027740478515625,1
-296.61157,169.26079,-35.673046,2.3777053,-3.4199083,7.092433,3.3064094,-24.423351,6.803033,1.2769774,-19.960945,-12.114853,-8.447926,-7.041611,-3.749232,3.4324145,-6.309491,-8.161646,4.199692,-3.0117965,456.095015058212,0.053192138671875,0
-244.14873,144.03914,-47.77618,44.6697,-13.585078,-19.841541,6.1707497,-19.789398,3.6102118,-0.91634697,-2.973452,-0.20577765,-11.821681,0.3545884,-8.889189,-13.036104,-0.24796344,-9.573877,-7.340317,1.8388742,323.81435916236705,0.078704833984375,0
-199.91245,120.21063,-55.457603,50.963978,-25.976341,-47.16307,5.5786867,-12.877922,-17.154274,-10.528212,-1.1572334,-3.7285433,-6.9906015,-20.39238,-18.937279,5.434477,-18.497444,-11.834871,12.629266,3.6956503,390.1603590991969,0.083251953125,0
-291.56897,156.4956,9.992014,48.481926,-22.128216,2.700798,-4.070876,-37.261967,-2.5727887,-10.470598,3.2016547,-5.071001,-10.972759,8.963767,-19.526394,-2.132146,10.73477,-17.284935,-1.8794156,-1.7391808,151.4509722388529,0.09844970703125,1
-277.2561,205.63464,24.061958,19.244663,24.709843,-6.6658964,-6.4131546,-4.0658517,-17.559948,-6.099647,16.640429,7.0965276,-8.196283,-1.0783697,-2.6419702,-6.877953,-0.88094074,-8.021371,-8.265278,4.2198772,152.16949930431207,0.038055419921875,1
-286.16025,172.09921,-8.3558445,32.619675,-7.132882,-32.02262,-16.503296,-20.15424,-15.741299,-20.806442,-3.307923,0.56058466,-8.403465,12.546404,1.568902,-12.905716,0.32800853,-5.130402,-5.3582497,4.057554,208.36322462718104,0.051971435546875,1
-229.19112,189.02104,-52.811287,40.686806,-15.126013,-1.0066788,13.838423,-20.636799,5.4794636,-4.641262,3.9058115,-1.1012189,-16.978754,3.640591,-4.6209154,-10.380621,-5.6497803,-3.6699708,-0.71170914,0.8671353,153.92916282554506,0.04278564453125,1
-243.94196,166.97899,-6.428954,13.977781,-4.8875713,-25.599201,-16.39541,-14.327104,3.6666095,0.57717097,-14.265373,-9.93543,-4.8564672,-12.305181,-17.531727,-8.478561,-9.703653,-9.194113,-2.4466758,-8.417324,306.7139586335579,0.03125,0
-193.9675,170.84332,-42.394012,35.223408,-11.898994,8.237852,4.3522844,-24.620358,6.339856,-17.893518,-5.973868,-0.17378628,-10.232009,9.824224,-5.2252874,-3.0010474,-0.18194176,-9.12599,1.6997455,-1.8556654,329.1529281564011,0.082855224609375,1
-190.97122,143.61986,-43.199974,57.49218,-8.1823015,-3.9853842,12.465289,-16.438778,14.810366,-5.912259,-12.645817,4.1609507,-6.987603,-7.979954,-8.823183,-4.803499,-7.5702167,-5.490553,0.83785105,-5.6970415,346.8139993774898,0.050933837890625,0
-188.38925,156.7948,-57.73367,45.589085,-41.970367,-12.836139,-33.88392,-19.179817,16.523233,-26.943079,3.1692827,-17.863922,-7.0443144,9.777792,-23.274769,-7.572678,-13.133993,-15.692164,-9.204007,-14.385635,145.1779877497381,0.1253662109375,1
-266.5243,154.48874,-24.147276,35.522003,-38.756275,-62.37693,-24.986298,-25.653868,-6.605806,-11.172481,-16.841593,-13.820819,-17.822664,-9.915437,-4.1749916,-8.314106,-5.052006,6.931522,-5.9457016,-7.577737,430.5992707563798,0.05743408203125,0
-186.23676,200.06511,-12.948311,42.02388,-34.99367,1.1340767,25.44492,-3.8912075,14.325365,-16.014708,-8.75315,2.5619917,2.009779,17.13738,2.586418,-0.2957445,-4.1117096,-4.793007,0.4119306,-7.3265715,124.02186991855731,0.047088623046875,1
-189.1582,226.15723,-29.141113,34.821728,-15.752129,-20.823324,-1.9141536,-20.983746,15.877901,3.3318496,-15.95015,-10.119911,-11.917011,0.9318615,-5.558737,-9.836211,-6.819596,-9.708809,-8.735128,-13.830644,139.59720507756262,0.04534912109375,1
-240.23068,207.1561,-53.57006,15.965821,21.424797,-30.173912,-16.764095,-0.7334376,4.3885803,-4.2968373,-12.762487,-14.03381,-14.100052,-16.188587,-12.717052,2.7150784,-0.57754683,-7.917257,-3.739564,-7.9913874,262.2111131123851,0.045440673828125,0
-208.65186,182.16345,-51.246147,51.30006,-10.975479,-0.89023244,-1.9361556,-21.558334,8.13203,-19.038673,7.274194,11.100706,-3.8653374,9.763872,-9.6998005,-0.8214406,-0.34775352,-5.0693927,2.7774286,-10.72879,268.8171650627127,0.053131103515625,0
-217.94476,152.88277,-29.339542,66.72856,3.8272953,-4.9072876,-4.171848,-28.404333,5.010176,-8.384351,0.23531884,-3.743988,-10.8368,14.845366,-10.539751,-0.4225732,14.013812,-11.981311,-3.4480214,-6.9509277,168.56148426395606,0.043792724609375,1
-256.0368,141.59843,-7.337611,73.2511,8.613217,6.094059,3.711183,-7.813784,6.316594,-12.915174,2.519975,3.1970878,-2.1099305,0.78061754,-5.6516294,1.2689366,-1.2371712,-6.0762253,1.070475,2.0671403,165.73924503834664,0.07867431640625,1
-275.4983,156.14175,9.613468,23.618488,-15.965253,-13.419306,-4.607871,-28.043678,-15.794996,-13.177504,-4.463925,-0.23167682,-8.859561,-7.0079684,-17.679623,-14.69455,-10.319469,-10.814278,-0.8144957,-11.279356,316.36259928069234,0.035858154296875,0
-230.72107,141.62842,-35.345505,40.28488,-38.825844,-33.380177,-9.034254,-33.00342,-3.0347188,-13.650763,-13.47944,-5.50777,-9.203447,-4.2440615,-9.177643,3.5180292,-5.2949495,-9.146106,0.076706395,-14.185331,243.2728888973473,0.0582275390625,0
-190.63551,176.47293,-4.683349,43.89444,23.235378,-1.5870887,16.269241,0.49007577,9.113455,9.667286,-3.8527873,2.3681896,-2.028809,4.3678865,8.314054,-6.015458,-0.2582814,4.187825,-2.1931117,-0.7621786,99.1080647197075,0.01544189453125,1
-243.22458,170.27313,-32.3635,53.6068,1.1351404,-0.5242978,0.69992995,-29.06553,-5.7265315,-14.85783,-7.384663,-3.673469,-4.2132745,8.2051325,-7.8577027,-5.284871,1.9930141,-3.4975324,-4.3756266,-4.0848894,208.52295471888928,0.06280517578125,1
-196.08328,117.043,-24.908424,59.781174,-24.108501,-16.026533,8.481878,-26.165257,1.1854328,-6.167519,-10.944281,-1.5168673,-2.4490373,1.4195269,-3.8483474,8.479507,18.711803,20.174316,18.035341,10.273311,487.0575734797249,0.0631103515625,0
-282.10635,154.00677,-33.063087,33.30041,-27.047676,-35.425407,-10.461381,-15.486662,3.2780604,-12.29354,-16.04412,-10.26874,-7.080386,-10.478235,-18.217766,-8.411732,-17.251127,-12.177613,-6.7965307,-15.262575,311.1386899864694,0.04425048828125,0
-181.62737,174.40805,-14.374584,90.41304,-19.021484,-29.816395,8.2647705,-24.370996,3.1736162,-18.11055,-18.061083,10.750702,-0.036022067,-1.6889641,-9.873241,2.393768,5.8605623,-15.050451,-3.5676136,1.3858321,140.8682756415067,0.046844482421875,1
-241.61928,155.4672,-26.288864,25.48287,-37.5226,-27.457685,-20.843609,-33.062798,-8.4599,-15.682409,-2.0752833,-5.6891584,-7.9662666,-3.1937654,-12.512598,-4.9714565,-7.3282433,-0.4398768,1.1543818,-6.4991736,228.5809013099513,0.0677490234375,0
-242.22397,160.60655,6.449836,26.049034,-8.32995,-13.633549,-6.9922867,-16.62589,3.8446043,-6.1765194,-7.2608657,7.551735,-6.1436167,-8.037724,-1.2855737,-9.09884,-9.59326,-4.9529877,-9.082468,-4.2383204,373.5849818279664,0.0491943359375,0
-308.3311,98.17149,12.195419,46.118183,-26.83176,-20.719578,9.207054,-20.714344,-12.119921,-8.832794,-11.127298,-9.950138,-9.872757,-3.3972752,-12.574885,-11.86003,-2.867282,-2.1435113,0.5038545,6.9321394,390.0510168803749,0.08819580078125,0
-209.1534,162.42087,-53.71959,26.509354,-37.328598,-14.704399,-3.4805574,-24.316782,6.372627,-17.235207,-13.386091,-8.541506,-14.653974,-6.5582147,-6.72091,1.1780791,-5.6160536,0.11737919,-0.8015616,-12.298048,312.44456446306657,0.063568115234375,0
-215.34644,172.63239,-9.291868,47.447575,-3.892659,-16.825113,8.602417,-11.524504,-3.7985117,-0.957668,3.9380445,-3.7674599,-9.483891,5.8312554,-5.068566,1.1183583,7.5847178,-9.719429,-5.201316,-4.3240504,152.7366965863175,0.03045654296875,1
-218.65625,144.72241,-56.022102,46.29951,-22.068592,-6.942845,-4.0480776,-23.16023,14.873898,-12.30613,-11.809396,-2.973187,-0.93376637,8.908024,3.003571,11.630246,7.2954183,0.7850232,-0.46684194,0.28337836,522.7225916008591,0.06671142578125,0
-203.77847,201.88068,-4.4868307,31.085442,-6.196002,1.801517,0.89263266,-10.2152605,-6.0538387,-11.14884,15.450079,-4.693059,-6.4206038,10.796238,-7.8190126,4.1659985,-4.903323,-14.215651,-0.4695841,-6.045554,0.0,0.04180908203125,1
-263.31,155.76743,5.1126566,60.814102,-3.0443385,-47.57552,-14.735623,-7.287798,-12.721129,-13.420771,-1.7032163,1.8359903,-1.1687771,-8.450619,-7.6968603,-1.8066243,-11.746269,-3.0107949,-1.139941,-14.6209135,259.1009874004804,0.049591064453125,0
-217.23058,144.90515,-35.281616,51.37485,-4.175931,-39.38616,-16.29895,-25.421993,-14.751785,-20.40121,-11.634716,-5.59014,-11.841579,-2.0938315,-5.4622455,-0.19940758,-0.3183439,-3.064859,4.4216685,-7.4953117,275.88088166122674,0.06500244140625,0
-222.62845,159.0242,-17.613182,75.7127,-11.091959,-33.447388,-12.919922,-27.483978,-0.96470124,-10.488044,-6.4175167,-2.171393,-5.190918,8.0149,-4.5211096,-8.830429,-4.011894,-4.651911,-6.7477245,-9.081267,198.69860621205595,0.07745361328125,1
-247.07994,150.01787,-37.980244,21.904709,-0.2925743,-35.460793,-11.037695,-0.2825035,-5.474189,-27.0541,-15.906931,-2.4850512,-16.548908,-11.756725,-9.036917,-11.722113,-10.525756,-9.550399,-1.0770555,-6.1568666,357.37939813394973,0.052734375,0
-147.8475,158.33578,-57.005325,76.80249,4.976822,-4.9963636,2.7390647,-3.2070346,29.675896,-6.8837843,4.761136,10.09593,-4.984947,3.1990166,-13.356693,-8.08576,-5.8401337,-3.386238,8.371716,5.739229,426.99018137581936,0.073516845703125,0
-246.37514,146.62442,-3.1748424,30.871048,-1.0371431,-9.378223,-5.359494,-21.044598,-6.1281652,-6.6299496,-8.73779,-11.89329,-11.802801,-5.2388062,-11.337644,-5.0915327,-8.945071,-13.873835,-4.6221557,-9.17385,311.593563880012,0.026153564453125,0
-224.30356,152.68771,-8.15724,60.58132,-15.854772,-23.880623,-13.008482,-20.013445,8.011818,-17.186209,-11.249597,1.7720217,-12.121108,-22.270393,-21.829168,2.2973416,-9.345382,-16.93557,-5.903034,-14.016668,276.06811076044755,0.0460205078125,0
-244.87958,145.08255,-60.90495,62.990524,-18.037266,-1.7866651,15.462579,-25.855911,13.1944475,-0.0064907074,-0.38299918,-5.664484,-14.90587,4.4602947,-15.626474,-7.3597975,5.501067,0.06359039,6.1772814,-3.947158,166.9116951940749,0.06683349609375,1
-228.66809,146.30789,-16.981739,65.24846,-41.678658,-50.7443,-11.149855,-12.033703,4.786724,-22.335758,-10.038295,0.68020993,-13.828718,-16.79853,-17.829945,-5.7394733,-11.816082,-12.949682,-9.228784,-7.3335996,303.3582154484379,0.04278564453125,0
-212.51624,140.88815,-75.57251,2.3146713,-50.33053,-19.439648,-8.201148,-30.694181,19.07513,-8.745622,-21.874096,-4.4607735,-9.93643,-8.477131,-9.590693,0.55885315,-5.7738094,-5.789115,-0.8087826,-12.490199,279.67523633079884,0.071014404296875,0
-232.81764,156.9832,-32.815018,-12.09696,-27.634315,-22.553562,-7.215545,-17.754543,-9.052303,-14.860283,-15.967305,-12.247959,-12.037329,-11.108038,-20.549656,-15.4269285,-8.042029,-6.311156,-5.487542,-12.660285,345.6091179679234,0.047882080078125,0
-237.72052,140.31142,-19.789219,80.511505,-10.733306,-1.6678009,0.72697985,-26.967808,1.7636819,-21.93346,-15.607673,-4.769078,-15.35028,-4.6503744,-0.47979414,-7.8616037,-5.7090197,-2.9128819,-4.389684,-1.6937828,202.83780737844504,0.089111328125,1
-211.9094,153.83905,-39.14218,75.56339,-26.839024,-16.842503,3.7078552,-27.366043,13.787246,-10.492511,-11.147799,-2.2803168,-8.805307,-0.8139738,-15.083253,-2.8319657,-6.555464,-14.311318,-2.3988733,-13.684528,166.6286674477572,0.0931396484375,1
-197.3383,95.55733,-47.964783,85.347115,-28.30118,-28.467537,11.443996,-16.52465,2.0912228,-20.69051,-11.033306,-10.165009,-17.13645,0.18667722,-16.399273,-3.3696458,-2.317093,-10.733193,3.805593,-10.237951,312.2633201199076,0.1180419921875,0
-92.6685,187.01733,-73.213104,50.29846,-24.134907,15.920389,3.0794387,-22.635607,16.200886,-21.704525,0.0717693,-2.2900457,-5.949667,11.4117565,-7.244234,0.25972545,-4.0075417,-5.924692,1.2061527,-0.9721722,0.0,0.094512939453125,1
-233.42508,182.97302,-57.162586,-0.97377706,-21.687214,-23.938028,1.3551855,-44.189293,-14.73156,14.470359,-6.233012,-0.9325215,-13.817553,-15.354628,-5.522294,-21.446766,-13.164326,-10.257716,-16.833656,1.7759187,143.21246167436033,0.05877685546875,1
-208.5603,169.4115,-6.188671,40.61532,-10.203075,-3.7411628,-7.6085587,-33.641884,0.84271383,-10.72033,-9.563646,-8.439644,-22.360718,-3.2263312,-6.1344557,-4.644641,-0.683488,-8.929733,-0.21685481,-6.1024704,218.40471644465973,0.046844482421875,1
-227.6015,123.8196,-38.54393,48.35871,-7.428194,-10.598558,-14.797369,-17.545143,2.5934763,-19.720257,8.4225,12.5079155,1.5888749,2.1683187,-8.514695,2.206314,-6.8384895,-5.5291243,0.84966147,-9.864206,305.85240544608234,0.1053466796875,0
-248.47687,179.69229,-15.679266,21.407087,3.0602777,-3.1757784,-6.6217384,-20.870981,-4.9115686,-16.321648,-13.194332,-7.493265,-13.865919,-4.661005,-6.7695155,-4.8803244,-3.7346091,-4.498119,-2.3067188,-10.479908,258.364990480925,0.03515625,1
-229.56168,142.99986,-41.110725,82.25131,20.89365,21.028517,2.5759473,-21.664642,-2.5399163,-16.491732,-8.296576,-26.324532,-9.225525,2.5985165,-15.003831,1.1357458,-1.3924884,-0.31562042,-0.8151563,-1.5721211,157.03475271821762,0.07177734375,1
-279.98804,172.47916,8.627844,4.3316317,-2.245707,4.2869544,-5.787153,-7.948871,11.093082,-3.2141182,-0.1033839,3.8441467,-4.013505,-0.35986757,-3.3709111,-2.641049,-6.2112894,-8.601494,-4.837986,-6.388255,327.2149858525639,0.038360595703125,0
-222.72446,171.07054,-28.18583,61.629208,8.814521,-5.7979174,11.679261,-1.4923577,10.661371,-2.969298,4.2123613,3.0881586,-0.20518523,11.521495,-0.68546754,4.4496703,6.541909,0.59736615,5.5211134,4.653823,0.0,0.034759521484375,1
-230.66434,123.528534,-29.63726,66.7683,2.952173,-31.550903,-9.786901,-26.171333,-3.4181633,-7.091913,-21.173653,-8.924105,-2.7534783,-8.336476,-17.184162,-10.053737,-13.254056,-16.526167,-6.0898137,-2.3893096,358.26713147458736,0.08148193359375,0
-278.03455,126.75011,-18.562164,40.894936,-2.935276,-14.439369,-17.909132,-8.975364,25.856625,-21.039759,-18.643524,7.5411305,-16.147827,-10.945675,-6.191476,-6.1633177,-4.0113873,-6.3341,-2.845828,-4.400901,293.3478102478361,0.043701171875,0
-155.11292,160.14789,-75.1891,33.096226,-35.747475,-36.399834,-17.08191,-15.430466,16.035814,-21.57927,-9.564924,1.294313,-23.736162,-16.090975,-6.8696012,-7.2830925,-10.728767,4.260333,3.2065291,-6.668501,305.99764522410896,0.082855224609375,0
-215.04913,96.788635,-26.069923,70.39666,-18.815742,-1.0761466,2.5083706,-20.182985,12.646502,-14.130987,-10.623526,-6.1017027,-3.895441,1.852495,-18.357677,-10.532315,-12.873268,-18.369968,-11.003625,-10.58671,318.74137384652687,0.140625,0
-223.42804,148.81187,-47.60134,57.619667,-26.70779,-28.9206,0.15953594,-22.685242,-14.5479145,-15.758589,-7.7939253,-21.169899,-14.610574,-8.880493,-17.793,-6.683761,-16.227757,-6.9282036,-2.821735,-10.696724,307.414515391307,0.114654541015625,0
-203.28789,110.671165,-45.960785,89.56754,-53.598915,-32.67797,-2.7641459,-9.081188,7.634606,-20.05035,5.2167435,-13.296286,-10.640861,-1.184899,-13.175791,4.2841244,-4.5726423,-1.9261395,-6.206784,-5.350962,378.2607778308959,0.11700439453125,0
-247.34831,198.37012,-9.712952,44.338966,-23.18526,4.258033,11.354384,-36.033134,3.836019,-4.5410357,-5.5278854,2.5349414,-6.1304855,10.307684,-10.926734,-11.104217,7.4646835,-8.169654,-5.603519,-1.4989238,186.1928279770493,0.03948974609375,1
-232.0213,200.67307,-28.89622,38.746956,-24.73157,-5.381686,16.435043,-33.293163,9.944272,3.3397214,-15.455553,3.900528,-7.88152,-3.8106012,-4.197521,-6.1627007,-1.327689,-8.616642,-2.9435887,-2.934688,146.07565057115067,0.046112060546875,1
-226.83972,187.78899,-0.9784398,59.677826,-5.1113424,-14.419343,3.2373424,-18.621208,4.263168,-1.2124107,-6.3088737,-1.2896571,-1.461591,8.751462,1.759264,-1.9342574,1.016567,-1.524534,-2.6266832,-2.3982644,165.40532110244814,0.04486083984375,1
-220.87569,199.25616,-12.043682,17.83945,-11.52812,-13.697319,-9.320058,-26.674526,9.137148,11.983696,4.9205627,8.754723,0.6158069,8.179004,-3.681881,-6.2208896,10.314663,4.336176,0.8386272,-7.6256876,175.22603566073366,0.053985595703125,1
-202.40424,113.047005,-32.106503,112.22147,-26.912804,-22.376629,7.002317,-29.819809,-1.9741766,-21.242762,-13.307503,-6.692745,-17.016228,-6.3782897,-6.660125,-3.376662,0.35236418,-4.3499336,-2.5097833,1.6247503,215.01722982258423,0.154449462890625,1
-266.14212,170.76178,-6.3257375,48.0203,24.059628,-8.498458,-24.544323,-40.015087,-9.873264,-9.570152,-9.180163,5.1331744,-6.70234,-7.6450195,-2.5178168,-8.149174,-12.054747,-8.65266,-8.044558,-13.062485,150.0169348767694,0.037078857421875,1
-186.48672,159.50125,-64.99631,63.148525,-13.580494,-4.770952,22.133957,-21.850933,3.3903837,0.76151514,7.506688,-3.5701938,-22.28769,-1.5187247,-12.242456,-8.978497,1.9166293,-6.5104804,3.895722,1.6026616,154.56761446045468,0.085113525390625,1
-241.3844,171.33412,-80.84341,54.24168,-28.214073,-14.699089,10.888747,-31.24989,8.186096,-23.459927,-13.671791,6.0723443,-24.3209,-0.61706066,-12.471848,-18.677673,-1.3656244,-18.91916,-8.045758,-2.1703658,175.8279839548321,0.067779541015625,1
-238.58372,130.62889,-36.84446,37.54488,-9.796028,-7.0564575,-6.615425,-21.887264,16.978806,1.0101827,-0.78834504,1.2473786,-11.919455,0.99602425,-6.853056,-7.9678917,-1.4958849,-2.631758,10.842486,21.12606,432.203418206301,0.0771484375,0
-247.28587,162.4617,15.767033,31.45419,-4.748686,-13.562538,-10.133451,-29.4431,-11.701153,-9.026118,-13.03761,3.6862226,1.4920319,-14.616388,-13.263041,-7.0072584,-13.329009,-8.371143,-2.1910415,-9.114605,327.200425355747,0.045989990234375,0
-193.98596,192.53668,-19.231552,35.36181,-12.358651,-3.9763007,20.800064,-26.932796,-5.328142,3.473213,-14.226122,-6.7074294,-6.829959,-6.369971,-7.800251,-6.137085,-6.3276825,-9.388912,-5.8971663,-12.521975,165.5554033495086,0.02471923828125,1
-192.62984,144.38069,-62.768387,40.38267,-51.638046,-45.145782,-12.687383,-25.792141,14.005332,-13.753519,-15.174221,6.2554674,-10.916199,-16.802032,-9.075216,-0.06940055,-2.751784,4.577859,5.977326,-2.3417246,257.363867676623,0.0784912109375,0
-312.66003,141.86743,31.452745,34.680428,14.337828,-14.547686,-10.159859,-4.175726,1.7926767,-3.7521858,-9.878529,0.19948292,-2.011571,-11.502539,-5.4186826,-3.8804502,-10.435223,-6.506608,-6.366592,-12.65991,352.15954981460226,0.03070068359375,0
-208.7201,163.20215,-64.98374,10.676191,-38.634583,7.6037493,7.9582624,-44.96488,10.36611,5.2816925,-2.2455795,-3.023944,-16.34718,-0.67600447,-11.671118,-4.1923265,0.89587843,-5.8744135,5.7345233,-2.2705173,301.5754316142824,0.087249755859375,0
-196.95424,221.51099,-47.18525,11.52482,-2.031106,-14.762831,-5.140609,-17.009373,3.715889,1.0307132,-1.3189878,-5.379104,-11.679951,0.4559247,-9.83585,-8.717458,-2.8623722,-10.883367,-3.2434587,-3.3383377,159.71714602026535,0.04498291015625,1
-181.84369,159.32727,-39.67182,60.98939,3.3997808,-8.357447,-1.059697,-28.709396,7.357531,-0.42057282,0.5569372,2.299036,-8.850687,9.473749,-6.7468624,-1.3324035,9.896986,-14.864441,-5.449065,0.013014674,166.6189693240486,0.045379638671875,1
-251.99612,142.59123,-14.698174,60.738914,-12.819763,-20.316982,-15.545441,-24.769222,-3.8035731,-18.422382,1.167318,-4.305782,-23.097607,-0.87016195,-0.23580527,-12.548805,-13.846308,-11.244188,-14.693414,-14.054947,132.88406272000628,0.06134033203125,1
-311.08566,141.72136,20.564354,53.42109,8.22155,-40.77547,-16.8177,-8.767285,-15.623123,-9.452795,-3.503386,-5.3188725,-3.3492148,-5.2789183,-9.791001,-7.4938927,-13.309488,-9.181157,-1.8946704,-10.106483,337.73969040545614,0.03564453125,0
-295.07996,173.9961,28.079971,58.60811,11.349282,-21.110332,-13.399771,-23.488651,-12.965219,-11.970091,-5.628313,1.7878115,-6.401032,-0.09945732,-1.9106454,-3.5699294,-1.1515254,-8.604706,8.058548e-05,3.5332384,139.91138406975736,0.03790283203125,1
-115.974815,157.7894,-82.43358,61.307137,-60.687553,17.95446,9.496258,-14.830534,22.255024,-18.093555,4.861972,-4.526147,-2.7411916,-0.047008514,-4.7662716,3.7385726,-7.6385155,2.1855748,-2.1328459,-3.737879,0.0,0.13177490234375,1
-185.50166,167.25633,-42.10074,68.30609,-27.370003,-3.5268102,-2.0430536,-40.857056,16.306465,-1.231349,-14.711721,-13.864416,-10.324729,2.8851776,-10.098584,-17.225672,-17.444866,-7.9339724,-20.614372,-21.936054,159.63452375650184,0.058929443359375,1
-269.3747,139.04312,21.224728,43.471786,-11.648788,-4.466084,-1.8136404,-29.398157,1.2224307,-5.773107,-18.521858,-3.893152,-0.8604622,-4.424311,-12.570478,-3.697538,-6.470674,-17.58133,-8.760731,-10.256317,313.782119515036,0.04315185546875,0
-228.49695,177.40796,-17.275358,20.139912,-3.4533968,-11.641295,-15.828965,-32.27393,-10.313734,-20.882372,-18.434574,-9.080889,-10.647573,0.23645943,-16.822384,-7.2494087,8.210113,-16.609764,-8.338263,1.545938,170.21863150033295,0.04296875,1
-210.65457,111.85239,-46.887714,57.00135,-0.94751453,1.3422666,-3.855938,-19.17308,15.653357,-11.456882,-11.482261,-2.3857088,-3.4024458,-1.7524611,-15.064676,-4.86147,-6.048978,-17.148453,-13.984623,-10.047767,282.24700230030754,0.113311767578125,0
-63.26544,165.46902,-94.13321,76.48231,-29.65824,5.5870857,11.040356,-1.5319891,32.350704,-23.133163,-8.375934,-5.1352024,-4.430727,4.182905,-10.358219,-3.182429,1.2385912,8.208438,1.3314699,2.211186,451.33392801913726,0.135162353515625,0
-228.02055,125.808235,-18.76154,31.677471,-56.581947,-11.464041,-2.5872188,-36.85881,1.1474104,-19.728493,-2.222012,5.8389444,-19.073536,-7.806705,-10.609799,-11.981352,-11.503535,-0.29605842,4.238027,-9.747602,349.9891319827509,0.13739013671875,0
-291.58368,141.01605,16.652113,44.28595,-0.969661,-30.60535,-11.429557,-13.569799,-0.043206334,-0.2695229,-10.912365,-8.001167,-15.02346,-15.107548,-7.6045566,-3.7625208,-5.6860094,-10.708879,-6.2902308,-8.953558,346.26700632389424,0.0302734375,0
-155.03043,109.88614,-58.9919,82.35918,-40.849518,-1.0292493,-20.652197,-23.323467,25.016968,-30.611214,-3.5919194,-13.8722725,-14.047277,-1.3081976,-22.996424,-5.7901287,-18.585201,-17.956572,-11.407558,-14.116173,142.81762634413127,0.177032470703125,1
-257.98172,179.1824,0.4827547,59.364685,-14.331315,1.4010236,13.336536,-28.378042,0.7431016,-4.073739,-2.335969,-6.1568584,-15.62498,9.778589,-7.7177343,-15.334723,0.89635724,-6.752033,-5.316864,-1.1204828,144.3250318267087,0.05340576171875,1
-254.80078,122.12535,-28.61636,35.67883,-2.1603189,-34.510494,-5.800995,-5.981982,2.0759814,1.6909459,-0.11640036,6.216648,-2.2503936,-6.843107,-4.5235476,-10.101164,-10.1115055,6.898151,11.773456,14.921591,420.1711639095901,0.078460693359375,0
-325.4345,104.059235,-0.5048848,55.215965,29.829105,9.408106,7.461446,-21.788883,-25.406544,-33.27162,-24.081131,-20.798967,-30.823961,-7.398342,-15.28002,-5.5518,25.2958,-16.144566,-17.291683,7.657439,220.4686996411543,0.038238525390625,1
-235.50693,175.67004,-9.728291,18.323236,12.0360775,13.789249,11.647096,-12.020405,5.5312133,-1.1604781,-6.1021414,5.4346666,-8.832109,-13.691626,-17.181938,-13.534537,-0.12569115,-8.4864235,-9.284166,-0.9222746,166.37872394114618,0.024139404296875,1
-201.33139,175.51366,-32.60244,48.349792,-7.9534645,-18.521492,-5.2462387,-24.291927,2.1945086,-30.69799,-25.927603,-2.5336957,-22.468065,2.2638927,-6.3728657,-17.270937,7.5104203,-10.972729,-8.490509,7.6575637,165.14050631874755,0.036773681640625,1
-206.3097,180.26242,-36.226818,48.557426,-39.191795,5.233631,27.754679,-44.602867,-20.97744,-12.423292,-0.54683733,6.574239,-8.977152,-7.5361814,-10.494173,-17.840343,-15.987941,-10.478362,-21.290346,-9.648613,148.66964751778875,0.0556640625,1
-241.0516,188.34387,-1.8221045,-10.857833,-3.3740985,-9.167921,-15.212959,-23.453611,-8.582423,3.9958274,-1.820972,-11.578619,-11.358635,-14.003502,-15.37508,-3.3742852,-7.0880594,-9.657605,-2.5978765,-10.8639345,313.539400240218,0.035308837890625,0
-274.3934,184.98518,12.202377,30.698956,4.1368175,-21.377415,-8.421355,-18.00916,-7.208537,-0.25685078,-5.7337027,-0.94959575,1.8695605,6.808842,-2.7237945,-9.739848,1.989469,-3.8310347,-10.675032,-3.577379,139.0389802980907,0.034698486328125,1
-226.38324,164.07379,-22.69379,33.6754,-5.425308,-3.926735,-6.165249,-32.390114,-6.6176515,-5.2902656,1.0990444,0.51731044,-10.609807,-6.447151,-10.550343,-7.5503035,-2.6192942,4.924979,9.965973,9.5445795,419.1743342007717,0.045928955078125,0
-256.47958,140.42924,-0.35819912,47.959816,-9.853881,-29.17762,-1.9366493,-4.8192577,-6.19675,-24.685146,-10.450722,2.3933468,-12.562826,-11.699602,-12.478563,-10.468416,-10.621634,-9.493311,0.4245028,-5.625348,319.93558822851463,0.02899169921875,0
-275.5245,163.94882,-9.674831,36.14342,-15.997611,-34.193466,-21.581951,-16.811178,-5.7997866,-13.815523,-3.8815327,-6.680644,0.15448895,-1.9054908,-23.297321,-5.748648,-8.069462,-20.324951,-9.113864,-6.8731227,300.05956248970284,0.055450439453125,0
-279.51392,130.60237,-57.74955,55.971718,-27.25562,-43.617508,-7.7121043,-15.876373,-17.139801,-37.258106,-15.375144,-5.5598,-9.277714,-19.573046,-26.624378,-0.4302585,-13.512045,-18.11218,-1.3972297,-10.678425,314.2986782258439,0.083251953125,0
-277.98132,150.05644,-5.621066,36.397186,7.7967954,-45.516113,-33.674248,-28.540539,-18.725445,-5.637357,-10.412955,-6.355574,-0.90666723,-15.256557,-18.786964,-6.303347,-11.105962,-11.242633,-1.3499308,-4.3050556,380.00743336984254,0.068145751953125,0
-191.2132,156.30106,-49.77495,14.959604,-5.8996353,1.3198168,6.4247155,-19.841522,-0.54596335,-11.878286,-0.38751805,12.922193,-3.8911242,2.4032888,-6.6673374,-8.0116205,0.4733489,-9.98952,-6.11924,-3.7090201,365.5882786762838,0.059722900390625,0
-291.31274,145.40366,4.9758177,27.093971,10.414921,10.3673115,-8.218176,-29.657244,-7.077348,-6.1897955,-2.9350162,0.51312363,-13.795853,-10.9667635,-6.9568367,-18.480371,-11.958685,-6.095689,-21.812286,-15.274582,356.3771116049785,0.05377197265625,0
-257.0111,107.04231,-21.17221,43.94428,-21.226875,-27.408962,-6.5308747,-13.783036,5.869768,-24.169216,-16.381952,3.2029939,-24.498457,-19.39338,-11.507219,-12.2416115,-3.6649532,1.3980578,6.5134044,7.1135635,418.6493714821488,0.11767578125,0
-247.11899,160.79027,-62.100662,54.196983,-18.37596,-44.733734,-3.6718752,-17.895275,-15.236567,-9.377841,-4.456193,-11.960739,-9.24168,-16.08715,-16.243587,-3.770413,-14.299659,-6.6478696,-15.042185,-19.089441,319.9587693825451,0.0621337890625,0
-297.02454,143.39397,24.17297,56.7997,8.315128,-17.51632,-17.707232,-31.730988,-10.647548,-5.5163436,-6.6854906,-1.8391426,-6.736123,-7.0543966,-14.215783,-17.416473,-10.354235,-17.997147,-25.932243,-15.947845,155.40266793155612,0.0335693359375,1
-94.48358,169.49072,-90.51896,63.90748,-28.725275,17.27618,-1.3114679,-31.589071,23.171997,-15.211145,-0.52745044,-3.8813305,-14.093142,5.383111,0.53063655,-7.7598515,-10.999388,3.7533925,-2.5027838,-7.7624235,0.0,0.153533935546875,1
-193.94464,143.66983,-15.513182,54.0428,-14.50596,-39.26236,-28.670258,-14.66967,6.6023245,-27.579952,-13.842437,-2.1850884,-13.372498,-11.30447,-20.036652,-4.298553,-8.982012,-12.660976,3.6543694,-11.187817,348.1546330271447,0.050750732421875,0
-236.99779,162.6885,-22.719942,53.49395,-13.551976,-17.743486,-19.76886,-35.022232,-3.3767076,-30.797768,-22.65907,-10.014445,-11.433479,0.25923687,-18.932056,-2.0813248,3.3455348,-18.422304,2.3899097,5.822425,180.2886967114932,0.054107666015625,1
-255.2263,157.8833,-64.92224,57.557404,8.817698,-27.70456,-21.11501,-26.634731,11.629323,0.49811447,-8.708761,-3.0136867,-0.47030964,-0.37790942,-16.104555,-4.914662,-6.6611576,-13.927322,-1.4284511,-9.142576,294.29370520375943,0.09417724609375,0
-202.55194,169.56868,-27.950842,76.8231,-22.744911,-1.9725242,-3.2501898,-30.942583,9.2905445,-4.8966384,6.9739594,1.2399173,-4.6800966,14.221903,-5.815496,-5.1520333,5.5786557,-6.609398,5.554103,-1.2023728,0.0,0.081146240234375,1
-245.0988,175.03195,-36.891872,41.457645,3.2875133,-43.805145,-23.202816,-13.416321,7.4885006,2.9531126,-1.846877,-6.077232,-16.696747,-8.929745,-7.5913134,-3.4591978,-3.3769903,-11.181247,-5.02388,-5.548555,232.4521517698277,0.06793212890625,0
-248.89148,168.43994,-20.048185,81.07743,-19.60596,-13.237547,-3.0087504,-31.609911,9.914078,-15.273069,-8.351608,-4.108575,-12.809842,6.6244273,-15.757761,-9.048925,-1.2030936,-15.37673,-4.414035,-5.845052,142.91482951332796,0.0777587890625,1
-275.97595,147.3093,8.327774,27.117619,-8.424621,5.08619,-7.8514156,-25.114487,-19.416138,-31.48389,7.993162,1.1579585,-15.29564,8.540844,-9.761777,-3.180499,8.874247,-3.7855546,-2.2164903,-7.554539,198.88382167004497,0.03533935546875,1
-342.8133,96.91076,39.894623,37.66312,-14.593197,-8.09572,0.73280716,-27.587873,-10.864679,-9.535419,-19.295984,-8.815643,-12.163532,-8.901802,-5.2846413,-8.86125,-6.7044244,-7.332079,-2.2615416,3.0212164,376.3057510482622,0.069915771484375,0
-267.77765,161.382,-8.34952,52.03708,11.087965,-9.142693,-0.49458885,-20.620289,-5.248914,-14.074229,-13.037054,-6.802064,-18.51759,-1.5175819,-6.1213913,-14.257395,-2.9162772,-11.354271,-11.06595,-6.678881,165.36753656874848,0.0284423828125,1
-259.4834,123.50925,-11.62454,57.942986,-14.876333,-52.682415,-20.553637,-17.317541,-9.764802,-12.165239,-4.6177187,-4.669051,-6.1480045,-5.9134693,-13.753257,1.4885868,-6.7547507,-18.907116,-7.748984,-12.734573,303.6177893095321,0.0703125,0
-248.24623,185.82791,-9.317651,65.49011,-18.600342,0.48033512,18.844568,-30.044382,-3.4829483,-20.504341,-7.015497,7.7760057,-19.383137,8.559909,7.6253157,-10.511127,-0.66035986,-5.308496,-8.218794,-8.924444,75.32214511273297,0.058502197265625,1
-228.19627,146.21423,-42.18567,44.94084,-3.2946663,-3.885459,-3.8554919,-16.989817,13.114621,-14.077521,-2.9341016,9.966467,-12.005133,-0.8054637,-2.5261164,-10.73776,-2.7133443,-0.5379891,-7.9974375,-2.5097537,365.6710170629231,0.0594482421875,0
-249.51184,142.49753,-30.347843,47.85317,28.223896,-18.303102,-18.691679,-20.677017,-20.600817,-32.14608,-17.022953,-12.955944,-20.520714,3.0301554,-5.3944387,-18.5983,2.0576882,-4.203965,-14.900362,-3.3946362,234.706018665184,0.035736083984375,1
-167.92644,156.71173,-75.76288,40.246613,-14.599951,-19.222143,1.4843073,-7.62723,22.680962,-17.362583,-22.52724,-7.4267445,-19.59618,-2.790011,-4.542863,-3.5628457,3.0138772,-6.63144,-9.433557,-6.0845113,278.60834754173555,0.06182861328125,0
-311.42328,150.55814,32.64807,26.865131,32.37737,6.460496,-3.9331365,-4.4510207,-13.205465,-13.334002,-5.294179,-9.936543,-16.285175,-10.231327,-7.288271,-9.271894,-9.37923,-13.735563,-17.858318,-16.488092,126.30333670392665,0.023284912109375,1
-232.7383,199.6921,-6.667867,33.233585,-18.89914,-6.01883,1.114619,-28.842781,-6.7956934,-10.017771,-4.294517,-7.4255877,-11.678204,-1.4435652,-9.870968,-0.76298374,-6.4032907,-9.894945,0.55455947,-7.372081,138.4325135422357,0.040771484375,1
-224.54541,139.4394,-59.870205,60.53901,-24.659954,-43.763298,-11.108822,-36.89865,-29.436619,-30.207119,-6.72521,-7.7711678,-14.810587,-9.754911,-25.358025,-7.877783,-12.766521,-16.746338,1.5121481,-14.943083,291.1894081184308,0.070831298828125,0
-224.9272,155.455,-29.583551,83.130936,3.0286155,-11.269415,-3.4837112,-11.452973,10.097694,-27.233965,-11.931192,-6.924292,-12.811208,6.795534,-16.565046,-5.203368,5.781379,-12.903084,-4.4703474,-0.5241316,143.7716283305787,0.0374755859375,1
-233.73148,206.12115,-16.67419,18.731339,-24.722523,-11.430028,8.864907,-20.53966,-1.711005,-1.8837241,4.4737372,3.2229164,-12.393684,8.463327,2.290627,-10.807589,-3.77629,-7.876832,-5.777713,-4.0069194,153.19388886310782,0.04742431640625,1
-229.80238,151.06413,-3.9616327,43.078983,-12.506508,-23.945923,-2.6234946,-21.491953,-10.02306,-10.509568,-13.008818,-15.166646,-23.483847,-16.70358,-19.672424,-14.862093,-4.7579765,-10.411333,-9.247541,-6.2377224,345.6154175931667,0.034515380859375,0
-229.67155,160.19604,-33.297707,16.548775,-4.040715,-10.597932,13.678452,-11.038174,-13.832197,-10.095949,-8.05595,-11.256077,-13.756481,-0.3261291,-11.319729,-15.30843,-2.9432597,-11.533796,-7.378258,0.49974167,240.86223942967004,0.066009521484375,1
-246.9168,184.92625,-12.237489,13.780127,-27.610619,-7.2180333,-6.0083165,-26.791412,14.9652,-10.614246,-18.19682,1.9052602,-12.330506,-2.61969,-9.354687,-13.280516,-3.6776927,-14.255739,-11.448228,-7.227426,256.6609365265444,0.03961181640625,0
-202.15707,153.6833,-13.27827,73.65665,-28.525612,-27.513184,4.0176916,-14.008319,7.4615884,-21.16689,-12.4063225,-0.5980785,-21.176037,-14.543275,-14.079992,-9.952049,-11.743233,-9.213342,-1.498473,-7.4117985,257.0981523812779,0.051849365234375,0
-250.8941,123.48175,-20.568172,80.469894,-23.372406,-47.22413,3.4459176,-18.625418,-16.515419,-22.57439,-12.739686,0.62457407,-4.6192365,1.0520433,-0.8524244,-4.2659445,-9.123475,-10.79513,-9.805707,-14.280743,290.123844074087,0.09326171875,0
-210.08698,177.43024,-54.12509,47.061905,2.784434,-20.236172,31.306072,-4.3627553,-15.839883,-9.210647,-5.621172,-6.7112503,-26.226295,-6.0332174,-2.823124,-20.091854,-1.8046343,-6.461431,-10.989739,3.7567577,168.82307347121127,0.052825927734375,1
-274.7355,120.85344,3.643936,43.221287,2.3841312,14.400373,-3.714971,-6.145412,19.369768,10.836245,14.854435,-4.793358,0.24089234,5.1462183,-11.768005,-8.981868,-14.317394,-8.13055,1.6564431,2.163242,160.64974588911343,0.0926513671875,1
-246.0833,105.58461,-2.8910847,93.816315,-16.805311,-29.330406,-0.9748453,-28.731417,-10.890453,-16.263405,-2.5514696,-3.9439433,-12.81654,8.989726,2.5257225,-0.10347676,-0.8891331,-4.604047,-4.912449,-10.299893,283.6314431689949,0.07806396484375,0
-257.8714,173.8803,1.2105126,34.428555,12.443638,-3.7162702,-3.5227876,-28.97628,-19.95665,-9.723032,-6.831173,-11.011995,-16.667961,-2.5473368,-0.5681448,-5.581167,-1.8799701,-0.4666897,-5.727959,-8.722443,160.22646701291006,0.040924072265625,1
-248.60187,155.02841,-38.499023,34.648113,9.592957,0.66176105,23.524155,2.3719633,-5.749977,-7.759036,1.7912214,-10.552718,-17.12374,-1.276596,-15.893126,-12.655579,1.7444464,-10.802683,-8.705019,-0.19176269,195.4500268063869,0.049346923828125,1
-263.2199,156.05576,7.0889425,58.788216,-14.733462,-20.742584,-0.19854462,-25.076685,-17.805397,-20.885271,-3.368816,5.4124765,-9.256212,-2.4749613,0.19577163,-5.3693495,-8.643381,-7.764085,-13.980111,-17.44825,220.4714903940061,0.06378173828125,1
-285.4419,122.471695,23.51397,69.764725,-32.555595,-24.76107,-3.2800846,-14.096825,6.6247864,-16.823063,-11.623544,-5.2439847,-7.729064,-4.60155,-11.482219,-0.052601337,-5.5891104,-10.355672,-4.0537243,-6.7902365,320.5251605042942,0.05096435546875,0
-232.51456,109.92759,-33.673855,32.832634,-18.931168,-33.508274,-2.0650272,-19.639938,-14.543161,-28.512592,-29.617653,-7.7891746,-21.223278,-23.241623,-7.997776,-5.798625,-11.298146,-10.911114,4.99525,22.354776,426.9566858551474,0.04827880859375,0
-169.0443,186.11836,-27.346498,55.838394,-8.664104,-13.631872,5.2228174,-8.41975,15.601787,2.5287447,1.1231158,-4.581378,-11.0673485,5.493841,-1.597781,-0.70446074,3.7294798,-4.1013594,0.50764245,-2.6224623,134.56622006102236,0.037750244140625,1
-269.56964,99.00931,-18.53782,55.3473,-2.2501733,-12.356699,6.3918147,-12.196471,2.5986485,-8.763564,-22.87722,-14.218417,-0.51250154,-4.93888,-19.200272,-9.695307,-13.9847,-15.617421,-2.768907,-0.99221635,332.6873086347446,0.0625,0
-223.04265,154.61145,-61.982815,32.097977,-29.661606,-27.648243,-16.447262,-27.943287,-4.7474394,-24.1534,-10.57687,-5.552765,-13.199074,-6.743937,-4.530538,3.5890822,-2.0212908,0.060081005,-3.558264,-7.6135907,263.4939954137252,0.102813720703125,0
-305.98148,118.903404,32.663277,70.81456,-20.693407,-35.91373,0.4164343,-12.532867,-13.639124,-10.342006,-9.691503,-21.298717,-9.414283,-0.63070107,-11.074896,3.0327306,-3.9644005,-9.421576,-4.5123305,-14.989262,265.5057675274972,0.053192138671875,0
-211.21724,140.57272,-21.030014,27.947384,-20.600815,-20.842285,-19.672392,-30.208702,15.100753,-4.1722994,-27.146667,-10.518932,-6.296191,-10.737604,-9.366331,0.7148199,-4.5620675,-4.5402207,-1.0269806,0.64743733,389.4873228325659,0.050933837890625,0
-221.81377,151.33966,-32.11912,89.589584,-30.232346,-30.364254,-11.525038,-25.941536,5.4750347,-27.721495,-10.631653,2.346124,-12.949165,-9.554249,-7.678061,-0.70748544,-10.648288,-5.770032,-3.18768,-8.60387,272.4285901452877,0.097900390625,0
-212.32472,113.66542,-36.79682,54.617752,-9.161442,-14.285836,-1.6088717,-6.3344975,16.869663,-11.965294,-8.710451,-6.810132,-16.082169,-7.825389,-12.768062,-3.6805716,-6.656397,-5.4239445,-1.0344331,-8.115425,303.6584663751374,0.053436279296875,0
-191.83095,147.7458,-50.939358,51.210686,-47.386986,-1.8505778,-20.444298,-42.0039,17.223955,-23.45637,-1.0844145,1.1589336,-15.481404,4.42585,-15.944343,-17.729586,-15.496302,-16.895922,-13.217747,-16.968601,0.0,0.156951904296875,1
-213.20647,180.98265,-68.559845,26.331337,-41.144142,-16.812162,-7.7242794,-51.46422,3.8380103,-5.677207,-5.1272106,-0.63555753,-24.361393,-7.1607695,-20.039722,-13.948171,-2.255311,-18.320488,2.4332178,1.3598323,0.0,0.10467529296875,1
-257.33368,111.36761,-41.01105,36.522247,-17.138042,-35.9579,0.7867534,-0.2556371,-2.0818658,-13.822236,-6.448371,-10.648411,-14.334966,-3.2089727,-12.494467,-9.878443,-8.926699,-6.949732,-1.957407,-14.225753,343.7779795947072,0.098876953125,0
-207.37271,180.55295,-23.154629,68.21959,-17.2001,-15.459521,-0.9833598,-35.057854,8.4090185,-2.4702892,-2.9709105,-5.2048273,-12.11894,18.31892,-9.637457,-9.403114,8.888962,-12.195461,-4.2064,-6.8579836,160.84464082117904,0.03302001953125,1
-219.57487,169.2861,-34.226074,32.14783,26.514072,-31.136236,-16.617493,3.7274592,7.4185753,-11.996614,-17.18615,-2.6920686,-16.669182,-22.164577,-3.9887218,1.0676383,-1.8574419,-1.0555346,0.3303097,-3.0556433,288.08606372311164,0.04534912109375,0
-302.0598,117.533676,33.42462,66.186874,-21.92759,-26.508781,-17.042273,-19.18961,-3.332159,-29.850563,-6.4550385,8.141621,-13.278689,-5.080013,3.5924196,-0.7859748,-10.244659,-0.6450977,0.47566986,-11.38071,325.3073570374512,0.05743408203125,0
-243.74426,156.44412,-17.21535,11.098523,-15.567966,-35.649147,-17.816874,-16.084972,-2.8947783,-7.146986,-12.213685,-6.1004844,-14.128227,-21.371578,-14.538908,-7.4732766,-13.794804,-13.789826,-5.1733418,0.78991175,355.7697978788822,0.0416259765625,0
-213.29741,154.9768,-8.243761,77.64416,8.017778,-27.527805,-24.053242,-17.309095,24.71667,4.394925,-4.0298085,-2.0356407,-2.9176173,9.814293,-4.605501,-0.77351475,4.5940666,-8.686085,-10.280596,-0.05729428,144.02186472450623,0.019989013671875,1
-206.92413,144.91125,-12.67918,125.80913,-20.996056,-8.122859,14.943831,-21.926407,11.273862,-14.1772785,-1.7472813,1.5704272,-9.171833,4.887287,-7.077323,-4.1927586,1.1973464,-3.5774598,-0.8840849,2.9005518,126.01618157474968,0.099334716796875,1
-196.75937,155.02118,-86.56686,47.704674,-17.273962,-47.301777,-14.062042,-20.9446,-20.988285,-21.223675,-8.652508,-21.845152,-2.3581896,-8.016253,-32.281418,0.5673953,-12.858956,-14.638147,-1.7214153,-16.66304,269.32570667493144,0.085235595703125,0
-188.70955,174.04434,-37.459045,45.539318,-5.2779346,-3.2549314,-4.8155828,-27.063805,-4.0964236,-23.274574,0.8027882,9.916073,-5.3935986,4.685031,-10.1609335,-3.863746,-1.4404372,-6.652554,1.294848,-11.348579,291.7433566433557,0.04327392578125,0
-216.82559,175.58789,-10.00268,76.29708,11.565798,-38.115677,1.0688591,-5.219203,-14.561831,-22.041876,-11.674473,-9.658948,-15.461439,4.8171663,-5.9806113,-14.44355,-2.0128872,-7.206857,-4.291342,-5.575426,126.47854531551503,0.033935546875,0
-295.71835,145.01225,-16.334013,26.384205,-4.7375956,-31.117811,-21.37915,-12.547419,1.6656308,-14.851164,-9.606604,1.565663,-11.559515,-19.781271,-18.165134,0.61211383,4.2950535,6.826103,21.705057,6.6117115,487.524893541914,0.0731201171875,0
-243.98453,157.45415,-35.59204,75.60462,-3.5601318,-27.093513,-15.706946,-39.10603,1.8446436,-30.187084,-29.101707,3.730339,-19.739658,-6.7324066,-9.936176,-7.614894,5.526308,-15.027843,3.429853,2.310895,162.85704833910717,0.045074462890625,1
-199.47017,130.03256,-40.60113,61.65438,-9.295977,11.340966,16.67202,-10.643206,20.158758,-2.291926,8.808117,11.340319,1.3037467,12.433842,1.5670047,8.171944,5.9392943,1.13003,6.1259704,1.6479063,0.0,0.0054931640625,1
-249.0438,156.91574,-35.223923,47.213745,-0.77948546,-33.566574,0.43259484,-34.196316,-24.942682,-5.644452,-18.942862,-3.925961,0.3530556,-8.509684,-9.076041,-11.748844,-10.321703,-12.772513,-15.397436,-6.531002,161.94936015891284,0.046112060546875,1
-241.31989,196.50996,-26.81751,53.058163,-16.71887,-8.135406,-4.897027,-27.78957,15.268156,-6.0878778,-2.9436805,1.7882527,-10.843954,10.299559,-1.6722589,-3.5591042,-0.11321604,-15.444662,-2.054706,1.0028572,0.0,0.06671142578125,0
-259.56906,121.03407,-9.93252,47.876625,-21.077486,-8.084908,-2.97301,-28.45255,-3.3241765,-6.580705,0.2545488,0.441581,-5.5148497,-12.136668,-11.048138,3.0226233,-14.375413,-6.8933754,2.6740787,-5.4379005,392.52544794141926,0.082794189453125,0
-245.12836,167.1529,-46.047153,25.158041,-15.483993,-34.162643,-7.294034,-24.923044,-9.998203,-13.317593,-24.352537,-20.08359,-23.75544,-7.6368055,-5.171077,-18.876831,-5.8941374,0.7138221,-12.89496,-5.7766695,169.45875592259577,0.0653076171875,1
-244.69887,169.84113,-22.399036,47.20888,-26.377684,-34.782856,8.664613,-38.322636,-20.20205,-9.42515,-25.92339,-4.6485324,-3.8048189,3.4489496,8.825033,-10.712662,-11.129614,-10.715246,-22.539917,-18.66835,121.55766039183132,0.050933837890625,1
-281.52277,131.2731,-7.904865,112.50733,-24.16188,-2.8374047,20.596516,-33.610466,3.7483156,-20.365517,-11.670305,0.8798963,-16.834656,12.282787,0.7343298,-10.181688,6.430626,-0.8878119,-2.391478,-0.78676796,0.0,0.12982177734375,1
-207.62479,163.5097,-1.5863619,72.685165,-13.262827,1.8051246,10.434401,-23.773409,7.252301,-12.475229,-4.4508514,3.6770518,-3.1561108,15.4772835,2.5894377,1.0716676,2.6121094,-2.0660305,4.944709,1.8733094,0.0,0.02276611328125,1
-336.77335,149.04346,64.16954,80.83277,16.017738,-11.377852,16.237576,9.046325,-17.475077,-20.784298,-4.3433404,-10.485498,-6.3339515,6.7443924,-4.081987,-3.2403345,-2.0965686,-5.5612383,6.2016315,6.608052,133.97172411150515,0.03607177734375,1
-258.51248,146.46443,-41.391052,22.353737,-30.319849,-8.870144,-12.025581,-33.240913,3.2811036,-24.139816,-19.566929,-13.124886,-16.968973,5.34251,-8.545853,-7.5413084,-3.0634413,-10.290907,-6.5882683,-10.172148,305.4696039734856,0.04693603515625,0
-324.4963,141.9084,2.113165,11.134035,-4.5183463,-10.805426,-3.8426442,-27.28274,-35.207428,-18.241627,-6.5417814,-6.544323,-5.4185944,-9.262018,-10.230199,-4.940117,-7.9107084,-7.606514,-8.636395,-9.003237,0.0,0.061614990234375,0
-279.195,164.9615,-19.224722,27.256807,-27.40829,-24.074455,-7.3714576,-16.763258,-9.138135,-18.372416,-5.63976,-11.7233925,-8.585306,-5.033519,-18.867392,-4.166026,-15.142383,-16.991545,-5.1287947,-12.784674,350.43834943349617,0.061676025390625,0
-275.42432,143.24432,19.89066,23.582603,-34.446682,-30.996342,-8.865642,-16.410923,-19.897036,-21.269974,0.5804763,-11.779198,-19.792019,-2.057201,-13.401058,-16.688759,-13.693583,-12.28442,-2.9956768,3.3349369,345.5384970924214,0.081695556640625,0
-273.67697,131.63412,-76.36516,19.0456,-40.580887,-12.670973,-7.590164,-19.81443,9.810865,-25.20878,-13.988703,-3.6241097,-2.6596017,4.5049934,-9.812254,-4.732378,-5.506773,-4.001617,-2.3458998,-5.268098,0.0,0.15765380859375,0
-286.00183,175.09409,-19.282455,13.554076,4.8299866,14.311277,-4.726752,-26.622116,6.5506625,-5.9245462,-14.272695,-7.1334314,-11.470807,-10.353323,-10.549574,-5.276037,-14.739454,-11.999439,-5.2121096,-21.351236,367.8373040520344,0.046051025390625,0
-215.81335,184.35712,-21.73493,25.097565,-3.220872,21.65586,-1.4643255,-34.372063,-8.563501,-8.140577,14.777471,-4.043368,-2.568202,29.088188,-15.902732,-20.227203,4.039982,-15.177057,-9.949099,-5.1934834,159.73633558617203,0.04644775390625,1
-264.2738,172.96307,20.280014,-13.910566,-12.733364,-4.041472,-27.32782,-28.468071,4.56714,-11.67384,-15.159466,0.6716295,-13.370367,-10.815744,-7.394043,-13.91115,-7.4549184,-8.72717,-8.436874,-2.409836,338.25032386443496,0.043975830078125,0
-259.87262,114.265564,-32.02073,65.19617,-9.634557,-35.444096,-21.462341,-21.555061,3.060352,-16.137764,-2.1550963,-3.7705078,-16.538818,-1.2257476,-18.25807,-13.016159,-4.7279553,-8.584339,0.5407051,-8.957201,307.62781246810994,0.085479736328125,0
-272.90982,170.17604,9.331179,42.09433,15.113409,-15.905901,4.0237327,-9.599627,-12.4941025,6.393511,9.092384,0.24342012,-10.176712,-8.311174,0.23605852,-4.2399187,-8.441131,-3.3264616,-7.813386,-10.205721,154.4834836314533,0.022979736328125,1
-223.59991,162.86694,-71.1985,23.52539,-44.40979,-39.2526,-15.0960655,-24.839035,18.26263,-14.127516,-20.417429,0.34201634,-11.329618,-6.693112,-9.275272,-4.283982,-2.5953822,-7.067213,-2.353898,-7.1445427,253.07951747615053,0.074676513671875,0
-276.92746,166.32332,-11.120249,15.495445,-5.8915114,-8.245559,5.844969,-14.094891,-17.21624,-32.529022,-25.653038,-16.920639,-17.18386,8.19823,-20.04208,-30.709896,15.97925,-3.5492473,-18.912416,5.317917,203.23131477375065,0.0361328125,1
-257.3878,113.44057,-92.18276,57.974663,-24.75618,-21.49463,-1.8714161,-15.599687,6.793087,-21.872461,-7.6132874,-3.3040483,-12.045924,-3.2381368,-18.11279,-7.4706197,0.5396321,-16.859554,-7.2035017,-3.048536,247.7724443846726,0.178619384765625,0
-299.37482,111.88768,-0.5053508,53.712437,8.501669,-20.039005,-4.973657,-3.762384,9.682859,-8.823462,-15.062447,-6.430741,-14.359711,-5.3585896,-9.354803,-9.7839155,3.384888,-3.3158374,1.1421103,5.411414,371.8368026946491,0.05108642578125,0
-245.39061,153.10196,-55.526253,52.168304,-13.868712,-44.025047,-16.790676,-38.884727,-1.0284512,-4.463352,-16.740726,2.3062296,-10.879073,-3.3341732,2.6085656,-8.148216,-1.6780889,-1.9873364,-9.557928,-9.28055,149.1571384884085,0.0712890625,1
-215.6375,140.80621,-38.068146,80.9828,-11.827509,1.4225576,-1.5455773,-38.026268,3.9944391,-20.41877,-7.826544,-3.5650468,-18.797699,4.7127013,-5.9557962,-9.885647,3.6636603,0.21211445,-8.640552,-2.161919,157.81296571748467,0.1190185546875,1
-256.28754,180.71857,-3.4858708,9.143726,-28.149483,-25.994854,-2.4621289,-20.925297,-10.488073,-11.09018,-18.571903,-6.520866,-7.7571588,-9.119616,-5.605914,-11.616278,-8.461457,-2.2406418,-5.4607296,-2.6153157,302.6971479959709,0.052490234375,0
-155.97601,139.8306,-46.8751,92.31935,-18.402363,-5.4016676,-3.802712,-36.5971,10.84082,-5.2220106,1.760585,-7.3351326,-11.020445,14.16406,-0.47539428,3.9132586,1.4227228,-9.112976,1.2450631,-3.5836494,259.5046513230606,0.10931396484375,0
-366.84457,180.60535,51.563217,47.010826,-1.8899326,-28.54512,-11.341629,-16.72127,-14.356661,-6.3763614,-4.018158,-3.3288481,-8.921977,-10.051189,-8.642294,-7.545545,-7.9777555,-8.795324,-4.3169622,-4.009719,323.7126365572953,0.03131103515625,0
-277.28912,107.735466,-23.892235,52.2442,-9.790187,-15.203049,-7.9027524,-19.305397,10.512559,-13.749729,-10.848043,11.43101,1.0723662,-4.388818,-2.2618082,2.268925,-12.156059,-8.4415045,2.308298,-2.5235863,384.08582799001937,0.101898193359375,0
-234.20863,169.1109,-9.639453,92.72508,-10.349399,-7.0978756,7.8654943,-26.148499,3.9391482,-20.066092,-14.8641,-4.988329,-14.025509,5.951295,-5.721674,-11.157457,1.4003081,-5.606817,-6.3700795,0.81707567,85.98874248802402,0.043701171875,1
-215.55075,128.62242,-3.4524434,59.70289,-23.123293,-40.526314,4.698844,-8.5329895,1.8469663,-11.287207,-15.02005,-4.6490498,-23.607449,-16.84788,-10.142004,-15.673372,-10.1539135,-5.3488727,-1.0254159,-2.9704506,339.64872187000617,0.053619384765625,0
-155.98883,184.99777,-49.47554,37.533245,1.5707197,14.368666,-1.9538574,-15.557018,15.4820795,-1.9361266,4.7840595,-2.6891751,-6.852515,-2.2390304,-10.996419,-1.3509793,-4.127857,-8.477301,-3.1364455,-2.1667523,140.47593830879424,0.046417236328125,1
-189.27011,195.2364,-72.26408,60.57053,-8.0961075,-12.728134,5.2464647,-30.878605,7.0744963,-4.0880203,-8.216934,-11.018514,-21.861454,6.360525,-9.768881,-16.086626,3.8134913,-7.777087,-1.9428082,5.6277328,149.46958212992934,0.071441650390625,1
-230.19772,136.97778,-32.38787,76.46136,8.818623,-12.067592,21.6884,-22.265707,-7.710102,-8.180301,-13.914021,-2.2095501,-25.555595,-9.461688,-0.449553,-15.050701,-0.9723717,-4.8324976,-4.654501,1.5626734,193.2360510280949,0.045806884765625,1
-241.71194,185.57971,-21.171406,38.026207,-10.796539,-7.438493,16.451103,-32.505432,-11.477306,5.533466,-6.4046783,-4.1350255,-5.8719535,-2.285904,-6.767743,-2.6302536,0.011097074,-9.346192,-2.4298954,-2.1422536,194.84013758369147,0.033172607421875,1
-200.87772,182.99402,-51.058586,46.129707,0.22801948,-23.292631,9.656859,-16.133495,-4.5839047,-4.909049,6.394004,18.937365,-3.79885,5.207064,-2.334935,0.11708498,25.921635,-0.116588116,-10.974821,-0.32977664,168.46671220389632,0.057342529296875,1
-200.69984,179.97076,-43.90399,74.74367,-3.823707,6.9823723,-2.881654,-23.328655,17.09,-17.003769,-1.5486267,-6.6716127,-12.888903,11.734921,-12.483017,-2.8641944,4.4158854,-7.2865257,-2.4386234,-0.8328272,147.7162967948706,0.04010009765625,1
-238.29901,119.6697,-31.185997,55.4485,-1.4926702,3.2562647,6.454134,-18.550985,-1.4653503,-9.624677,-3.0924656,-5.622946,-9.556803,-13.495274,-10.427463,0.6034654,-18.562904,-7.1603003,-5.7935553,-19.81117,366.3747702248981,0.06695556640625,0
-261.69406,192.49179,13.945982,38.366455,-21.131004,-18.694822,3.664834,-16.435465,-8.743408,-14.598345,0.31319696,9.045412,-6.5606575,0.17814541,-3.778882,-12.376073,-7.3637843,-1.776759,-2.441793,-5.717282,155.5092983037441,0.06097412109375,1
-292.5559,115.64699,5.833999,48.239265,5.249325,-1.1630362,2.4647217,-11.767003,9.654426,-2.9351554,-9.055564,-3.1203947,-6.3805594,4.2021937,-4.66407,-8.72876,-2.5822368,-7.205079,-4.5303373,-4.3007793,183.27951554274503,0.0552978515625,1
-206.60928,198.5979,-50.091103,37.088043,-26.485542,-19.096989,0.9728128,-45.72265,-0.33419526,-5.1090546,-14.995203,0.08420059,-16.94937,1.12079,-8.6396055,-17.404373,3.0866055,-10.7726,-4.071314,1.7861433,178.59397538602522,0.050689697265625,1
-295.8497,139.0523,20.915245,78.72403,-22.371822,-51.67941,-13.7102995,-1.691079,-6.5400696,-16.83222,4.133592,-5.8480487,-8.667379,-13.245221,-18.550207,3.1348796,-15.472006,-16.840935,-5.9773417,-11.954023,286.71502350052856,0.057037353515625,0
-277.1575,129.71545,-8.335628,0.2933483,-22.34687,13.34504,8.01615,-8.508561,0.6248714,-18.617775,11.90756,4.8417025,-23.293083,1.9881468,-4.09309,-5.8637757,6.967806,3.2605705,8.127893,13.229572,445.5843559620976,0.132080078125,0
-224.65079,146.50969,-42.563896,38.62043,-40.07309,-22.62718,-7.0504894,-35.63771,4.4760656,-5.045636,-10.258789,-9.127193,-7.5947685,-1.621618,-12.879553,-0.38249934,-3.9177413,-1.1965894,5.017048,-11.82288,301.8073618756157,0.091278076171875,0
-220.13464,137.06459,-33.784847,63.765053,-25.744747,-42.96939,-5.3355145,-10.057554,-1.3253105,-15.812838,5.5974007,1.2360301,-13.896878,-6.349597,-15.772917,1.7934554,-7.56023,-16.759262,-0.14433289,-11.564795,280.7472784547795,0.07073974609375,0
-193.00632,145.86707,-40.90941,70.47532,5.5196886,17.723053,25.480797,-16.95428,4.175086,-4.103343,7.818639,-2.1031032,-16.08705,3.6610103,-8.645406,-4.3610578,1.5626132,-5.6319532,0.6932287,1.0866979,155.6814115899731,0.059478759765625,1
-342.02914,113.567184,-40.90434,36.699505,8.0261135,-17.205242,7.1015177,-1.7836591,2.5540206,-7.3331795,-12.354217,-3.1868484,-5.6840963,2.2521617,-2.7884984,-5.9784555,4.087193,-7.283852,-6.5709057,7.1070795,171.4879031613919,0.117401123046875,1
-283.81186,156.58107,24.911955,-6.630068,-25.839447,-22.561333,-8.973961,-22.776249,-16.795832,-7.2975836,-21.882471,-23.870823,-12.189483,-4.7479315,-3.6843698,-6.3953953,2.0161865,12.089043,3.2337322,-2.6975675,443.68377329358754,0.0450439453125,0
-247.11343,181.27937,-8.187973,50.372505,-2.0416028,-11.762732,-10.784321,-20.310856,8.309374,-8.888437,-12.156093,-11.443902,-3.5287504,5.4863224,-13.981451,4.5992823,1.797622,-15.047701,-0.9720432,-7.9100075,197.2861012246352,0.032470703125,1
-214.86078,122.142876,-22.878904,62.458534,-29.756622,-15.798017,-8.586211,-38.37825,-11.461163,-18.814894,-9.790388,-14.222331,-7.6920996,1.8266573,-11.561068,0.39249623,-2.6188922,-3.8841166,1.0855474,1.625886,258.6735871613377,0.079559326171875,0
-211.46277,166.11847,-39.468933,22.32124,-38.974026,-30.384628,-6.3156137,-27.836046,-8.088012,-18.2272,-13.461607,-2.5396357,-7.338529,-5.9620247,-7.449216,-0.7365524,-8.67956,-11.849692,-3.4838462,-8.36447,275.76714828307985,0.06512451171875,0
-225.76556,135.33997,-1.5343137,136.95033,-4.980659,-36.051632,20.005287,-32.26181,-37.369766,-23.375446,7.039779,1.555013,-31.727064,-3.1903715,5.8226604,-23.321241,-8.8176,8.806824,-13.769535,-3.9491796,135.49199121508244,0.05902099609375,1
-148.37851,208.23135,-34.32496,52.352634,-4.7267704,-3.9526591,20.38136,-11.552095,15.147279,1.0112665,-9.172999,0.006572306,-8.212715,6.0488997,2.5875254,-8.118319,-5.956439,-1.8076122,1.1923279,-0.8879607,67.80061302760669,0.038909912109375,1
-231.99353,154.15704,-27.361805,21.179749,-6.455054,-26.695044,-6.125494,-22.78384,-11.960613,-10.643227,-14.395167,0.021651506,-10.952309,-9.984494,-0.56460655,-5.609354,1.9303186,8.334615,5.8440537,-1.0573243,417.9351746397154,0.05743408203125,0
-279.59827,143.31396,-6.810302,71.298965,-4.5812187,-17.923044,8.797011,-18.27242,5.4367266,2.956324,-3.954085,7.665902,-0.3832144,3.8143518,0.395424,-3.308739,6.484149,-4.2643895,-9.138765,4.4619226,124.57115190425662,0.03497314453125,1
-188.71826,132.72543,-31.157408,72.29109,-44.25602,-10.743295,12.700203,-26.975365,7.655101,-9.034958,-5.20977,-4.8732805,-7.6871233,-5.8158193,-14.513258,-0.3103211,-11.715042,-7.084427,-1.8201643,-12.996635,351.40137895537043,0.055328369140625,0
-206.03494,162.33405,-66.18085,50.792397,-18.056273,-5.1877446,10.390769,-12.867465,12.125462,-20.19419,-2.1087675,11.589291,-10.92697,-1.4269862,-6.2300262,-8.883165,-5.8186684,-1.4922256,-2.8041017,-7.575058,331.4730082233549,0.080657958984375,0
-227.24094,179.43109,-38.115562,37.32556,-24.060925,-21.696833,12.936005,-26.57594,-1.2657142,0.7949302,-12.923349,2.6573586,-2.394906,-6.507307,-5.200632,1.2510225,-3.4749467,-10.832035,-1.1126645,-7.369814,149.51907945725983,0.06103515625,1
-247.93498,146.6409,-24.768372,54.69007,-15.614357,-36.62077,4.481057,-14.469643,-8.381362,-13.703135,-17.714584,-11.1024685,-16.651718,-8.251311,-3.049141,-6.143399,-9.5378685,-4.71201,-5.94471,-14.247588,278.05261623349384,0.04296875,0
-210.46674,187.8421,-47.392975,53.363064,-0.91000223,-20.22402,-0.37260824,-2.0592778,18.682434,-4.5407357,-7.324274,-4.344293,-1.9923697,2.8088381,-15.217452,-8.051866,-6.1452417,-14.431374,-9.485994,-10.400221,124.092065619409,0.05859375,1
-220.53023,159.19737,-19.140022,79.57721,15.137591,-7.590459,-0.70267427,-16.892763,9.799163,-10.787289,-13.368919,-6.195045,-4.748512,7.942632,-13.18288,-8.5169,1.968112,-12.709761,-5.877736,0.82744914,143.11240588302672,0.07061767578125,1
-195.50652,193.67233,-28.81746,47.7258,-5.414729,10.185234,10.876314,-6.492729,11.788334,3.0078928,12.839024,-0.51843697,6.390316,13.811977,0.18850714,3.4468193,-2.7877207,3.167388,3.4914396,3.4081283,75.18363605971912,0.03912353515625,1
-186.80579,108.50932,-31.029932,81.54802,-3.313852,7.1551137,12.818756,-36.167477,-4.8301,-1.4397386,7.2072487,-7.1984377,-2.5003493,26.352352,-14.847685,-15.148501,0.59100765,-15.374249,-4.6465487,-12.0876,199.64249177006965,0.068817138671875,1
-280.02872,144.95029,-9.193836,26.261335,-2.8807874,-29.673428,-22.62317,-25.792198,-14.1046505,-21.641624,-17.560005,-4.062088,-10.168033,-3.0494356,-4.309322,-5.341679,6.8594236,-1.6702259,-7.709117,-4.7282977,259.77969299560215,0.0401611328125,1
-280.78912,130.7741,-26.948109,70.47607,3.2845042,-34.60128,-7.1927996,-24.167135,-12.794388,-23.978706,-21.126968,-4.2477317,-18.477201,-10.658218,-6.3277497,-6.9540977,-1.7926954,-8.847822,0.20900425,3.2966473,162.7350738680915,0.042083740234375,1
-211.9574,172.195,-39.852543,28.458282,-29.668736,-20.456537,-4.3281693,-23.358406,-11.11706,-24.300076,-5.554616,-4.6580706,-12.411682,-0.8310301,-7.28819,-2.9500492,-5.918412,-3.1063108,0.30258787,-8.826929,248.9244571048528,0.054840087890625,0
-238.24084,124.62206,-10.673629,31.252592,0.06957531,4.6413236,3.5513055,-17.08176,7.6213913,-2.1430898,-15.612785,-8.738249,-6.143756,-8.370324,-14.700188,-9.706217,-9.655613,-12.772249,-11.218824,-9.045782,292.09334751350895,0.04754638671875,0
-193.48924,192.98453,-37.35922,33.709583,-18.72375,-14.249769,18.86811,-21.878029,-0.67476416,2.1673737,-13.223401,-3.499131,-4.6919093,-4.399251,-8.593512,-5.3117948,-5.387646,-10.165937,-2.8735013,-7.7615976,176.7033929377352,0.0458984375,1
-185.95535,172.3826,-33.4926,79.067154,-68.68772,-23.122581,27.37928,-44.354954,-5.525188,-19.595081,-14.463139,7.1655946,-3.6876173,7.467725,-14.451691,-12.793475,-2.3467877,-8.399475,1.9342498,-8.127076,173.58080234303208,0.076751708984375,1
-222.92578,123.12352,-41.86326,63.64624,-58.19935,-36.640244,-11.459295,-27.598469,5.448082,-25.748745,-8.623465,-2.3012264,-13.302232,-5.129283,-11.4515915,-1.1188222,-11.07906,-10.558387,-2.5267785,-13.183307,318.4328138811009,0.1287841796875,0
-292.54892,170.91083,-4.5877314,23.772312,-4.5980663,-1.0490263,6.3996367,-28.409008,-16.832314,4.3674,6.876897,-6.8321595,-13.698685,-4.0235777,-1.5498567,-3.3348835,-6.797987,-6.186575,-5.20625,-3.7883008,149.00941486570278,0.033233642578125,1
-239.98412,149.47934,2.4907813,13.367039,-28.662888,1.3982332,-10.776808,-18.565468,16.488861,-19.298079,-13.378399,6.1815605,-7.6775436,-15.152222,-17.042315,-4.491454,-14.202936,-14.227401,-8.898302,-15.719477,351.96907687705016,0.0408935546875,0
-210.24191,164.1949,-61.587,49.729126,-16.70562,-6.9409513,-6.293742,-37.25344,11.529261,-15.3411665,-11.921357,-0.106224455,-16.475925,3.3861203,-17.47594,-20.40586,-3.0796714,-15.989922,-10.44488,-6.96408,171.51785572884282,0.05987548828125,1
-228.89099,178.17514,-55.80609,50.639885,-28.120876,-10.492799,9.581947,-36.89965,-1.9256369,-20.37041,-12.925641,2.3771126,-19.686846,-2.1419866,-10.871355,-17.742756,-0.9889605,-9.164692,-14.494333,-9.310005,168.80027801922648,0.056182861328125,1
-276.8526,161.51425,-2.5343943,74.63861,1.4580674,-8.68485,14.218427,-25.420254,-2.5315053,-9.822226,-13.71607,-0.068178356,-16.232769,7.566115,5.565458,-11.527198,8.195772,-1.2731149,-5.5532155,3.171257,134.14367184680324,0.02691650390625,1
-256.81683,200.45737,14.632151,-8.872441,-3.579587,3.9324014,-11.542669,-22.21752,-9.580259,-8.630451,0.19699293,-1.4431882,-6.6951656,-5.4109993,-17.30515,-10.935734,-8.22731,-16.583408,-8.39648,-6.283585,237.3912410961018,0.0377197265625,0
-272.24316,171.56865,-11.257498,49.21398,-21.968311,-15.412127,-2.0858335,-32.641464,-9.2520485,-8.709179,-7.3635063,-11.644747,-19.671711,-10.157637,-11.084129,-5.405286,-3.1441982,-11.936235,-12.540749,-6.820159,147.3285943510641,0.071929931640625,1
-262.51123,198.27893,-22.65082,40.89199,-15.484311,-12.198061,9.017196,-28.343805,0.62843776,-0.92220783,-11.439541,-5.0300827,-12.603036,-2.3112204,-4.366842,-8.238126,-8.5318575,-10.66433,-3.9477549,-9.645442,116.81512307130326,0.04315185546875,1
-272.16324,146.15216,-4.964509,64.052505,-21.988346,-38.71467,-8.491158,-17.14101,-14.046392,-19.542904,-9.500349,-14.423998,-9.3395195,-5.69561,-13.111475,-4.159994,-11.996994,-6.489142,-4.0035877,-9.587017,259.5774481784977,0.06353759765625,0
-280.8969,169.40564,-5.614889,49.915733,3.8451858,-4.9172263,-9.211677,-30.386215,0.5165608,-7.639879,-10.197475,-7.2606144,-10.825863,6.0092163,-3.239217,-6.08316,0.54624325,-8.003149,-2.175615,-1.6691374,150.05826606196894,0.041015625,1
-215.7944,171.25006,-34.44156,87.669685,-32.81598,2.6476932,15.503422,-52.017643,-4.9563904,-6.7112093,-0.729305,-6.749276,-17.808723,12.361953,-1.2695311,-7.2750235,2.703239,-7.7656593,-7.0800276,-1.8387666,0.0,0.123199462890625,1
-210.06381,142.65904,-77.712326,37.613026,-19.076754,-28.597458,-15.958662,-10.502527,1.008425,-25.155046,-9.434966,-14.3029,-16.651234,-11.871607,-31.232521,-7.038026,4.1146636,-16.820408,-3.4493842,-6.5233364,247.9900011939926,0.09576416015625,0
-258.79614,137.8241,-24.317581,26.47055,-25.42348,-36.45532,0.008631706,-18.333563,-13.753758,-16.727522,-22.08963,-9.708178,-9.163914,-11.436174,-13.64451,-7.118923,-4.283782,-2.7052732,11.138971,14.163941,435.2451799787779,0.03900146484375,0
-231.7591,193.86151,-41.46882,63.956352,-34.95882,2.9313192,21.094948,-35.700832,14.072018,-7.104669,-18.655602,-0.34688926,-9.150698,-7.784742,-7.991593,-0.30677944,-9.516525,-7.692752,-2.225077,-12.74301,168.81387224214157,0.05615234375,1
-263.37604,185.63898,-8.939252,56.26657,-13.10378,-15.940775,17.08963,-11.6969185,6.2204447,-1.0576315,-12.245508,-10.940996,-10.846214,7.643202,1.2096504,-0.57623774,-1.2203267,-6.4692383,2.565789,-9.342213,195.37830423151084,0.031280517578125,1
-188.582,127.10054,-75.48445,66.687744,-34.62482,-27.992725,-0.3162405,-27.742277,-0.8929774,-17.54793,4.5363483,3.533717,-9.556277,4.3399906,-12.812565,-6.590966,-6.7579436,-10.577887,-4.8970013,-12.891674,270.8880525447713,0.128936767578125,0
-249.53204,168.08308,-65.45451,24.364687,-43.68842,-22.828512,-5.90053,-32.395515,8.63273,-16.787262,-20.62506,-3.8185053,-10.165983,-2.4454021,-7.4383864,-3.6064863,-0.72180396,-2.2766333,-6.962656,-10.661863,259.48807887608774,0.083465576171875,0
-97.82312,187.01813,-103.10927,64.21483,-8.38812,-2.5504255,33.567528,-11.415458,15.080093,1.9289417,-4.1299753,-9.494064,-11.268921,9.105642,-13.438845,-5.8234024,-0.07654476,-6.5231676,13.126703,2.7839968,0.0,0.1087646484375,1
-271.56665,168.6678,-55.56617,73.40059,-18.74139,-20.403233,-8.804043,-38.8443,11.3188,-16.434113,-18.521793,4.001367,-9.847538,-1.7130735,-9.88337,-7.6198525,0.7781168,-6.633958,3.5816362,5.341075,151.1649698883638,0.070220947265625,1
-319.10394,113.5479,0.2885604,76.86499,-10.212955,-45.72656,5.3944187,-14.52039,-17.561237,-19.879877,-21.159214,-7.003211,-16.38698,-7.901472,4.6155806,-3.9693234,-8.109064,-0.036193013,6.7103786,-3.3322654,148.8925795071546,0.06744384765625,1
-186.47469,171.32663,-16.188381,41.691933,-21.821907,-17.131573,-10.857321,-41.389225,2.8813994,0.14414763,-6.4739876,-8.193381,-20.394594,2.2922382,-3.8504338,-8.14477,-4.502575,-15.701936,-6.572762,-7.724676,317.7298625443337,0.0391845703125,0
-223.09012,160.29611,-40.051254,33.335342,-2.143623,-30.436974,-14.697075,-12.218115,-0.81407464,-15.364457,-11.855,-5.0143356,-11.042791,-10.869283,-11.332735,-4.1868863,-10.393863,-9.36435,2.259009,1.7657499,364.3475096754072,0.052001953125,0
-235.06006,148.91716,-12.078365,40.309036,-18.474901,-30.547962,-15.7355385,-30.108196,-1.3417298,-11.765405,-13.583246,3.0915186,-10.368574,-5.4168825,5.4296236,-2.1820421,-13.5369,-6.6173763,3.4896603,2.784152,345.6831937605,0.0523681640625,0
-239.94727,199.41826,-5.3003974,48.04198,-21.262135,3.3153634,14.869699,-35.660465,-18.114166,-6.317125,0.31629586,-8.238121,-5.281296,5.917581,-1.2245138,-2.1101277,-4.473646,-2.2770457,-9.208765,-4.709755,133.3307894059281,0.039703369140625,1
-223.95618,152.7899,-28.484535,38.699516,-12.444386,-22.122997,-3.8769565,-18.042679,-8.9003,-14.721859,-3.0004635,-2.959439,-7.9536505,-6.3054905,-15.950102,-3.8123806,-9.464462,-15.262779,-4.28973,-13.4494095,311.1165062928402,0.0732421875,0
-239.53851,140.255,-23.972685,22.582405,-51.40123,-40.28998,-19.39462,-36.536404,6.3819895,-11.781983,-13.824202,6.134513,-9.279722,0.677798,-3.5133061,-6.656665,0.6211333,-6.008589,1.1925163,-1.9245622,269.255045211473,0.0677490234375,0
-271.60117,118.10597,-47.63066,96.66704,-6.12747,-50.885506,-1.9222562,-11.537646,4.4716926,-25.472332,-16.124554,3.9317384,-23.05243,-0.020904675,-1.9979663,-13.55467,2.5640492,-5.024049,0.851478,7.2461605,169.850640882169,0.12237548828125,1
-258.8187,213.16843,20.52887,23.65509,-26.613447,-16.214668,-7.2482057,-20.449879,-13.002886,-17.665081,1.4158586,-0.73106223,-5.933651,6.977268,-4.4814625,-10.797688,-5.4640923,-3.7730224,-8.337092,-9.307953,168.8806199881235,0.047515869140625,1
-225.55612,156.32843,-22.790312,85.019035,6.4297667,-6.307863,19.730549,-20.143166,0.12929213,-8.781851,-7.066699,2.6278467,-14.943985,3.7080927,2.2268443,-4.3683105,4.927975,-4.308827,-1.8430341,-2.5937672,159.77923190808235,0.03082275390625,1
-257.17892,161.36891,-22.370846,58.002266,2.1237087,10.651183,-5.276126,-44.140053,-5.5709004,-12.391645,-3.9317353,-5.6535788,-15.165806,6.1802883,-2.4214973,-1.3130152,0.52068114,-11.948694,-9.419745,-2.4180884,146.351445421511,0.04437255859375,1
-281.89423,126.11478,-39.42594,50.302803,-4.989358,-11.108242,11.309857,-8.853988,10.544031,-5.8968506,-7.3173466,2.1462455,-9.216048,5.7719383,18.393002,22.500511,13.039263,-0.94446045,-5.9028254,-10.204716,562.0037035338645,0.060302734375,0
-212.86626,155.0397,-31.35839,53.92675,-10.286191,-4.1302643,-0.74131846,-35.214176,-10.796855,-16.431194,-8.411201,-9.132223,-13.496603,-3.3689427,-9.502342,-2.7452526,-8.561501,-13.218215,-5.5027566,-7.7329154,211.31453935354145,0.055267333984375,1
-215.4655,161.06859,-52.114414,60.736908,-24.208744,3.1100712,7.5566764,-29.896887,-4.232991,-26.560795,-10.227638,-9.195189,-12.624882,-0.14454171,-18.224155,-11.040716,-3.1632934,-6.6862144,-7.8288317,-9.263678,188.21017145655748,0.09686279296875,1
-218.92241,148.05798,-9.330711,43.253304,-31.103199,-7.370531,-8.221266,-32.987373,14.828553,-7.45224,-15.392733,-12.130974,-9.141878,4.580693,-17.55754,-5.3222055,2.8464904,-5.7183166,-0.0325433,-5.941266,330.05422498377385,0.0460205078125,0
-115.22563,143.74762,-92.56543,48.429996,-47.10575,-2.2723413,-7.648655,-35.917866,22.290024,-12.676542,-9.890502,-9.106445,-13.394068,-8.88199,-16.753445,-2.1360567,-5.1500425,5.77104,10.643063,1.2078846,392.7997110277934,0.100860595703125,0
-177.52625,210.79446,-78.587585,47.25337,-28.72472,-15.358492,15.770752,-19.912756,8.305375,-6.6578693,-5.553174,2.1536055,-2.7928395,-4.408922,-12.123089,3.1164923,-3.1507812,-6.401519,0.23011178,-6.6981654,0.0,0.084716796875,1
-231.74808,163.31523,-56.46213,20.407455,-11.566164,-19.3265,-13.969787,-17.182106,-12.271416,-9.781458,3.21094,-14.123112,0.054863453,-8.337409,-21.568207,6.885984,-8.817317,-10.417577,-0.1310395,-10.307642,306.1998078533705,0.052947998046875,0
-208.56654,173.76892,-3.6807485,46.260742,-21.887108,-31.669575,-14.41543,-18.703785,4.0709934,-8.369849,-7.7958565,-11.898077,-16.943562,-8.697106,-17.901146,-7.805171,-7.468026,-9.866672,2.4025016,-4.6000476,348.3616308661833,0.058807373046875,0
-194.5675,149.56186,-59.03909,76.71672,-18.53997,-2.2410822,24.168247,-25.232527,4.9589415,-6.9646616,-3.5148978,-3.414261,-15.961922,2.7656155,-9.532944,-5.7666984,3.4872618,-5.82755,3.1744466,0.38372374,176.0032638458504,0.12493896484375,1
-243.65167,132.2479,-48.23584,22.602156,-22.282448,-28.519552,5.874417,-14.977381,-4.2518344,-12.297576,-18.822647,0.90351623,-2.7171755,-7.891277,-9.612963,-13.760683,-11.849699,-8.343054,-4.2990584,-0.21217632,386.2945575295701,0.066741943359375,0
-259.76172,131.32117,-7.485616,71.29158,3.8392725,-1.392782,3.6123323,-24.431438,1.7252207,-6.8610973,-3.1193004,-0.90265405,5.9207764,21.151058,-9.849682,-0.6246375,9.568164,-7.04919,7.2478476,-4.2238255,180.33040704941763,0.070098876953125,1
-186.06932,125.841965,-63.120087,59.08394,-24.020782,-13.935895,-11.892666,-32.7233,10.417092,-17.631742,-7.2829676,-4.1212687,-9.806324,2.9191995,-17.65564,-3.6070018,-2.3633213,-9.988888,-6.235297,-17.50143,326.1582900963338,0.062469482421875,0
-209.94778,96.80595,-18.303268,104.96921,-27.334509,-19.451763,-8.874964,-26.937813,3.0880198,-16.174473,4.7756033,-5.507306,-13.0567665,1.3198059,-4.9537816,-0.38716197,-8.283066,-2.109715,-3.6825774,-8.163284,322.93236310339205,0.1422119140625,0
-387.1091,168.63092,35.293747,18.318054,17.905396,-12.134847,-16.680088,-0.14149547,3.7915912,-6.3828297,-7.2926035,2.075017,-4.110004,-15.585308,-9.9728365,-2.9761019,-5.939253,-7.394474,-4.1219773,-4.140519,291.609269039435,0.0291748046875,0
-277.25793,168.43495,-17.72816,14.01839,-21.08701,-34.66809,-12.29521,-22.539303,-9.285633,-9.679293,-15.42179,-4.8054013,-10.578524,-12.498782,-3.7156515,-12.091768,-18.616688,-12.513749,-16.15166,-9.533775,302.4575167144081,0.044158935546875,0
-329.8266,162.59988,20.712048,36.334496,25.977697,-10.930004,-15.210817,-12.052887,-5.8655434,-5.163456,-3.5298083,0.86746067,-3.2283742,-3.8000615,-3.297877,-4.6542377,-5.822796,-8.212307,-4.5550337,-3.621933,152.60554225922945,0.03399658203125,1
-189.2038,159.95125,-35.5107,31.910254,-17.97931,5.971513,6.551017,-48.296036,-1.7301278,7.9717093,1.047643,-4.5925474,-26.978329,-2.5841556,0.69691527,-19.3884,-14.246975,-13.547848,-23.551752,-15.784788,124.4078416093202,0.067718505859375,1
-274.95825,188.15088,3.8917215,49.038845,-12.3154335,-20.826736,-6.486018,-20.930668,-10.79043,-26.209324,-7.5525074,-6.955821,-14.80195,9.338827,-17.64935,-9.029285,13.462271,-15.873807,-5.807109,2.7644656,165.73709539232956,0.0355224609375,1
-192.33536,162.33609,-81.81912,46.330666,-23.109016,-29.750465,-6.5946507,-16.793234,6.9153523,-18.968191,-17.610388,-11.206751,-14.540418,-13.333901,-14.957489,-6.5174294,-14.0090275,-4.415327,-1.873194,-11.741484,317.5093052200355,0.094024658203125,0
-259.7646,142.89105,-31.36394,34.2048,2.9568286,-2.1147275,8.257299,-13.821411,12.478649,4.4278913,-5.910362,1.3887122,-8.289822,-3.4279509,-4.695094,-3.3202367,-0.7309537,-6.0826387,-2.3115587,-5.841649,353.7394479240478,0.049407958984375,0
-197.64992,148.99239,-11.888264,53.12751,-18.604055,-13.909167,3.53363,-20.503952,5.6020546,-8.272163,-13.366535,-4.6783605,-1.7280741,-7.215525,-27.334137,-5.5120134,-3.3054516,-14.198572,-0.9657299,-9.86908,327.3065562906866,0.035980224609375,0
-283.24323,131.61162,-0.5757153,41.6464,10.706416,2.0668478,-1.7625301,-24.421642,-10.302544,-2.5371957,3.938077,-3.0581257,-5.2819424,4.2184906,-10.100828,-9.8604,-1.2604446,-4.8281584,-5.4017367,-3.9291472,191.75310844828223,0.07611083984375,1
-254.56169,192.18076,-2.3358116,25.345152,-14.307939,2.4933581,-6.149688,-22.092705,2.9800782,-12.084852,10.11916,1.1481543,-13.953806,11.737366,-9.997234,-8.10429,2.9092474,-8.368078,0.5315523,-3.9157264,208.87096748825024,0.03741455078125,1
-236.22304,179.47333,-20.57664,37.225227,4.992884,-7.1819324,-26.27057,-47.338596,8.371662,-11.467607,-26.441162,-7.602557,-15.496287,8.881704,-12.286688,-23.494541,13.400582,-11.215784,-11.449147,6.3774805,158.35438027915268,0.040557861328125,1
-250.75531,184.13225,-50.994667,24.563213,-9.068688,-8.803711,7.429408,-6.4395337,9.482252,7.1514072,2.1787145,-12.676611,-7.342288,0.59468365,-14.543442,-9.272604,-10.98855,-18.370296,-10.300569,-5.2995625,100.2057688499196,0.05364990234375,1
-272.7155,171.95776,12.285153,69.7944,7.695818,-8.483693,8.647095,-25.763584,-20.550161,-4.3307867,3.5655773,-4.2153945,-4.6299987,0.502912,-14.372881,-3.536509,7.3095565,-11.106552,-12.057536,4.200392,141.80262169600712,0.049072265625,1
-198.87816,149.47067,-80.217094,42.749344,-22.561584,-34.672367,9.16033,-14.475975,-7.6089106,-20.718246,-11.899999,4.8053474,-17.69321,-19.444054,-1.5877352,0.8029629,-2.9760852,1.5957851,-3.0759227,-7.8834724,343.4970858200851,0.105682373046875,0
-223.03255,176.3693,-102.85913,11.462031,-16.794418,-27.590443,-3.665116,-30.81951,-19.11753,-11.221742,-8.705995,-21.880314,-16.001215,2.233666,-22.69078,-15.078468,3.5455031,-10.90537,-6.5362945,-5.120295,241.3343616202468,0.08172607421875,0
-257.99423,157.55142,-16.345938,37.001442,-21.550175,-30.471848,-21.356964,-26.578625,12.392978,-2.1915638,-22.423462,-3.4714575,0.9499055,-14.439737,-3.4723039,0.21502995,-15.466364,4.753438,-0.6677849,-14.087564,314.389152118935,0.050537109375,0
-213.47523,153.01239,-31.890734,73.206665,-19.971573,-22.556534,-3.0458133,-23.61148,-10.536448,-17.618168,8.645402,-1.051506,-0.69315153,12.235378,-10.016952,4.797946,4.5814776,-2.6738446,-2.0050101,-13.531979,138.07301917143005,0.0595703125,0
-179.28708,210.71484,-68.823746,39.628784,-7.4585333,-8.146371,10.504915,-13.878399,23.97723,4.993788,-2.6162424,-3.4040458,-18.22755,7.1018376,-4.731179,-8.200873,4.744727,-4.941136,1.1258553,-6.9322925,169.10065653092136,0.056915283203125,1
-275.48206,130.02393,-8.895814,33.072918,5.164813,-16.889832,-14.064855,-21.426569,-27.888052,-35.22799,-17.58514,-8.532602,-10.203953,-11.65074,-16.321554,-9.623211,-9.211597,-12.901768,-9.168601,-8.873548,259.76904761018244,0.05255126953125,0
-225.18756,162.55495,-35.050636,68.980354,5.804393,-18.525084,9.422344,-10.735786,-0.44050243,-13.795965,-7.437352,3.4013402,-11.477346,-2.0543466,-0.18076396,-2.6659818,-4.1382275,-3.2999816,1.9942061,-6.686475,259.84543386807087,0.049468994140625,0
-263.61026,136.5101,-6.4640417,4.3585644,-12.525018,22.017746,-20.126034,-27.509476,23.856031,-21.382805,-15.629324,2.622194,-14.300785,0.7357774,-9.437605,-5.7999516,18.530457,22.274555,27.599277,25.64814,471.9874053557282,0.041717529296875,0
-241.67175,97.73388,-44.333572,70.130424,-27.374,-27.847553,-11.525182,-34.532303,5.1411567,-20.533064,-11.567108,2.9756794,-13.692141,1.8190304,-2.5910406,-6.420224,-13.391829,-9.995622,6.9514866,12.3403015,407.5198251241593,0.083526611328125,0
-235.22806,119.8551,-14.52651,41.46928,-20.873814,-4.525528,-10.153056,-14.591969,16.526596,-14.643301,-8.748716,-5.1037865,-8.376294,-11.800424,-23.956432,-6.3362875,-11.368425,-8.903395,-3.0503137,-12.3694,334.27702011417256,0.033355712890625,0
-295.71304,137.11772,0.79731417,29.84202,3.8386333,-27.684227,-24.874573,-23.35651,-12.9301605,-19.019852,-16.204199,-5.4044604,-9.00035,-5.1866527,-6.205328,-4.8915577,4.6474895,-0.90601957,-5.040309,-3.194112,254.9459340144888,0.036834716796875,1
-255.82684,140.24736,-0.72104025,13.393231,-16.648367,-4.7608833,0.6021682,-28.859598,-15.446972,-3.6788247,0.54878306,-10.43882,-14.841604,-5.1553097,-16.931498,-3.9465168,13.730829,23.866371,41.86468,16.955757,477.4328658872763,0.0438232421875,0
-258.5745,189.87796,-19.263008,82.17401,-13.574791,-15.866501,10.762286,-31.752869,-1.9598353,-15.133708,-8.334104,-0.73898244,-21.038567,9.292444,-0.483243,-13.050252,4.364438,-3.3107471,-3.5020318,-0.99838567,75.83944139350783,0.033935546875,1
-196.80539,179.81596,-43.379112,74.26193,-3.9123707,6.992833,-2.8568583,-23.490822,16.63013,-17.29901,-1.6481743,-6.6320696,-12.86117,11.930918,-12.321746,-2.717479,4.8677907,-6.9227076,-2.2342758,-0.5801147,149.2366553676532,0.040130615234375,1
-269.53864,141.40143,-25.516602,17.77235,-24.40368,-18.911013,-12.188171,-20.402376,8.912215,-13.501862,-18.244907,-5.194296,-8.890583,-6.9969935,-13.102833,-7.6229258,-7.515333,-11.701525,-11.263986,-13.076197,348.18396994766107,0.056060791015625,0
-187.90771,171.30652,-52.157955,60.090584,-7.4582896,-11.361275,-7.255714,-29.577795,2.5093377,-14.269716,2.1538265,6.099351,-4.4803324,4.9551487,-11.000549,-2.4139104,-1.9516842,-4.9158144,1.8122711,-13.116425,280.84096233966795,0.06951904296875,0
-276.33072,136.02368,-9.028822,45.6919,-31.30022,-31.189037,-6.52911,-22.977488,-2.0476599,-22.139261,-18.730255,-1.872217,-16.509792,-4.7829676,-2.7241697,-10.82473,-0.49242473,2.449132,-0.203753,1.6398048,380.992975280256,0.05413818359375,0
-251.49516,168.81487,-6.0676603,75.02529,-15.232626,-17.777079,15.727107,-19.867493,5.4120135,0.055188775,-1.779604,7.334259,-6.9601574,1.1377329,-4.962696,-3.4306316,3.163824,-10.165205,-3.6626928,0.19919533,125.79699683595906,0.039306640625,1
-227.0315,175.65463,-15.933868,69.13608,-9.11326,-1.7683749,5.181819,-26.874077,5.2925186,-6.3632007,-2.8320203,-1.8128338,-6.961958,6.4307714,3.1196542,12.88663,5.6803985,-2.8380573,3.836984,-3.098271,131.24403534585798,0.042266845703125,1
-202.12054,199.72043,-46.911453,48.079712,-34.168926,-15.368617,23.2778,-30.826775,4.0492444,0.53521955,-14.264654,2.8492146,-5.1566677,-3.7620673,-5.81668,-2.3750575,-3.6153483,-8.897314,-1.3523656,-9.330038,136.4318451167374,0.0546875,1
-211.98885,153.99088,-36.548744,33.63256,-23.317574,-13.616974,-17.059399,-31.015121,12.547173,-15.685583,-11.710667,-7.538946,-19.730167,5.404688,-6.2373476,-8.20554,-1.4837263,-4.494741,10.364459,19.116411,422.7111702875492,0.04669189453125,0
-194.51971,204.03842,-9.584216,22.512218,0.7163501,2.9502325,3.4920156,-13.408312,15.573218,-1.9686219,-9.828634,12.825722,2.0583692,-5.9352193,-6.4320164,-1.9679834,-0.8039102,-9.794065,-6.575655,0.3045893,394.27720472107336,0.0452880859375,0
-329.65576,120.36142,28.827461,15.871668,-9.216695,-8.518486,-4.1911683,-22.477201,-4.7942758,2.5515795,-10.663061,7.8506885,14.362457,-0.011550069,0.44962502,0.073372126,-4.8274083,-4.537983,-5.3460593,-8.277187,309.7412980361088,0.078338623046875,0
-232.68698,141.60489,-38.14987,47.841698,-65.90489,-17.589993,-16.098303,-35.127,4.347289,-26.09041,-5.300452,-10.922829,-12.580108,-2.88989,-12.248026,2.2898812,-11.32629,-6.058342,-1.857933,-11.286664,268.7671649180021,0.12109375,0
-226.51256,156.413,-52.999493,30.06857,-29.908085,-3.9118261,12.32598,-36.802975,-4.087616,-0.118934214,0.07968366,1.8804625,-9.0039835,0.737988,-1.2100934,-1.2848638,-4.1345882,-6.603442,-2.67978,-6.1822023,0.0,0.100250244140625,1
-236.15991,193.82028,-42.270905,23.342583,-17.438631,-17.5434,-6.7235937,-41.845604,-2.8795228,-14.343882,-23.297365,0.73175424,-14.908211,-2.7224731,-7.2650833,-13.037008,5.3031254,-12.341948,-3.2093277,5.523178,178.89196231047416,0.043212890625,1
-259.9046,163.09357,-33.799213,21.065945,-1.0411077,-30.79891,-15.916155,-8.221693,10.924809,-3.005897,-17.629131,-9.865228,-5.206397,-9.185881,-17.440819,-4.00784,0.15758753,-10.5858135,-5.926931,-5.678209,345.2319454276356,0.054168701171875,0
-229.0326,141.15526,-60.824608,58.95066,-37.8794,-40.82016,-24.688498,-22.340054,1.691902,-29.432545,-8.71872,-3.1533103,-13.545432,-11.6200905,-23.797382,-12.7393,0.47111177,-7.721395,-10.821848,-6.6991835,259.2596703476716,0.1246337890625,0
-256.54794,127.95463,-8.470125,85.994675,-6.174838,-2.7344027,2.79351,-21.897537,4.665938,-13.946959,-3.611735,-4.630072,-6.965455,6.2759895,-6.920304,-3.2745283,-4.820972,-3.2045698,-0.6355623,-8.294605,160.69872746550087,0.05560302734375,1
-289.79883,162.81969,20.472765,92.57829,-5.905123,-7.8924494,15.149771,-27.973213,-7.6001043,-14.670401,-10.277166,-6.810745,-18.16655,11.7541,4.070636,-9.342446,-0.45699334,-6.8231173,-1.4912345,-0.430354,69.08232322928762,0.02130126953125,1
-235.06653,180.28418,-33.283897,29.699108,-31.304287,-27.199978,3.9723036,-24.416853,-7.342866,-4.6080556,-0.16949412,-6.9494667,-22.143919,-7.723413,-14.014426,-10.817858,-0.92076916,-12.822077,-13.461674,-5.8842535,175.22849993322802,0.080230712890625,1
-171.61711,144.56714,-53.288055,46.91674,-16.530502,-13.433203,14.829548,-24.012897,-5.315538,-14.321267,-18.98288,-9.017766,-12.606319,-3.857136,-7.274435,-1.7287638,-5.480646,-11.874597,-0.8496044,-9.560736,297.31901980467165,0.11785888671875,0
-177.80585,128.06049,-34.725796,66.7912,-20.10408,-9.566076,3.8167443,-23.932022,-6.528557,-17.877031,0.56715035,-7.532794,-9.644777,-0.5853911,-13.225597,0.6150868,-8.413684,-8.657663,-5.171014,-14.273888,298.2424925726208,0.057647705078125,0
-224.03073,172.4595,-9.803421,29.711784,-23.763868,-18.175718,-1.8238113,-21.979717,2.6822207,-13.850052,-19.299456,-7.6610065,-16.140364,-5.3842645,-8.60924,-8.754074,-5.570986,-13.127285,-7.837185,-11.444668,264.08657601117824,0.049774169921875,0
-221.30994,202.88058,-49.287617,15.768743,17.45347,-31.005657,-16.03773,-0.16135281,7.0405493,-4.262485,-13.577953,-11.599253,-15.177057,-17.028395,-9.869442,2.5987253,-0.2832377,-6.2383747,-4.4183655,-8.30027,271.6839552436576,0.04425048828125,0
-206.487,129.05899,-31.241577,100.7688,-10.022561,-19.055143,4.472577,-36.37403,4.5121813,-22.206089,-18.536343,4.077415,-28.614943,-1.2965078,8.050299,-17.20763,-16.659744,-10.635401,-11.012194,-19.352203,132.56079717320125,0.066375732421875,1
-266.33203,143.75827,-28.355286,37.79189,7.662984,-21.588394,-11.869507,-18.367058,-2.4790626,-17.183722,-13.786209,-2.1224358,-19.128202,2.4796882,7.4932833,-9.138678,-1.641412,-5.5521507,-0.78426635,4.5591,183.63930934210487,0.111602783203125,1
-231.08237,196.30928,-23.576908,-3.6054044,-30.258156,-13.941046,-4.2303357,-45.17118,-15.930809,-12.9336,-22.976572,-2.3166199,-7.7546697,-4.832999,-8.787028,-13.212986,-3.9622908,-13.807146,-0.89227045,7.039196,205.90653017015663,0.0452880859375,1
-279.03363,142.51047,1.1117449,42.760857,-22.25247,-15.194384,-1.6930146,-29.689512,-5.9113317,-11.894222,-13.910216,-6.791133,-8.959013,-0.2691208,-11.6065235,-8.688019,-5.0747123,-18.512533,-8.054642,-1.9408935,287.56232084776616,0.04864501953125,0
-245.74513,145.39832,-0.9899111,13.1658,-28.775747,-18.69172,-5.8568134,-24.93982,-5.3416796,-14.653896,-16.436695,-5.1712227,-13.266649,-5.7213945,-9.927325,-16.596071,-5.9827595,3.2425003,14.274616,20.051973,414.1898182743552,0.038818359375,0
-204.61981,172.20702,-30.596619,74.37433,19.282303,-2.2661896,-18.357956,-11.175922,11.68788,-18.31222,2.7199044,-4.033247,-0.55002415,17.420942,-5.3948584,1.8637383,2.0710568,-6.1462526,-2.6875057,-5.0408316,180.1543845538677,0.05023193359375,1
-265.68304,123.09488,-32.07789,86.14774,-4.2667236,-25.013561,4.335381,-20.949032,-1.0351995,-18.861046,-13.582346,4.235609,-5.81392,3.5048862,-4.901998,-5.6752777,-0.4606257,-9.716434,-6.6427865,-3.5895028,168.48481184077755,0.059906005859375,1
-195.24902,158.59575,-54.95162,72.88372,-21.379206,-16.184948,17.892027,-26.95831,4.7950172,-4.8537207,-6.7143664,3.2081876,-10.370599,-2.8166156,-9.250542,-8.472922,-4.532201,-7.7237825,-6.9801674,-6.344659,180.8637029565372,0.074859619140625,1
-227.38461,118.75,-34.36451,63.762337,-17.55296,-27.267763,7.7874866,-16.790035,-9.752755,-17.149769,-2.4826744,2.014145,-2.0162363,1.6388779,-18.749954,-3.0510094,-5.7146616,-23.336002,2.0870914,2.6680021,355.6607031059587,0.075408935546875,0
-239.55609,131.78592,-28.2289,47.66151,-36.54187,2.9747505,-24.840803,-30.855768,13.613382,-27.899498,-0.02016002,-11.421865,-13.341802,7.93785,-21.85707,-9.703609,-12.820371,-19.116806,-7.3397956,-12.141609,142.33237619213173,0.1358642578125,1
-211.40146,134.10081,-41.074757,61.14546,-11.791527,17.602365,-2.5468102,-31.61221,6.6890945,-14.104452,-2.9100773,-11.272787,-14.017243,3.3944294,-5.4128895,-12.464672,-17.40343,-13.347455,-18.242586,-12.966232,170.82115664211602,0.0736083984375,1
-232.99222,162.17694,-45.427307,27.634789,7.1089687,-33.0812,-30.301277,-41.27921,-11.195542,5.3117576,-6.3513484,-9.157476,0.35290682,5.99639,-11.444447,-11.254457,-2.0641282,-7.1385384,-0.52297926,2.8195808,254.671925753552,0.05810546875,1
-170.49289,170.00056,-56.539444,66.896675,1.2758574,-6.1254187,12.485044,-30.988045,0.15605801,-18.16864,-12.706586,5.1741095,-27.406046,0.023500443,2.2422593,-17.3611,-0.007817745,-2.067288,-4.3623705,-11.085741,150.28360518495865,0.045074462890625,1
-217.64435,182.12766,-46.650017,53.22412,-14.320829,-7.1531296,-1.6060357,-33.20063,4.0594335,-11.112785,-6.20043,-1.7676268,-18.611282,7.1849566,6.597556,-20.500374,-13.52656,-8.660831,-25.365963,-12.566814,141.9425012918689,0.0675048828125,1
-244.75941,160.26367,-6.862277,48.67395,-10.137127,-1.3603666,-5.521702,-20.479689,1.5106053,-25.481865,-5.791976,-2.2331185,-16.648132,3.6673496,-7.2830563,-6.849055,2.8337293,-2.550218,-0.8194405,-2.1422596,227.7379182837533,0.07525634765625,1
-258.9394,146.1308,-67.04555,36.911186,-38.68828,-29.397474,-5.8831477,-24.479841,7.7739086,-13.069299,-6.301312,1.2466114,-11.523521,3.1936536,-2.8939104,-4.5935507,-1.9157441,-4.155581,3.6590962,-2.2814422,0.0,0.153839111328125,1
-190.93628,195.68208,-38.351387,39.11359,-5.5171905,-2.0819182,8.024241,-12.589526,8.434776,-0.42606258,4.86499,-3.1177619,-5.559649,7.6397076,-7.209327,1.362015,0.40903223,-8.886661,1.6130335,-1.0706961,186.33489322053828,0.037017822265625,1
-213.04503,173.95953,-51.234516,39.53103,-1.1363362,-33.870686,-17.455286,-8.402972,-5.4670434,-24.655424,-9.242486,0.9600681,-6.2430525,-8.009726,-6.5731096,-10.600831,-15.8823185,-9.389933,-14.066963,-8.589027,253.6402410404746,0.05218505859375,0
-251.47433,146.60114,-8.322969,59.48928,-43.529358,-40.901703,-2.373583,-23.349575,5.2488112,-15.964727,-15.544002,5.2159314,-22.082672,-21.943521,-6.5520177,-4.846241,-7.987234,-3.2880063,-0.51134586,-12.792795,315.66986097487006,0.082275390625,0
-292.39258,169.4071,-51.16784,29.599064,-18.728344,-21.458088,-23.644213,-41.00495,15.456695,-13.743207,-26.52924,-5.5920215,-18.610304,-4.1051226,-19.584053,-15.824232,7.5514507,-16.020279,-6.3538237,2.9209785,206.7931839906853,0.0634765625,1
-278.7127,143.83249,-6.5277767,55.280994,-20.846756,15.218008,-2.726258,-37.741558,-6.7079835,-20.759752,-10.109164,-13.060207,-10.159454,1.9952099,-8.904969,-3.5917795,1.1725979,-3.8605719,-5.9765644,2.3950367,189.4050234987492,0.060516357421875,1
-302.0879,158.92744,-49.377617,59.260864,-13.436442,-9.607117,-3.7483063,-18.337545,2.1926298,-20.099966,-5.4941998,-12.220581,-13.509598,-2.9841304,-19.490818,-6.8909583,-8.723246,-15.340278,-1.6729369,0.010575473,140.29567061343684,0.1151123046875,1
-292.59253,147.25082,-3.4262495,4.395343,-32.70566,-19.161425,-14.0055895,-36.39191,0.5681384,2.1292713,-12.377539,-0.11433494,-11.08778,-21.66867,-10.873218,-4.711613,-7.5494514,-1.0920256,-0.8663512,-8.653897,345.84403193567107,0.06072998046875,0
-265.32593,123.53441,-23.608444,53.099354,-9.980211,-25.674234,-16.80892,-17.560802,-0.23896039,-17.548183,-11.749369,-13.114731,-11.455849,-7.723278,-14.973464,-6.9806843,-16.461914,-9.172887,-2.631227,-12.780528,310.52426703768555,0.111358642578125,0
-200.98308,118.74663,11.656231,96.699326,-40.038357,40.10768,-17.608707,-12.599778,23.494137,-22.76707,16.931976,-14.3635025,-3.6018815,2.9001217,-22.90858,8.954594,5.7755284,-15.091686,4.9882703,3.5000515,1820.627719585901,0.21429443359375,1
-261.6541,118.14342,-0.4663427,82.52592,-45.877335,-24.023903,-8.787055,-22.578548,-2.3779435,-22.68821,2.837124,-6.4366865,-16.829128,-6.158539,-5.709649,-7.0666122,-12.501106,5.2955246,-5.4757338,-6.4570885,367.8125764785326,0.13238525390625,0
-204.17595,145.65753,-66.94151,32.83896,-34.588657,-38.735138,-1.0677917,-4.429666,16.773401,-12.165324,-19.331459,-2.3688703,-7.2904797,-12.733398,-6.2038617,0.55179244,-9.425842,-4.4274426,-4.1208925,-8.246266,308.2687685258121,0.08160400390625,0
-223.25717,151.1401,-49.64552,43.164307,-34.833992,4.0709095,3.7121525,-31.328331,8.28994,-24.415476,-7.2714863,1.6755878,-16.36419,2.7810926,-12.332453,-14.4960375,-6.201724,-9.296789,-7.549833,-9.118853,174.82779913208628,0.096435546875,1
-238.6602,133.03113,-33.558987,41.41597,-42.48565,-22.038021,16.063757,-25.03778,1.1090902,0.097557604,-16.450016,-16.385368,-10.054862,-0.17123091,-10.801382,-10.787917,-12.102154,-14.7669325,-7.248994,-10.139688,303.3511338049675,0.080535888671875,0
-249.2478,114.23973,-28.645569,62.31598,-2.9070334,-7.8778267,2.8501492,-12.105429,15.03525,-11.989197,-20.64272,0.099503756,-1.6531743,-5.925285,-6.952546,-6.212928,-12.105865,-13.363943,-12.321678,-9.196383,282.6951709042045,0.0938720703125,0
-229.42093,173.26166,-38.723682,20.61367,1.1234848,-31.216375,-31.231054,-35.837723,-7.4899144,2.7228396,1.6498337,-6.055415,-10.486795,4.400406,-3.0629182,-9.288901,-1.1676712,1.5257328,1.4807839,-5.5407524,218.47715800379152,0.055938720703125,1
-262.0379,139.85197,-54.61759,32.67188,-47.733665,-31.627293,-6.8999767,-30.145044,4.5125275,-22.498566,-16.6023,-0.078398824,-15.541469,-2.8932803,-7.567226,-5.6436276,-4.089896,-6.712386,0.47239047,-7.700272,259.5526739218299,0.079254150390625,0
-231.33456,150.2144,-53.604717,35.911648,-40.198425,-17.689966,-16.70325,-36.544884,-11.375622,-23.590103,2.5927072,-9.122988,-9.421962,1.6722403,-15.378764,1.6774571,-4.3054924,-5.2244515,1.8518467,-9.660406,256.1445386390311,0.068359375,0
-153.32047,102.52473,-47.20101,107.991135,-25.198095,-17.492142,-7.7399926,-16.45826,3.574327,-42.06101,-7.534352,-14.324936,-20.49749,-0.4671012,-18.86341,-1.4598808,-7.751987,-17.042328,-6.3635397,-7.473395,162.68055046445195,0.135894775390625,1
-211.23605,134.09076,-38.66706,69.1557,-15.593845,-24.763351,-6.9617867,0.097298205,27.910637,-11.04823,0.4883952,2.9188368,-20.788095,-15.441784,-6.689186,-1.1568679,-13.179284,0.96050066,3.292816,-7.763177,306.5831831120275,0.041839599609375,0
-249.38678,198.43707,-8.703374,-3.811078,6.593947,-1.5214822,-28.882864,-39.933975,4.1694937,6.4572654,-14.1308775,-14.013655,-13.817089,1.7825713,1.7097709,-14.226639,-9.320015,-11.964247,-20.088737,-15.672903,206.92392141305848,0.03814697265625,1
-140.54176,148.0736,-50.06813,81.970245,-31.363043,-10.043293,-7.1609926,-27.63378,20.153637,-20.160044,-6.489113,1.3703985,-14.865316,-3.163354,-4.8542814,-2.1337106,-6.9973335,-0.8832439,-6.8144035,-10.323373,299.09370407070674,0.099578857421875,0
-230.13042,125.79939,-53.664,42.460213,-23.897638,-20.173565,-3.197413,-13.347654,11.503071,-23.4286,-25.370125,-2.3209612,-5.21797,-12.905724,-9.225224,1.4683056,-12.218786,-12.577566,-13.724354,-17.966702,361.4086083414619,0.10430908203125,0
-249.41667,127.02752,-22.926994,47.2266,20.857054,-2.0554314,-10.395626,-41.323006,-26.460564,-19.043053,-14.823342,-21.949814,-35.304462,-16.051487,-7.1583505,5.0975595,9.43364,-11.358692,-6.7968674,-9.0530205,219.9323692113385,0.081329345703125,1
-199.28511,140.42664,-38.07225,96.2699,0.87941337,-21.0393,4.385483,-8.252297,10.478536,-12.829029,-1.2146244,-0.48077595,-6.130496,7.2497387,-11.035507,5.156453,10.922328,-10.814727,-3.9413087,-2.541047,152.52727460414,0.1097412109375,1
-205.17018,136.26599,-31.429806,62.072006,-20.419197,-14.384453,5.4841495,-23.029163,3.27994,-12.418569,-7.074169,4.043332,-6.6268845,-1.3812879,-5.170411,-5.88117,-7.9978957,-0.14541769,6.185313,2.482156,399.3561853532065,0.06646728515625,0
-238.83255,147.65726,-45.180542,33.597202,-8.8421955,-38.5375,3.4832678,-7.4693394,-13.708837,-12.364202,-8.435013,-6.6683483,-16.491274,-12.644749,-5.580328,-2.2587156,-5.2667084,-3.1051126,1.9182086,-8.839592,307.6179551503027,0.10394287109375,0
-238.88559,156.39188,-69.86346,68.37922,-35.897507,-9.1749325,16.591782,-39.605804,9.172925,-15.715905,-13.549907,7.464197,-16.013363,-1.0676293,-14.926426,-17.200142,-2.1858902,-14.069686,-8.836964,-10.001493,180.2360359635859,0.085235595703125,1
-243.99997,171.0131,-3.8009863,36.601364,-16.16578,4.672277,1.5753639,-33.140564,1.0069282,-3.4324787,1.9500728,3.501453,-5.356842,10.653864,-9.826571,-14.993256,5.7247834,-3.3290195,-8.956484,-3.8425474,186.7544077432269,0.063262939453125,1
-240.69365,128.54755,-22.240509,27.72284,-14.322966,-16.08572,12.02298,-7.485802,-5.318063,-18.442516,-23.486076,-18.164038,-19.135345,-3.6645148,-4.4170475,-3.72888,0.85474545,-7.8173294,-4.9849696,-0.43002975,374.3135389695992,0.03350830078125,0
-232.5466,208.07408,12.212038,16.063398,-17.433264,-4.9820495,22.888966,-7.272471,-15.408565,-6.967545,1.5803993,-0.945801,-2.8638563,7.9124894,3.9822667,-1.9749622,0.43116194,0.3110882,-5.711678,-4.0444613,164.7303889808801,0.032470703125,1
-218.37077,177.495,-19.97036,50.881714,-0.8559574,-12.872302,-2.1581707,-28.755981,0.28129268,3.5794861,2.040852,-7.7795157,-14.060229,10.138525,-7.1757255,-2.8169618,10.204806,-11.119896,-1.7855678,-3.1088076,152.7404824640747,0.028961181640625,1
-200.85777,140.20654,-53.382168,31.149643,-26.910526,-45.769924,-5.4918904,-9.234184,1.0871491,-17.562733,-16.43809,-11.143756,-20.079397,-5.181261,-14.091444,-14.332996,-9.20923,-15.627398,-3.1539674,-4.523138,315.9362234921071,0.067596435546875,0
-161.87238,155.75424,-78.223495,36.62007,-9.74786,-20.987587,0.43910885,-12.456795,20.085197,-16.497635,-16.39598,19.082561,-7.401235,-6.984683,-4.4638267,-11.346239,-3.2437658,-7.049658,-0.6040327,9.714815,407.38865245299786,0.139556884765625,0
-189.31729,140.54291,-55.204807,43.573235,-51.39149,-27.311657,-1.8138487,-32.387817,5.2516317,-16.526817,-15.49559,-0.56060046,-7.690779,-6.9815807,-11.176711,0.65650046,-0.2098676,1.6508294,2.0414875,-12.278027,284.285728877383,0.08660888671875,0
-228.04033,171.78497,-13.478365,32.5504,-13.157907,-3.0776057,-6.119384,-29.348824,-1.8211536,-11.895235,-10.808126,-11.567352,-8.966634,6.3578053,-6.6581726,-2.871784,-2.1528275,-6.0452967,-1.6692188,-9.180991,224.3398858404158,0.047027587890625,1
-227.82274,173.20334,-19.834435,72.7713,16.093369,-10.926329,-9.465861,-13.939138,13.537725,-13.176837,-17.00338,-6.6936636,-8.285944,0.4769307,-9.686161,-6.202007,-4.071164,-14.05855,-2.9298923,-2.2988663,146.89745485901202,0.048095703125,1
-216.44693,180.05698,-5.9270163,43.85927,-28.892311,0.41306925,12.545333,-36.54602,5.1929493,-7.683761,-18.403173,6.559778,-4.007239,-9.437681,-10.266819,-0.49012578,-5.817377,-13.810272,-1.9749206,-11.071953,161.82793550210923,0.0350341796875,1
-234.2459,189.34142,-3.8150697,36.379093,-14.836513,9.427259,11.31337,-12.654849,2.7401786,-5.0075965,12.525238,-0.7658053,-7.9053707,9.291576,-1.0086292,0.9923432,-5.9914064,-7.457215,-2.8046215,-7.656162,158.30501315752667,0.045745849609375,1
-199.05498,167.72954,-24.923573,68.473526,3.8746586,0.14046201,6.6398077,-17.283289,6.0442653,-10.442671,-1.3857234,-0.73222643,-16.184288,-1.7925285,-3.3908923,-6.878023,-6.602973,-0.36912233,-0.96785086,-7.490828,146.87684961941423,0.0447998046875,1
-309.72424,114.54598,-21.809118,50.380524,0.3717394,-17.642273,5.0024033,-14.753965,-13.189824,-7.600727,7.050542,-3.8089004,-17.31203,5.9915047,-4.5539484,-15.919069,0.971704,-0.6322485,-8.100534,-5.9512672,180.5636353384033,0.1195068359375,1
-229.03857,157.20358,-12.815417,71.80594,3.211028,-18.018415,-5.692504,-39.92753,-10.952318,-13.917437,-23.644363,-12.010149,-14.428201,-0.2628615,-4.8687663,-9.919439,4.6232786,-0.89573276,-8.51693,-4.5245285,185.2428092601464,0.050323486328125,1
-211.8088,171.30902,-24.123932,79.80259,-13.62699,-5.617188,14.48549,-23.947989,3.470448,-12.378836,1.3857467,4.6808796,-15.782914,4.0724545,-1.9604299,-4.477486,0.07428485,-3.51792,0.07553816,1.9755425,139.64218191379172,0.038665771484375,1
-224.24829,180.92487,0.6356263,61.22922,15.434817,14.961601,-7.8119454,-27.809528,3.8141963,-21.651669,-11.441979,-8.218086,-16.444489,5.2059383,-16.43362,-13.970411,3.2261639,-10.760318,-4.242714,-3.63307,142.7274454816272,0.03302001953125,1
-222.66652,194.22743,-53.656082,18.606258,-21.475256,-6.7951374,0.22689521,-35.008415,0.39075375,-21.492664,-17.218594,5.6563673,-10.454767,1.3984373,-13.807957,-4.949176,7.5906687,-19.205439,5.492793,5.466631,165.83968504285005,0.04693603515625,1
-189.71042,116.85131,-39.666706,90.59962,-20.655529,-36.270195,-4.34409,-20.477034,-2.650298,-11.299093,5.5162425,0.7494167,-1.8197036,3.4721966,-4.3862653,9.326957,-6.554494,-2.5949895,2.392686,-14.438095,280.2487136589988,0.0596923828125,0
-212.72409,161.57118,-6.071781,41.556625,9.632225,9.764954,12.989135,-6.7982364,12.806716,1.9194715,2.481994,8.704643,2.4746342,9.049912,-2.8748136,2.0619538,7.042878,-5.470336,-0.6680596,-5.225263,75.1335651688774,0.0277099609375,1
-244.95493,180.17834,-41.85558,33.290405,-2.1101944,-29.995632,-18.85204,-10.9627285,9.508098,-0.17515993,-3.4071758,-14.334156,-13.273906,-7.317175,-14.6689205,1.3683728,-1.7671626,-9.690703,-1.0840242,-7.543334,219.5266840630545,0.084686279296875,0
-214.208,194.08249,-57.71894,33.997925,-26.922295,-4.239495,-14.397175,-62.674004,9.635692,-9.201498,-18.502155,-5.133663,-20.023308,9.9526205,-15.896142,-17.66835,5.1805,-20.306286,0.69132215,0.2894684,159.6975395498383,0.054046630859375,1
-225.75827,135.17978,-22.971962,50.122253,2.1278675,-31.283142,-19.455341,-26.797066,-4.3586464,-21.019028,-22.006565,-5.6139097,-15.075666,-4.9809318,-18.231823,-14.733582,6.151366,-15.756489,-4.480961,5.0968876,180.6049468014436,0.048919677734375,1
-282.6761,135.86264,-10.249672,22.25234,17.487299,4.937875,-8.112961,-23.004213,-7.606578,-11.59854,-10.321542,-8.472633,-18.796305,-10.180611,-15.507551,-16.833397,-7.7929115,-13.844352,-5.645657,-2.8122005,222.4916048438664,0.06988525390625,1
-221.57196,174.20203,-58.350235,32.675568,-49.173264,-4.1396456,34.1364,-41.979168,-11.2374,2.921568,3.7573988,1.5860159,-18.545328,1.802648,-10.032457,-21.357458,-2.9876585,-13.251216,-10.177498,3.037602,202.5485523725764,0.078399658203125,1
-176.71892,154.58324,-56.55451,16.899546,-23.339502,-9.329493,-16.633358,-41.19912,11.975018,1.8557761,-13.437443,-6.5629563,1.3415656,-0.8336878,-16.886703,-3.1333482,-8.080642,-7.270696,1.9785342,-13.993078,311.26332106245667,0.078369140625,0
-247.26068,145.9754,-32.11467,39.941025,-49.907562,-36.73515,12.594368,-21.92648,-5.937925,-14.520195,-14.498829,-4.3615775,-18.558992,-4.6903505,-4.167942,-18.731653,-20.86545,-18.091179,-11.825522,-10.220568,287.5256808960717,0.04010009765625,0
-228.2704,133.46753,-38.637337,43.808544,-2.7627876,-13.718826,-8.822485,-7.1381693,19.602982,-18.680248,-3.544687,10.313621,-26.054956,-11.198967,-0.17728263,-9.117581,-3.105455,1.0058346,-11.309954,-12.654376,348.1232368651511,0.02911376953125,0
-264.33917,145.28006,-43.66333,25.773533,-12.089299,-11.014043,-2.6763306,-40.69155,-11.282581,11.665598,9.27026,-2.6439435,-11.075394,-2.5657048,-5.4727683,-12.412983,-18.850342,-12.42058,-10.11315,-12.68624,122.44760681273438,0.101715087890625,1
-193.48021,162.65263,-15.571025,27.487465,-19.011665,-27.554901,-15.642871,-18.863928,12.249491,-12.470724,-23.803568,-5.7645206,-16.105333,-14.896414,-12.22533,-12.090829,-9.765251,-8.496095,-6.6551476,-7.3702784,306.9278204549592,0.036041259765625,0
-330.5499,142.31448,25.445229,20.685814,-22.656603,-33.1773,-19.065453,-23.268904,3.1042354,0.082012296,-15.213918,0.917662,-8.535497,-19.625788,-9.18997,-9.891521,-13.277015,-10.530418,-8.049697,-9.044331,342.113364826845,0.043304443359375,0
-280.59332,161.88129,2.4178057,17.983002,-11.471599,-10.751631,-2.6663563,-14.415348,-5.933477,-8.902723,3.1754158,7.4388285,-1.0140319,3.8618236,-2.9168162,-3.7086053,-0.6000062,-5.716004,-3.8158114,-2.6773124,230.37558126783745,0.0653076171875,1
-257.53522,185.33911,-25.313047,-2.2670112,-11.086233,-19.41682,-7.503689,-3.479151,3.1716628,-11.398216,-7.5256968,5.3053927,5.365151,0.3701445,-10.035983,-5.310858,-2.989748,-6.775671,-1.3085597,-1.3535691,263.8839236097327,0.083099365234375,0
-284.3781,178.64496,12.311961,58.13935,-19.486881,-17.626202,21.380116,-15.983091,-0.9881201,-0.39200747,-7.0593166,6.429446,-4.6440434,-3.2516506,-4.778516,-6.1818533,3.943394,-7.4341154,-7.4674726,3.3024664,128.4812830016323,0.0360107421875,1
-242.46004,174.72498,-26.383823,82.89023,9.453903,13.151104,-5.98339,-25.02063,18.899921,-21.437757,-12.251629,-7.0639086,-12.624846,12.105301,-8.771499,-0.25615185,5.2179213,-10.358139,4.6996813,-1.980342,0.0,0.050750732421875,1
-332.51257,151.51065,-1.0257235,31.174658,-10.284001,-4.0920134,13.613295,-5.279583,1.0213648,-19.983557,-17.765034,-7.388541,-19.343887,-7.906038,-14.788002,-13.767273,-0.99171114,-13.555817,-8.770704,-7.1840963,246.60965466571824,0.066650390625,1
-236.08073,170.44983,-49.665886,50.180553,-14.486931,-11.943414,8.209435,-37.234474,-0.35724568,-4.6756735,-11.880028,-3.3614588,-20.700348,-0.91713727,-6.502201,-14.4166355,1.7917218,-11.891172,-12.528682,-5.073435,157.67653962431777,0.0394287109375,1
-230.10088,162.48279,0.9644785,8.462773,-22.251614,11.491335,-30.622128,-21.34504,29.239857,-19.009457,-6.9378614,5.009165,-3.47184,-0.9491117,-20.574432,-6.6051855,-6.2074537,-17.118065,-7.7819304,-9.981747,323.6942233414624,0.08343505859375,0
-207.11949,179.79202,-20.168177,58.42498,15.36059,-0.4405261,7.3921022,-9.886514,9.561715,-8.569544,-6.556284,0.25969687,-10.997541,4.3439713,-5.431025,-12.173479,0.7868136,-0.7434748,-6.1587915,-7.690183,146.2440430927772,0.02093505859375,1
-228.95815,175.32248,-15.722245,80.47566,-11.043697,-0.2578814,5.7060413,-39.960793,1.3813398,-4.059658,-3.458835,-12.262468,-16.84614,16.469421,-7.7065496,-10.00136,10.635633,-7.4794683,-6.181713,0.23940262,152.28618652430794,0.038970947265625,1
-187.97276,153.46223,-46.34845,52.80298,-42.82833,-19.366087,1.423276,-20.822254,9.601744,-19.445972,-12.392914,-13.8921585,-10.827702,5.5252466,-17.082779,-4.0926614,-5.335043,-10.971256,-0.8112178,-10.040551,290.6384259304004,0.08416748046875,0
-240.53409,192.43365,-2.4644077,24.979738,-14.677221,2.295768,-7.1529803,-22.814854,2.8788614,-12.139399,10.210577,1.3017116,-13.258602,12.534267,-9.111584,-7.0554805,3.805681,-7.4487143,0.9277799,-3.6029181,210.2361863994088,0.03741455078125,1
-187.72092,138.45372,-39.593887,46.513546,-33.79447,-2.9595537,-16.326443,-34.690796,14.781437,-15.104256,0.94111633,2.931108,-12.579131,2.7058985,-8.737244,-4.9489307,-3.8192825,-2.165227,4.8915935,-2.597546,347.0668543060692,0.100738525390625,0
-124.58231,207.44736,-49.161182,57.068768,-13.282933,-8.705614,11.282171,-26.458803,20.236246,12.249707,-4.030965,-0.9624088,-7.3892317,7.4218006,-4.3769093,-5.1855865,1.2345432,-4.7761416,0.37375867,-6.221712,128.61260032970503,0.05450439453125,1
-230.29173,188.55997,-33.32043,70.92072,6.434288,3.0784142,-5.0866594,-27.922771,18.860744,-16.020828,-12.541812,1.5658823,-13.957428,9.989141,-7.8618717,-14.10652,3.334086,-6.3690577,-2.6338048,0.80917406,132.19647618700114,0.0433349609375,1
-225.95312,140.70013,-17.684841,58.087955,-2.055418,5.1266,11.819369,-27.054218,-1.9855218,-6.9312487,-9.406549,-9.258076,-15.996973,-5.4181013,-11.799188,-7.7773957,-8.91163,-13.18748,-4.0739894,-11.395536,387.26486245723095,0.0694580078125,0
-223.89055,203.67853,-39.044052,-3.9294696,-0.19502205,-20.310608,-13.140259,-11.425333,1.7766854,-6.5629907,-22.311092,-19.431358,-12.989998,-20.112236,-23.483757,-5.402467,-6.3807545,-12.902439,-1.9572264,-7.5238094,312.8270469878874,0.03936767578125,0
-236.7037,159.30624,-25.93387,21.915138,-35.3267,-28.988346,7.764179,-28.483837,-10.311239,-7.623716,-20.343666,-1.8882604,-7.9191384,-14.377718,-9.858417,-5.1816344,-4.1037416,-4.5537786,6.6738305,7.0941095,412.8517316843164,0.04510498046875,0
-262.36932,163.25781,-7.101143,64.002045,-2.9046297,-8.007271,15.395984,-13.108845,7.7271814,0.29369593,-3.6949687,5.038947,-2.2147377,5.6363077,-0.975783,-3.4134293,2.4359818,-1.3880881,-2.4259207,-2.2030606,0.0,0.0308837890625,1
-261.83524,220.61078,10.353594,7.81235,-17.483543,-22.397453,2.6377351,-6.659211,-6.5006742,-4.5973477,2.051486,9.542427,1.6724806,2.514346,-2.6428585,-10.909245,-6.4703755,-5.6321597,-6.053607,-3.9762044,153.00261940027434,0.036407470703125,1
-264.8847,144.07481,-10.752649,56.319542,-8.115395,-13.876161,-0.44805837,-16.742962,-0.98853755,-16.692883,-11.739151,-6.1787972,-11.904989,-4.236086,-8.310329,-3.6536255,-6.5223947,-9.993489,-4.314629,-8.450251,312.5201719359316,0.090667724609375,0
-257.1182,164.09851,-0.8442602,40.583717,4.9563236,-3.398415,9.497541,-4.774269,3.1532001,0.733627,5.3121433,-2.3443415,-5.0181875,14.792608,1.0492406,-3.2753801,5.982457,-4.638829,-2.734837,1.6404741,151.23907818207277,0.02685546875,1
-242.65001,192.12311,-22.802778,4.024111,-45.682182,-10.457916,3.5180154,-38.092255,3.7620568,-1.425858,-15.591309,-4.7883315,-14.786416,-2.9604769,-5.467224,-12.416672,-7.758906,-11.340857,-8.690064,-9.556227,292.81293625266136,0.052001953125,0
-147.25558,204.94011,-40.789932,44.407032,6.8079085,-0.11596221,3.0972311,-19.114147,4.9599967,-10.898947,-4.5076528,0.9380941,-12.389753,0.556936,-4.2724833,-4.653454,-4.2996182,-8.094397,-1.2521281,-4.1883545,144.4459943389058,0.033355712890625,1
-273.9552,163.20456,39.995506,46.226357,3.3210115,-41.223003,-13.997077,-11.162807,-23.451359,-6.1637745,-2.5818272,-10.885622,-7.530379,-10.105888,-12.349006,-6.936753,-9.044981,-8.39582,-3.8643627,-7.3772407,336.27336959974434,0.029815673828125,0
-166.55954,162.95978,-53.6316,52.975655,-6.3850613,-9.378547,-11.349033,-22.617645,5.78119,-25.45145,-0.16873547,12.2399435,-3.7072163,3.792621,-9.63433,0.025505602,1.797861,-1.6110858,0.06328201,-11.640791,271.6852156197194,0.04736328125,0
-279.78528,120.21888,15.182302,90.2623,9.254225,-53.04635,-19.99022,-16.307207,-15.538204,-22.517591,-15.8901005,-1.7800038,-6.879863,1.9404875,1.3940403,-4.234984,6.0227594,1.5594121,-3.8559184,1.4645576,369.9025985875051,0.044036865234375,1
-219.88547,179.7894,-15.887665,82.604996,-3.5253136,-18.216217,9.464975,-15.995438,-0.26929617,-15.256746,-8.664408,-4.4587417,-17.271023,1.1693655,-1.9920409,-10.005886,-3.8709698,-0.44365627,-7.9756203,-8.228401,162.1218759690772,0.0394287109375,1
-243.35764,122.47412,-54.397583,50.755394,-11.458454,-16.432825,-0.4791962,-33.68254,9.671417,-3.5892372,-17.212667,-2.4114976,-13.93982,4.6097336,-4.4603834,-8.261358,7.665627,-13.22742,-7.636322,-1.2710311,199.9134335333529,0.097381591796875,1
-263.4745,182.55591,-8.537554,66.76744,-8.354988,-15.992125,5.6778407,-18.42891,-2.81217,-10.199494,-2.7868953,0.65735394,-5.7474165,4.3321915,-3.3696687,-2.2823238,-1.0751953,-6.4912753,-3.170103,-3.9805634,158.6766185692548,0.06005859375,1
-219.79706,148.63905,-30.604778,73.9649,-44.49707,-54.90199,-14.243435,-12.05884,22.51065,-18.830757,-15.299719,2.3163238,-17.86618,-17.764442,-18.013615,-0.53993976,-6.3672056,-9.43944,6.4721804,-9.936175,142.82048760612997,0.1199951171875,0
-268.05746,139.1545,-13.218864,74.59159,-15.921971,-33.87064,3.7956498,-10.711796,-9.902445,-17.027908,-6.748992,-9.9620075,-10.520468,-1.4050685,-6.9884005,-6.201992,-13.340696,-5.1798635,-2.5779126,-13.506094,262.43020852762896,0.08123779296875,0
-305.4558,152.71289,11.890461,45.476227,-29.603527,-23.386276,-16.357098,-43.186188,-40.270695,-29.130836,-0.3747341,-11.489279,-12.16179,-6.9823527,-14.475084,-3.8828444,-14.922875,-7.7020783,0.7609536,-14.327496,187.3848412536173,0.0472412109375,0
-268.77136,115.74777,-6.369384,58.296143,5.8925095,-31.271206,0.26662064,-21.45914,-17.459015,-4.605716,-19.726254,-13.1768265,-8.210754,-12.218355,-8.994453,-8.124208,-5.2956233,-1.698801,-6.172031,-7.5843315,331.2989254037386,0.0882568359375,0
-263.78082,187.20872,-45.388515,20.400608,-13.045357,-12.897748,-23.851168,-42.801834,5.0254345,-13.33003,-12.77338,-7.4829073,-17.473133,3.2761178,-20.452698,-8.075727,6.2460756,-25.147474,-0.037787795,1.2797923,178.91064475047384,0.061920166015625,1
-285.2655,106.3297,-27.596478,43.708614,-13.939531,-38.827812,-16.720852,-19.60595,-15.34371,-27.307198,-8.395906,-6.240596,-25.40366,-25.048595,-25.98258,0.24181214,-0.96832246,-14.774229,-1.409878,-21.44753,331.1758379026824,0.04913330078125,0
-269.63342,103.24983,-0.9094496,58.870487,3.035694,-5.878604,10.368501,-20.094032,-2.8774197,-3.7058086,-14.8181925,-7.386766,-6.348219,-0.4536798,-9.569821,-13.785208,-9.731083,-13.731747,-14.177435,-14.800958,280.2127953327485,0.02490234375,0
-255.46187,190.56447,-4.9127803,33.523663,-9.24031,-10.334726,-9.064547,-29.690052,-0.8347645,-6.1023083,-8.820051,-8.95068,-13.91367,-2.3028631,-9.666974,-6.3794856,-6.341524,-10.057299,0.3020599,-6.121546,250.4462102145399,0.031982421875,1
-288.7761,176.81598,-33.304058,-7.820158,-16.782131,-16.440815,-26.29194,-30.599764,-10.545458,-22.331635,-9.167093,-20.356865,-29.290478,4.8093605,-10.966567,-17.17104,-1.1467625,-10.804996,-5.474206,-4.150221,171.9166380181346,0.062530517578125,1
-258.45087,173.63324,-22.644989,30.236443,0.6395092,2.9239845,-6.4762154,-18.689508,12.903909,2.659504,-9.882478,-7.5379014,10.809095,-1.4517484,-18.162664,3.83259,-8.896414,-5.6389647,-0.7321603,-10.964825,311.6585436269724,0.065399169921875,0
-197.04007,144.68857,-74.453926,58.21653,-36.963696,-45.498695,7.2713237,-32.314056,-28.592163,-17.156101,-9.839407,-15.234696,-12.197357,-11.084609,-22.030975,-9.994111,-12.129783,-9.610785,-5.8500237,-13.894176,288.3681159308289,0.080657958984375,0
-149.43979,189.32483,-33.145187,73.80524,-14.943609,-8.827622,17.202398,-41.191597,-7.497236,-4.413671,-6.9142733,-4.4763618,-15.213638,9.646052,-3.2829266,-3.7012813,10.300122,-11.884219,-4.0007896,-0.32601774,0.0,0.0419921875,1
-239.69708,133.91116,-13.237158,35.667244,-14.685058,-9.098589,2.4746022,-25.451046,1.793844,-10.046257,-21.192009,-9.954336,-12.318505,-4.4024568,-17.058664,-17.046005,-5.3516045,-12.012213,-7.833726,-5.821306,344.2675632363216,0.03363037109375,0
-254.0003,157.8877,5.589265,5.690922,-37.2309,-18.581219,-10.825016,-27.995155,0.8163047,-19.423164,-26.69093,2.786152,-9.874727,-16.32878,-3.4519973,-15.028179,-20.192295,-2.4181128,-5.7684317,-6.8694687,394.41135381198177,0.044769287109375,0
-255.94627,159.95628,-1.7588171,5.8451204,9.630524,-10.679502,-22.942905,-12.285352,2.9266744,-3.6698227,-3.0213358,-5.9091644,-5.996026,-3.5796294,-14.792102,-10.435445,-8.928603,-11.002856,-5.5750036,-12.650259,286.34711578333423,0.041748046875,0
-198.86566,135.53473,-77.46733,54.123024,22.889523,4.8680906,-20.890564,-43.100517,24.678425,-1.6836216,-18.842876,2.2635288,-4.211677,15.101799,1.1222448,-15.523686,-9.863358,-17.655987,-13.436722,-15.317361,218.75477195738927,0.117218017578125,1
-215.30637,114.37698,-39.385963,58.00538,-31.133812,-23.743845,1.9077783,-41.67818,4.8563104,4.907695,-16.431795,-0.3802582,-4.1642866,-10.84708,-13.279792,-5.263319,-3.9126046,-3.2437644,12.322874,13.082832,406.58310577948754,0.063629150390625,0
-220.37607,156.71696,-18.404724,51.390907,-18.014816,-28.201603,-12.062592,-37.46041,2.354459,-22.888538,-34.42631,1.1379259,-11.85792,-5.1638694,-9.489996,-13.931109,2.6968932,-10.281269,-2.3748538,-1.1084996,182.57118626570164,0.0345458984375,1
-242.86612,169.19717,-26.480625,9.692307,-37.374023,5.702678,3.3215337,-40.04716,16.37947,-4.1423435,-20.038237,7.6899757,-8.645534,-10.774618,-7.7218523,-2.5555825,-3.2031007,-9.199212,-2.147533,-8.702342,318.6621804634762,0.054290771484375,0
-257.83054,119.75497,20.351,93.032974,-11.778603,-31.648756,-13.247606,-16.110538,-1.9414225,-23.052385,-8.9678545,-6.9578686,-14.680134,-11.774658,-13.40725,-1.6069411,-12.664346,-6.5059557,2.1183958,-4.589673,299.612106931971,0.078369140625,0
-238.41586,153.52744,-90.37442,2.2036972,-28.419218,-18.87806,-7.189245,-24.316341,4.4931397,-15.926474,-18.130697,-6.1764164,-12.342123,-5.2659106,-7.239334,-3.680729,2.7372084,-0.7992009,-5.1641665,-5.339881,274.8395493309316,0.074188232421875,0
-318.95685,123.08006,0.59772396,49.534634,-31.513466,-12.822936,-14.160313,-22.439743,7.830272,-17.165897,-12.992218,-12.697821,-5.4511952,-5.9422884,-19.96751,-3.1973982,-15.146421,-12.598342,-2.315424,-11.604693,317.26828843247665,0.063690185546875,0
-227.15318,167.22449,-41.751915,20.931875,5.7810326,-29.562265,-29.13155,-39.063652,-5.2350616,10.750329,-9.532499,-13.977444,2.1815572,5.389752,-13.410528,-9.739267,-1.9648135,-8.104571,-1.197506,2.6668663,266.9592823848124,0.06085205078125,1
-257.4406,138.02316,-15.450663,37.021275,-38.52339,-37.04614,-3.2592344,-7.8050537,6.691328,-19.187786,-15.853157,-0.30149704,-11.936949,-15.668839,-10.325899,-1.3687773,-7.1725454,3.2798967,14.334169,0.5097815,393.8934313713391,0.0516357421875,0
-233.12164,158.12936,-40.507454,29.242609,-8.717579,-12.657923,-17.406193,-35.086193,14.862827,15.545969,6.8167686,-0.661844,-0.330315,18.261944,-4.3277245,-0.50056565,6.2021675,-1.1817539,14.291768,-8.907295,210.2086175597227,0.05975341796875,1
-250.50157,126.986984,11.097071,92.440994,8.727545,-53.064713,-19.879925,-17.036575,-12.918669,-21.384308,-15.832229,-0.8691096,-6.821707,2.8682992,1.4032644,-4.46458,6.913804,0.88393784,-4.141708,2.2392116,409.7047764639925,0.044677734375,1
-292.4145,172.83774,21.10785,50.17357,5.3934193,-22.595627,-4.451342,-11.934192,-7.027761,-10.830646,-14.468109,-8.376906,-8.8155775,-4.3869724,-7.114911,-4.762578,-1.9011041,-6.206231,0.24877986,-4.254183,123.47434285230408,0.0335693359375,0
-235.81808,177.27385,-17.342525,77.44861,-31.82997,9.857037,14.886373,-36.076447,-5.7233205,-17.90578,-3.5866115,-4.7238746,-10.060492,8.526553,-0.4459386,-4.8100305,3.1311615,-1.429167,-8.463032,-2.0118158,71.84952678734432,0.1163330078125,1
-221.83093,182.32234,-12.111713,10.793179,-23.379047,-7.557497,7.932354,-8.59778,11.461075,-0.9506115,-1.2876,1.7319541,-11.569498,-0.41417646,-4.9514894,-5.9208803,0.046894133,-11.499888,-7.8835354,-0.64444196,166.74512485707436,0.0626220703125,1
-259.5052,108.11355,6.48771,54.92315,-12.811263,-9.642192,2.466023,-28.36356,-14.874813,-17.106003,-20.489803,-19.893244,-15.604126,-16.51196,-18.084614,-0.5607969,-8.260269,-3.2741194,1.8104236,-10.968246,384.3427256400765,0.091033935546875,0
-193.5788,179.49951,-38.120728,8.415536,-12.449744,-20.947853,-22.220543,-43.476357,-5.015888,-10.77831,-19.910187,-5.213499,-16.565044,-2.424969,-8.581679,-18.374767,-1.4340856,-13.424045,-1.7296615,10.00834,196.5038558689251,0.050872802734375,1
-256.21494,163.26764,-33.154068,31.931273,-22.73249,-25.280502,-24.49451,-25.544067,20.460695,-10.790552,-25.102942,-3.7578354,-9.956195,-17.232256,-11.828447,-12.26195,-20.9111,-6.055314,-4.2216635,-14.005341,301.84430117182217,0.067718505859375,0
-208.65533,155.41098,-47.869587,62.42283,-12.440231,-37.277145,-0.52787423,-24.754515,-5.994896,-4.6122413,-6.5480833,-4.3460803,-17.048542,-8.720133,-10.034817,0.85759604,10.373383,-2.335326,6.964965,2.1955295,392.0089321587938,0.04437255859375,0
-221.69095,152.37686,-12.360419,78.17735,4.6157227,-28.458448,1.9140663,-5.217292,5.3188224,-12.733547,-11.269273,-4.051981,-13.887552,-2.5102339,-1.918751,1.2357252,2.6737194,-2.211062,-0.26000774,-6.2048016,161.46590551570955,0.045989990234375,1
-255.53447,121.06976,-28.729343,107.402214,-2.5948083,-23.962563,12.161773,-27.44939,1.839718,-11.991344,-15.13467,-0.422637,-18.0014,4.800617,-1.4437447,-13.619013,4.7710667,-3.2493997,-6.624361,-0.4375564,155.66242100596676,0.11334228515625,1
-281.31433,163.9273,28.425816,69.346664,2.932355,-14.847826,-2.7121668,-22.350367,-4.7139854,-11.450335,-8.112083,1.5414016,-9.593725,4.3017297,3.1239285,-3.2141855,3.4510584,-3.047748,-3.1472607,-1.9261291,148.8839363610345,0.060394287109375,1
-210.82684,161.06743,-40.394726,37.1382,-5.611867,-15.341606,-19.225765,-25.881336,-3.9360795,-14.538303,2.7004416,4.6496353,0.7089554,-3.273799,-13.510712,-0.45476973,-8.222394,-3.5033162,-1.4315716,-18.310904,323.20885973872026,0.050323486328125,0
-243.33394,164.24805,-18.186255,50.060947,0.2998414,2.8432631,9.985401,-14.959116,4.0055237,-17.321186,-17.367008,-2.6262646,-1.5296109,3.2559457,-8.916943,-3.4367876,-5.0860443,-10.884118,-2.0998366,-6.5389977,327.26764148889305,0.039520263671875,0
-242.73189,151.4396,-11.389304,49.017982,-8.720446,6.47066,-1.2449217,-26.83773,-1.0750337,-22.120953,-5.931589,-4.540263,-18.24895,5.6440096,-0.85519445,-3.3973289,-0.62073195,-7.0947247,-3.7863278,-5.8422227,282.03350000687294,0.08294677734375,1
-151.60687,150.5837,-54.14875,69.47018,-33.07632,-32.556156,-23.885845,-21.849789,14.32768,-25.53391,4.897637,11.0359535,-1.6403776,-0.030720219,-14.419504,3.8480055,-17.710539,-8.896433,6.5186625,-13.376565,291.1776559641054,0.06109619140625,0
-286.30777,137.22333,23.672699,40.85658,10.824315,-20.072863,-10.810043,-15.500836,-12.667468,-9.3629265,-15.648298,-9.238545,-1.3294904,-8.930153,-14.753628,-8.109779,-8.850112,-11.304158,-8.784828,-10.928027,315.8460896583252,0.026519775390625,0
-280.675,137.33234,40.226288,68.80469,36.63685,-12.493202,0.50566876,2.6911397,-2.7611933,4.257023,-0.3957901,-0.68184566,7.1012383,4.2883654,-4.09988,-3.1073449,1.8925096,-4.19497,-6.8586392,0.19740582,162.81757936556687,0.019683837890625,1
-248.25186,136.74454,-1.573683,1.5950577,-23.150639,23.357067,-11.8003025,-22.506208,16.917496,-33.175854,-7.6421194,13.016695,-19.082134,-6.510275,-20.341599,-19.951817,-0.20558465,-8.765469,-7.700651,1.4231796,388.6222698289517,0.03912353515625,0
-206.98633,173.06694,-69.93769,37.031555,-34.82808,-20.636284,27.766453,-30.111496,-12.470227,-15.897669,-12.093237,7.029896,-16.455309,-0.2597843,-7.0703497,-21.147291,-0.29641378,-9.936897,-12.647902,-8.941313,194.346251283,0.04071044921875,1
-198.79022,171.97392,-32.029533,53.421356,2.3302696,-3.79799,-0.037322998,-21.560158,0.713938,-10.66185,9.45889,14.77461,-1.009069,8.212993,-6.580554,-3.0117261,1.7600701,-3.1888518,0.90210474,-8.326925,250.6039155896304,0.046112060546875,0
-226.336,120.38766,-58.588036,56.344734,-29.57304,-31.068668,-26.808577,-22.53941,-11.223318,-39.270668,-6.7068768,-8.187941,-7.423086,-3.4911432,-22.270786,-6.8084717,-5.1506815,-15.732836,-11.642923,-10.338295,249.6281268712776,0.12701416015625,0
-203.6814,141.43584,-59.8796,56.421696,-37.631073,-35.977962,-12.062763,-14.009478,18.853937,-18.37246,-15.212462,-2.7586312,-7.4020677,-8.823878,-7.781226,3.7668734,-14.503714,-7.3844624,4.080386,-8.5710535,330.3719552194724,0.068572998046875,0
-254.38681,134.43118,-34.031708,36.37963,-6.3104587,-50.754417,-6.115218,-11.800194,-19.767921,-9.699959,-17.095816,-12.253006,-6.473066,-14.752994,-11.973452,-6.448836,-10.620642,-8.926921,-8.057192,-0.6762732,383.88538390012906,0.0460205078125,0
-210.51752,98.165115,-30.895542,80.63036,-14.266491,3.399769,9.111825,-25.419605,2.1365075,-13.551936,-2.6799312,-5.593193,-12.067957,-11.2683525,-15.985067,-3.7801971,-16.357037,-2.8294876,5.6292686,1.4808456,433.5013340045486,0.1239013671875,0
-237.63136,181.31091,-18.77492,15.406365,-7.334134,-20.679623,-17.837326,-29.01173,-6.650095,-12.09931,-17.274971,-10.541541,-17.408686,-18.198763,-19.037642,-7.6060796,-3.6970549,-10.971643,-3.633315,-5.5020566,340.7663421069753,0.034820556640625,0
-191.79605,137.2757,-70.35866,49.954536,-45.468414,-27.17615,-3.611999,-21.266275,8.69171,-15.986856,-13.312356,-14.684147,-5.6270704,1.6101594,-14.575271,-0.4501898,-8.580286,-5.472558,3.6778975,-2.7949128,389.7898303114092,0.074371337890625,0
-210.15845,169.27695,-17.242378,21.988937,-8.441025,7.402397,10.259682,-31.853382,-2.8516755,9.495895,-8.712065,-16.076372,-12.592802,-6.071187,-7.6663494,-4.2394924,-9.9622555,-5.7703943,-6.206752,-25.862461,358.3462758332206,0.04168701171875,0
-243.41269,154.20569,-1.9000959,95.53734,-0.70527303,-9.284231,3.7869663,-32.457626,-6.108219,-4.350299,-2.1258583,-11.008968,-12.945795,0.2803868,-4.656846,1.57159,-5.582672,-5.2014794,-0.12791526,-3.7641842,129.38897903033774,0.033935546875,1
-233.81348,164.31609,-67.31265,4.6488805,-24.688957,-25.64571,1.9705396,-18.63992,-3.113187,-3.584608,-0.5214789,-4.9818325,-14.898573,3.20637,-11.128992,-11.530358,-2.2155848,-14.984341,0.606776,2.2564642,343.2684770178666,0.06005859375,0
-233.51111,116.3391,-35.448196,119.518135,-8.520925,-19.966587,17.680077,-27.033436,4.177702,-11.097497,-9.352555,0.3038422,-17.175243,4.77506,-3.0378668,-11.092644,2.5028245,-3.4524913,-5.9697857,-1.3227794,80.65738014182239,0.148040771484375,1
-254.19025,146.16113,14.073141,93.41799,22.953812,8.126959,11.641084,-25.420528,-15.075594,-14.998308,-10.669935,-13.54019,-11.222294,0.549709,-6.596653,2.9954758,4.444542,-5.192793,-5.8535194,-6.8842382,134.3613142080459,0.022430419921875,1
-290.45126,192.55225,32.94988,-6.5956135,-26.983217,-37.164894,-24.356144,-12.695206,-11.205467,-14.564603,-0.9953742,4.3109097,-11.4026375,-7.049817,-2.2174966,-15.802166,-11.966239,-2.3446517,-3.3658738,1.3342289,275.20550926126833,0.0548095703125,0
-220.419,166.49536,-13.06909,43.461273,-15.789366,-7.9876328,-3.6771605,-30.670982,7.8654127,-3.4790425,-10.124038,-5.2376137,-13.395487,-3.1806228,-12.662115,-11.063671,-6.2753944,-5.793126,2.7911248,-7.796347,247.81046898839256,0.06304931640625,1
-248.22845,102.81482,5.973418,102.321175,-45.31785,-36.930122,-9.953622,-17.679852,8.567433,-23.39408,2.6170485,-1.3274574,-14.493568,-0.11453098,-15.088741,-3.479576,-12.592361,-18.710632,-7.3505683,-11.632825,279.9119148215488,0.155059814453125,0
-212.7341,145.78912,-12.610893,45.52942,-7.3451824,-11.257741,0.6042541,-15.254625,1.6309611,-13.091368,-8.726402,-2.9229455,-12.087357,-2.374244,-6.62831,-6.799763,-4.792936,-6.132412,-3.0839505,-7.158643,297.61595577441807,0.071685791015625,1
-238.70749,172.20862,-8.26442,34.99018,-1.3252778,-3.8086662,-4.03419,-25.68541,-7.7671633,-14.369158,-5.1219945,-6.2059455,-21.538837,-4.734461,-4.645768,-6.3690977,-5.5954094,-8.088268,-1.0529895,-4.0482197,228.5293795602852,0.047943115234375,1
-210.35759,195.80869,-11.855885,30.311018,-10.378187,-2.403954,18.606758,-10.756264,1.0211176,-7.746132,-13.716317,-7.643212,-10.761648,-1.4228623,-3.640816,-0.7228693,0.28490925,-7.485282,-4.3547244,-6.6224394,143.50408593985966,0.053558349609375,1
-212.37503,131.34346,-25.56301,89.74861,-22.230034,-28.390926,6.50907,-26.028683,-5.142097,-6.2493615,1.5366828,-12.872286,-13.259106,11.031202,-9.474102,-4.1522074,0.965937,-3.4840817,-3.6830308,-11.290671,258.34144595318173,0.086456298828125,0
-252.89407,158.20447,-22.399704,48.114716,-36.053555,-56.417183,-14.391952,-17.412554,7.811032,-9.089903,-10.620242,6.6413107,-14.758212,-14.230198,-8.799161,-15.722392,-9.52701,1.796431,-2.6499138,-7.08039,270.23448925086166,0.089691162109375,0
-200.41531,211.20697,-33.206978,29.616184,-1.6118019,2.0457494,17.11258,-19.950603,2.4741554,1.4767772,-12.839714,-5.5879045,-6.6826096,-5.9878054,-8.582721,-1.5453756,-2.2059846,-6.9795313,-1.0654666,-9.621513,137.3402054970031,0.03961181640625,1
-226.08063,88.98139,-67.00963,56.376514,-33.564053,-34.6655,1.102606,-9.555447,5.774371,-25.282019,-15.824274,-10.571337,-20.16537,-6.483479,-16.35856,-21.209791,-20.157625,-4.81386,3.9343846,3.3782852,406.7818537905953,0.125823974609375,0
-198.13518,125.73071,-51.69211,58.196095,-58.171524,-16.874405,-1.9514965,-43.124752,-1.7054384,-23.677813,-17.288685,-8.226385,-6.9363093,1.2680914,-11.122889,-0.3264219,-2.8344793,-7.3354406,-4.3289795,-9.714118,299.92248809729523,0.11322021484375,0
-210.2815,159.6438,-39.353607,50.892124,-11.595889,-17.135284,2.6426907,-16.618664,11.080975,7.2514815,3.8509579,-5.071748,-9.038574,0.3715105,-9.051789,-1.4078041,-8.460795,-7.657951,5.435851,-5.864044,304.2618301254236,0.064178466796875,0
-231.36633,101.51154,-12.108225,109.122086,-15.882269,1.1347575,-5.6456137,-24.726332,6.689692,-16.455185,6.8601146,-9.756703,-12.993814,6.0335217,-11.193992,-0.12089366,1.5122324,-5.3354793,4.2847986,1.0801439,0.0,0.154693603515625,1
-223.85797,119.536224,-3.04201,81.99329,-48.35055,-27.397564,19.071175,-28.015587,-7.78841,-9.548727,-8.98093,-12.197666,-12.031584,0.11497849,-12.8456135,-1.1321795,-6.3598175,-18.548634,-8.721344,-11.274803,307.65644647551085,0.085052490234375,0
-222.73547,149.33755,-51.716908,20.92244,-43.801323,-43.782684,-0.98989534,-22.11528,-7.86295,-14.242777,-10.392069,-0.46727228,-10.010032,-9.49255,-24.568274,-14.233755,3.2591558,-8.267444,-10.093951,-7.950001,341.1683295755847,0.06884765625,0
-169.188,183.56366,-34.399433,59.35409,9.416581,-9.710956,22.509102,2.1592617,7.334944,0.19035101,0.4417193,4.285936,0.0066284835,7.376485,2.844068,4.344532,6.759552,2.077429,3.2415228,4.8340178,73.5348683852497,0.04229736328125,1
-185.01924,136.39078,-64.76083,41.015625,-9.167258,-5.5496874,-6.577211,-26.743496,14.316929,-14.8221,-15.29381,6.286969,-9.33989,-12.929432,-15.279127,-9.113769,-8.301934,-6.3581147,6.1337757,14.313745,407.8500151408262,0.0533447265625,0
-193.34715,161.16498,-40.003693,56.308792,-7.325901,-24.432188,1.3702998,-27.946598,-2.8601298,2.7467582,-2.9120846,1.016489,-3.9678755,-4.3476763,-9.049599,2.547431,-0.5775422,-2.8723068,13.007744,-0.14717746,331.4026419555665,0.051055908203125,0
-202.47858,179.46333,-38.555622,47.286434,-9.214137,11.655142,-6.634386,-31.91995,18.29147,-8.689358,-2.0018475,-5.0309243,-15.742161,3.8950572,-16.173107,-10.896759,-3.9779384,-8.399931,0.47871765,-1.8006175,166.45295119410312,0.034393310546875,1
-210.2115,158.76941,0.7473725,42.326847,-1.6309023,-24.62283,-14.86383,-17.508688,-11.14534,-15.667358,-3.7830281,-4.472171,-2.980698,5.0411367,-3.0487835,4.0965796,-0.7485056,-6.7578754,-0.91520864,-5.0411406,297.181771861586,0.04559326171875,1
-195.34007,204.12357,-31.843147,37.82386,10.429022,0.51885575,25.236492,6.0910597,3.251038,-8.169527,-1.3556707,3.9698539,-2.6705725,5.305068,-1.3816977,-3.8816013,0.42352444,3.8427148,8.10247,5.7711926,0.0,0.033843994140625,1
-280.769,92.22145,1.8667245,111.21332,-34.43461,-54.99818,-11.791932,-11.948761,6.8583946,-27.13292,-4.5978665,5.5347376,-13.018639,-5.9965005,-16.382809,-3.6844425,-12.589287,-21.603128,-3.9031496,-10.874124,287.63074867255386,0.140777587890625,0
-306.29724,196.99072,20.184937,36.53511,-8.694283,-5.286338,-5.949046,-37.45226,-15.422932,-8.830471,4.426425,1.5778625,-16.611221,5.2494106,1.3008776,-9.527288,-0.66405725,-5.713051,-7.785323,-5.4172573,147.1477155105872,0.037628173828125,1
-193.26831,148.10559,-77.07062,14.666894,-44.93614,-35.289948,-5.443099,-13.639764,25.207977,-8.588191,-26.42809,-2.5443277,-7.840823,-18.156713,-12.592586,7.0962877,-1.6688108,-7.609211,-0.43239808,-7.366128,233.42592957214816,0.083251953125,0
-304.604,152.2946,-6.0524282,36.039116,-19.832237,-21.902699,-21.834831,-25.049974,11.1954775,-13.325279,-22.813213,-8.599224,-11.0229,-12.718538,-12.600828,-8.686459,-13.012825,-12.6527195,-15.962561,-14.407099,330.6710507399926,0.05047607421875,0
-245.42197,187.18927,36.252445,39.019463,-12.834743,-24.279648,-9.178766,-15.10247,6.8339443,-3.592247,-22.727922,-5.539097,-2.0265708,-16.866455,-11.537956,0.99336624,-5.9522147,0.31529504,6.5710726,-4.0034456,0.0,0.04205322265625,0
-257.81372,157.50949,8.5101,19.251266,3.6158428,-9.716668,8.909043,-2.754705,-18.362246,-25.375013,-23.43722,-15.049761,-8.87292,-6.7913094,-19.345736,-12.912775,2.1927938,-9.372499,-4.335336,3.6392472,159.32506353627457,0.02838134765625,1
-208.79414,146.04517,-44.858093,7.9623375,-33.431564,-5.0054703,5.2720027,-10.703212,17.546614,-8.420407,-7.3857136,-0.79001355,-2.7858386,2.605275,-15.389051,-1.6092924,-5.521758,-16.799225,7.3853016,12.452518,417.1229711534296,0.0682373046875,0
-290.3246,136.21838,13.761188,29.074493,-9.386339,-19.813555,-14.038065,-27.335636,-12.814406,-6.807457,-7.259054,-10.815846,-10.129203,-2.2822282,-2.9136286,6.102685,-2.4919622,-15.927866,-1.3051461,-2.6929307,297.5604654559725,0.053375244140625,0
-259.03876,111.66835,-41.51126,37.049458,-17.0951,-37.01523,-0.55539674,-1.34811,-2.5169601,-13.873901,-6.283276,-10.641969,-14.828919,-3.9754536,-13.276268,-10.215998,-8.698742,-6.3697405,-1.4529598,-14.251867,343.21277554437023,0.09954833984375,0
-277.52463,168.04672,26.449911,50.015038,-10.721125,-17.724764,-4.154779,-27.756172,-16.62474,-22.015629,-14.732769,-2.9700007,-10.530062,-0.9305639,-3.3813002,-4.7054324,1.9869847,-1.7484121,-2.830597,-5.9332466,234.0556886851796,0.037689208984375,1
-219.00104,168.24747,-74.66255,45.23826,-20.462822,-13.871028,0.6670046,-45.713882,-11.552344,-12.127754,-13.293652,-2.0477955,-4.7335467,-6.671606,-16.087452,-11.849913,-13.544733,-10.250107,-7.4934363,-13.246093,187.8110632365648,0.10162353515625,1
-247.77821,110.68352,8.045917,95.91027,-35.223633,-41.56646,11.707085,-20.969095,-21.012733,-16.754578,-1.805999,-3.9038665,-10.087653,0.62918305,5.301256,0.19437368,-9.447331,2.609098,-4.4120398,-6.918852,288.1738903438538,0.09442138671875,0
-238.43971,178.45078,-13.478545,42.296837,-10.926269,-4.135935,-5.1286583,-37.054306,-4.8531184,-11.169353,-11.988633,-9.814217,-5.3394575,6.7846303,-16.54426,-4.4007072,-1.8957982,-18.117651,3.452369,-4.206088,207.22906983814624,0.033660888671875,1
-169.81764,138.29927,-83.11252,75.00835,-14.662865,-10.922045,-7.59849,-20.330517,20.510025,-27.717167,0.49118465,13.9647,-15.292281,5.8812065,-1.6823792,-5.2584944,-5.5173907,-5.3317842,2.0796647,-3.263571,282.87289495809466,0.196197509765625,0
-199.3382,182.65167,-49.058453,60.169575,-13.3706875,-21.85479,-16.403816,-44.589928,1.7875834,-8.616793,-13.595274,-4.0735245,-2.5265772,4.489628,-21.519197,-18.84189,-4.6112127,-16.022095,-16.679573,-10.676419,123.18562142875592,0.06097412109375,1
-198.18246,144.2211,-14.017668,73.35571,-26.917957,-19.207275,3.3175154,-2.115179,17.231773,-17.111311,-9.634975,-3.502301,-7.3395247,-5.7487974,-9.579956,0.7688278,-10.72602,-9.463438,-3.0856204,-11.454346,269.4439968634373,0.086151123046875,0
-216.59686,132.20544,-55.27744,62.54431,-51.868538,-31.777393,-4.470845,-29.926325,6.910247,-19.445852,-10.565221,-6.4663563,-11.597578,-2.6687565,-15.424999,1.3083469,-3.725013,-6.096574,-0.994355,-14.176462,246.6096146461989,0.12933349609375,0
-194.48917,157.25377,-30.089178,35.744305,3.8093297,-3.9095793,8.882122,-6.5398493,8.016263,-2.2603478,4.593013,1.0203967,-14.931229,2.8087945,-6.895443,-5.0876803,6.4540296,-6.729076,0.6153903,-1.9591162,169.86834313204884,0.04522705078125,1
-221.58975,175.91882,-95.43712,43.13895,-24.258253,-36.506012,17.239174,-22.888672,-8.713724,-13.001286,-13.803548,0.81401604,-11.683366,3.2220793,-1.397151,-8.923339,0.564134,-6.431336,-7.170355,-6.2551923,205.84383175231807,0.08612060546875,1
-214.8739,163.28012,-39.945457,49.7718,-7.791298,-1.9590788,9.387198,-13.772318,24.565193,6.4041457,-9.053419,12.106147,10.662635,-14.207931,-12.053882,10.468308,-6.9440165,-4.606578,5.434186,-0.49431133,303.5219880666265,0.04779052734375,0
-222.14044,172.88199,-42.761982,30.221708,-54.72557,-2.1176991,9.429704,-35.446632,-3.2609906,3.801474,7.2453203,-17.864346,-0.56491446,1.8157258,-21.630611,6.2459955,-15.025795,-28.650234,-13.055023,-12.391878,136.45997473858105,0.09442138671875,1
-247.45583,172.18283,-64.545364,20.520195,-2.5577898,-34.919636,-35.97892,-22.65038,1.686295,-16.49242,-0.6394625,0.21579729,-13.354711,-3.9109602,-19.498234,-7.489024,0.6589352,-18.222385,-0.7643523,-2.2864344,255.2142643145187,0.073333740234375,0
-248.21559,146.92892,-43.111496,7.5018992,-29.503723,-28.893234,-7.4009123,-25.641937,-2.568846,-9.262686,-23.432316,-9.113784,-0.6928189,-10.260338,-26.518614,-7.6451597,0.9693133,-16.148205,-9.9868355,-1.3850595,377.9592008073766,0.064666748046875,0
-311.21576,122.479004,17.111683,43.01953,0.5815171,-20.020594,-21.00748,-23.849205,-3.1212401,-17.08112,-11.111536,5.7373447,-7.847864,-2.656116,-0.64671564,-6.5831943,-4.983492,-8.739935,-7.8352194,-8.231023,328.84568961376743,0.0570068359375,0
-260.24905,113.95059,-25.769724,72.44003,8.27528,-31.669434,-3.5456305,-20.688774,-11.4909725,-11.75705,-12.481517,5.7205696,4.138723,-0.67557245,-3.3045864,0.7017032,5.9913425,-1.530764,-3.8152618,-1.1866981,0.0,0.101226806640625,1
-203.54335,160.25931,-33.389565,43.361,-6.9502635,-23.815506,11.964029,-24.810875,-22.41325,-14.59269,-15.184394,-4.3495007,-14.295577,-9.706472,-7.27497,-20.299799,-16.646812,-10.247681,-12.335033,-9.686318,156.71134038325565,0.053375244140625,1
-136.61304,181.39175,-43.50011,16.087317,-32.86324,-4.9194145,2.6337807,-23.917156,9.105012,-10.743154,-7.624056,-6.6210136,-18.30947,3.8297043,-0.6593337,-5.247188,-5.483614,-6.001828,-6.5435886,-14.764619,663.9131675411854,0.074554443359375,1
-249.2643,129.7593,-28.62513,46.34977,-16.398674,-40.48486,-16.631124,-1.4422982,-3.4988377,-12.750828,2.8735642,-5.4585886,-5.1188307,-7.281738,-9.397869,-7.666367,-20.507622,-12.64933,-8.467611,-1.271364,366.7050133723288,0.07513427734375,0
-273.2961,114.92597,-45.13111,45.075943,-9.423929,-19.870762,-20.237461,-38.73434,6.651369,-10.345297,-18.646292,-0.24615693,-5.257142,-5.784591,-12.911706,-2.7184992,0.25004655,1.7105889,13.861256,8.888069,435.4835678191192,0.06298828125,0
-252.16821,170.56938,21.003458,66.94121,21.064522,-2.2531445,7.998657,-10.848009,-8.014418,-15.339244,-13.651176,-15.6710825,-16.989304,5.273876,-9.825696,-16.401438,-0.79286706,-8.700656,-1.3471731,1.1306813,146.20652206554735,0.025421142578125,1
-194.5929,165.8339,-30.012249,62.77277,-26.403727,-46.482334,-7.5920763,-20.146687,-9.888128,-21.16223,-14.272942,-2.2451754,1.4990613,-0.4755838,-15.378809,-6.3301973,-10.265394,-15.057121,-5.832593,-9.6580925,326.0028932641006,0.07073974609375,0
-207.43904,151.82578,-10.694506,79.33487,-3.8740664,-13.944469,-2.760851,-19.563663,8.523307,-6.0710526,-5.54171,-8.669958,-6.990221,10.984087,-8.467223,-7.9551334,0.71815085,-4.528671,-1.1209977,-8.2577305,184.77179376196617,0.070556640625,1
-198.1839,112.5821,-45.27642,103.74509,-31.79347,-9.346887,-15.757032,-19.51012,6.3352823,-45.743576,-3.8470933,-13.921305,-19.699127,0.14435434,-20.771385,-1.2455499,-7.8407383,-16.247505,-6.249357,-10.258293,161.8285801233245,0.163177490234375,1
-221.53207,136.93341,-34.15864,55.437492,-9.21465,-47.15932,-25.98743,-21.064,-32.0598,-36.97287,-9.400524,-9.65066,-6.3191776,-7.2980523,-17.784939,-4.430628,-4.5316224,-12.826635,-12.332203,-12.136251,266.6107490229031,0.0667724609375,0
-188.38028,159.48608,-78.73448,43.221703,-14.060894,-28.498554,-7.5822306,-14.9134865,14.7725725,-11.395187,-10.476767,-1.0367314,-14.764011,-10.575174,-7.7533197,-0.9362367,-10.914883,0.1285646,15.730238,5.6989317,415.0828179924718,0.0821533203125,0
-194.84633,168.18738,-38.88878,63.87371,-4.3870306,-0.74325025,-24.238293,-55.73814,3.341465,-15.151674,-7.7537785,-5.0918,-2.8102403,21.993193,-21.07079,-12.667276,-1.4448211,-36.29296,-23.317585,-9.587644,171.68493408412692,0.050567626953125,1
-247.83276,167.94824,-1.9245917,51.197968,-16.005459,-22.236126,-20.90762,-31.749142,11.005589,-13.462502,-25.233402,-5.7550993,-11.574692,-9.116697,-7.5199804,-12.134626,-17.895535,-13.367533,-7.3852158,-7.974003,268.2584250874468,0.03863525390625,0
-183.64569,140.00682,-42.758347,29.181908,-26.38758,-9.605452,3.5129762,-11.734497,18.492228,-16.82297,-23.765825,-16.449127,-19.110075,-1.8893659,-16.570248,-13.160989,-1.2312744,-1.4251875,1.2656629,-6.172183,336.81882415268103,0.060546875,0
-217.24962,192.66055,-41.551895,56.488396,5.176571,-1.3708673,24.043789,-8.674651,10.033657,-1.3415745,-5.205685,7.6513624,1.2296786,10.4232,1.4197068,-3.5514185,6.8163533,4.6277637,2.8046794,5.7761517,75.38532219982453,0.03228759765625,1
-219.90353,183.13441,-36.521385,47.957447,-26.556566,-16.458649,10.836737,-26.0331,-0.8561487,-14.201912,-13.612886,2.9191298,-5.3875127,4.6686416,-2.996411,-15.908953,-6.318158,-0.51111174,-11.262075,-7.483136,194.38857804537653,0.047210693359375,1
-308.7552,170.44,33.870163,30.181578,-1.8192663,-29.407797,-14.6036625,-16.988426,-14.629906,-4.824073,-10.126968,-8.267248,2.9595919,0.1346761,-11.89378,-8.755186,-2.935668,-7.9137,-8.807237,-11.233172,318.3028202606881,0.03466796875,0
-312.71304,171.30905,46.75383,23.34276,-4.288583,-6.69716,11.095834,-11.373866,-12.602435,11.121588,0.13140446,-11.7599745,-3.6447906,-5.386243,-13.057983,-10.470797,-4.711528,-7.8810334,-11.092061,-5.154334,185.8817272662573,0.016021728515625,1
-273.61102,133.00339,-1.0669668,19.458225,1.820842,-31.810307,-27.116734,-7.9806476,11.713867,-13.31702,-23.76482,-2.767537,-19.413815,-22.946812,-5.966093,-13.35308,-12.004785,-6.176996,-5.6115127,4.948774,368.9805690138457,0.044586181640625,0
-227.27203,186.35516,-62.176304,69.282745,-12.505154,-6.075304,16.306011,-24.485188,6.444812,-5.4549837,1.359652,-2.7458105,-23.091059,4.609849,-5.0903287,-16.709753,-3.1415648,-6.7786326,-3.8518047,-1.3372674,145.02136829065964,0.079437255859375,1
-236.19983,134.49089,-7.742181,34.793327,-0.18915176,-15.492977,-19.100468,-22.499218,1.6919649,-17.99718,-17.902218,-5.3247933,-18.739265,-11.898585,-5.234755,-9.339572,-13.857541,-6.296007,2.263575,-6.5962715,374.61825829193,0.0504150390625,0
-250.84418,169.16592,-12.425463,48.92331,-26.01994,-9.456346,10.022434,-28.594572,9.5629015,6.530553,0.10591304,2.612998,-8.489149,3.770216,-8.87961,-5.4874573,2.708246,-11.250079,0.5118673,1.6535435,156.5772500231564,0.046539306640625,1
-255.1567,164.80724,-14.583124,8.057788,-26.115204,-23.266285,-5.5977926,-17.859219,-1.1861451,-4.9495625,-9.559036,-6.003859,-9.120237,-12.174274,-16.762114,-6.795732,-11.106718,-10.843719,8.191718,9.450406,384.1204612152265,0.05157470703125,0
-224.32584,154.2276,-24.443527,47.17356,-2.4283752,-13.556181,-11.867933,-14.833136,14.526739,-8.415621,-4.128601,-5.2638645,-22.369335,-7.915631,-6.68451,3.0882359,2.323127,-8.061876,-1.8779486,-4.8215623,231.6355306096038,0.13037109375,0
-248.4399,149.63309,-22.818668,77.98043,-30.56098,9.36668,1.5003394,-40.561394,10.448956,-12.7466755,1.4128276,-8.403778,-17.072016,21.481758,-4.1768637,-10.406368,4.6939497,-6.275117,-4.6410923,-2.294703,0.0,0.15533447265625,1
-280.50266,143.66664,-10.719978,47.917755,-0.24981785,-7.196562,-7.993189,-35.715225,-3.7082896,-2.8228486,-14.851299,-13.404037,-10.777027,-1.5957836,-7.1299343,-5.911831,-1.9548548,-6.549467,-4.502764,-2.7266536,210.8019209719848,0.0625,1
-265.46936,115.85353,-17.000874,121.89449,-14.776055,-16.58374,25.635668,-24.53322,-0.6380863,-20.978674,-10.785234,6.9133644,-20.571705,1.0450321,3.2936652,-6.9587336,0.47932458,-4.4422326,-0.26335967,2.7062914,157.6905436879664,0.1275634765625,1
-320.88623,94.000824,6.2625227,40.316826,0.8803703,-24.957294,-20.226694,-5.369254,14.831463,-17.252216,-12.91329,8.346559,-22.88221,-19.671959,-5.4108443,-15.200575,-6.1465445,-0.956022,-3.2875896,-0.11990299,312.83678195329924,0.14166259765625,0
-203.30074,162.29109,2.634212,45.079105,-33.835304,46.098816,6.7845125,-61.866737,-16.161171,-14.931246,7.970529,-6.739787,-5.7951984,10.828667,-12.445456,-10.208756,-5.424714,-1.2502896,-11.836511,-9.221424,143.6820781437963,0.1065673828125,1
-181.03491,171.15384,-20.317371,45.051437,-5.0719976,17.155796,2.8368573,-14.424624,11.054079,-13.315937,1.2534305,-6.5226984,-10.597797,5.998807,-13.7511215,-11.541805,-5.6938705,-6.496088,-3.2485375,-4.9233084,139.33741563428782,0.04254150390625,1
-254.7793,90.45905,-58.747963,59.59662,-27.836632,-44.12073,-10.6413,-17.829071,-19.174412,-30.685303,-8.403566,-7.0948834,-12.270376,-17.123333,-18.85967,1.8568356,-3.5814629,-11.675184,-10.968139,-14.426963,313.4800222721314,0.143524169921875,0
-232.33002,201.68066,-43.305176,22.247084,-16.047592,-6.3095465,-3.641007,-37.651344,-7.028331,-24.498852,-13.166611,0.032588243,-21.873028,2.1220303,-12.708273,-15.840977,9.746983,-14.474639,-9.793227,4.541085,159.877603050149,0.0458984375,1
-166.87837,203.03445,-77.74472,45.311127,-9.85777,7.5194798,31.499586,-38.86419,-9.314823,7.1089225,2.742365,-7.346809,-13.857031,12.467215,-3.7422628,-9.827158,3.690992,-3.6628132,0.32284713,4.051425,167.81977386396375,0.07159423828125,1
-231.41449,187.00482,-72.19275,-2.6406322,-2.1091597,13.149539,-8.973349,-42.826195,-5.923771,6.160841,17.056772,-1.0179174,-14.781395,8.41552,-6.4274697,-18.202896,-11.939932,-16.669601,-6.069039,-7.919636,207.24747737872784,0.09765625,1
-218.23651,162.72682,-49.397026,41.513973,-46.179276,-32.544746,-10.627172,-44.694016,-3.1185176,-12.700005,-14.164274,-0.4730886,-9.37718,-9.167814,-11.300913,-0.9627026,-4.0702085,-3.399844,6.737925,-3.637383,236.05120924947173,0.0677490234375,0
-230.7865,153.2218,7.882412,40.277805,7.8064537,5.082148,18.962114,-9.569252,0.34163582,4.959412,-2.0624402,0.5185638,-6.901211,-2.194373,-1.560734,-6.190215,-2.9261963,-6.3256655,-3.0722566,-0.20739575,238.4019734939244,0.02349853515625,1
-226.35944,161.49564,-43.411232,59.896076,-16.738003,-10.606058,12.362139,-63.371307,-18.054152,13.862175,-7.30497,-10.155176,-17.749546,1.072812,-2.0476642,-12.477478,-0.8593424,-9.533092,-9.133612,-3.0417898,194.5205507959711,0.045745849609375,1
-274.50156,107.245514,2.045821,27.241299,-24.534224,-11.372772,-10.08889,-23.146278,9.28944,-11.365159,-14.743253,-0.4513811,-13.199933,-9.255463,-2.6410313,3.2946224,8.036519,17.500528,20.96865,7.7060103,493.4168480096898,0.114715576171875,0
-350.81384,136.0237,22.166565,58.066338,18.34682,11.656086,15.66486,-9.3628845,-5.5439234,-20.437702,-22.665829,-13.899765,-16.3172,-9.507451,-24.3587,-23.175488,-2.5967407,-6.76353,-4.808429,0.9907881,189.04119654539187,0.038055419921875,1
-187.50507,147.59904,-17.371769,65.16879,-2.1944633,-5.4097433,12.029632,-6.7407794,10.33234,-2.8431292,2.6165617,-1.4781541,-10.251991,-1.7739027,-9.350626,-3.579955,-8.732113,-5.156782,6.022583,-3.9903579,321.73789793042647,0.04278564453125,0
-215.20683,196.04834,-29.673058,36.496986,-6.018449,-7.6904554,-4.659258,-26.365788,5.0615654,-4.4191165,6.052679,2.2728755,-18.424896,4.5389853,-12.769789,-12.972445,0.025020778,-16.840727,0.94998085,-5.7861195,146.06036933427944,0.039306640625,1
-242.55136,197.69345,-14.823204,66.328316,12.68539,-2.1393948,-5.11861,-32.02254,4.4254017,-7.170635,-19.849827,-11.741529,-1.9210615,11.849943,-9.4576845,-8.373685,2.7778933,-11.829191,-4.737908,2.5315146,0.0,0.044403076171875,1
-292.1643,163.49112,26.979801,4.780388,-39.132908,-13.147827,-4.5458517,-32.058598,-1.285932,-8.951224,-25.553574,-3.7337387,-8.124231,-11.076887,-4.1443152,-15.395626,-18.06289,-7.8097496,-12.480567,-15.435001,318.7463434905636,0.0384521484375,0
-247.13855,102.46231,-22.635525,56.59856,-47.709866,-21.709053,0.82717824,-31.05286,-2.3939195,-12.743115,-10.768366,-8.635954,-14.599514,-13.979843,-10.3712845,0.362961,-5.6792593,1.9880345,6.0638175,1.7502335,368.55836831711713,0.141998291015625,0
-222.54298,172.30978,-78.4982,53.60707,-16.92428,-41.698666,-4.9640636,-9.020796,1.1801094,-18.067867,-14.0738125,0.2193988,7.393959,-3.316873,-12.969761,-0.8595736,-10.419876,-14.633263,-11.950889,-9.025419,321.5481662961037,0.096343994140625,0
-118.58385,167.19626,-87.308754,76.37181,-16.61377,13.528881,5.2780404,-12.716604,22.756546,-25.119915,14.399944,13.972617,-0.15931237,12.902565,-9.692972,7.1020784,2.6849306,-1.8098147,5.225346,-5.9048567,283.25539148126256,0.11614990234375,0
-266.08902,132.11687,11.574806,63.80032,-11.622948,2.3141127,-4.2606473,-31.933987,-0.479075,-8.115155,-2.9526572,0.4390794,-10.0518,-8.0789795,-6.358689,-11.088311,-10.830616,-3.9696274,-18.339947,-14.755993,341.62748988774604,0.05419921875,0
-272.78015,165.39142,-14.558601,13.865641,-9.134936,-30.846842,-25.204433,-19.023005,-10.952914,-14.663536,-4.7546434,-12.675264,-11.916193,-3.2375112,-18.225578,-17.121231,-16.559383,-10.971495,-4.1859703,-12.712023,314.6912862870159,0.045013427734375,0
-262.398,173.77896,-25.843445,46.219112,-12.194763,-40.14166,-8.180146,-23.690723,-9.312441,-6.328764,-7.8665543,-2.477922,-13.514705,-10.615105,-7.2562814,-12.719326,-15.390095,-10.245968,-8.316908,-10.048529,331.2050783065469,0.043060302734375,0
-219.43742,130.27472,-48.781532,41.990032,-27.510525,-55.379612,-7.0768814,-14.795755,-28.499767,-24.894043,-5.127578,-18.166681,-18.322903,-12.248741,-30.957645,-10.539268,-7.749688,-20.063507,-8.275796,-15.811019,318.8621808065956,0.054962158203125,0
-241.0094,205.5888,-18.61354,0.9817121,2.3998272,-12.652579,-11.783389,-9.631098,1.4488273,-5.0348988,-3.805582,-1.388206,1.645896,3.7652688,-9.700572,-6.811669,-3.6283429,-5.2886686,-0.70362127,-7.243275,249.85573240733387,0.056121826171875,1
-248.69888,138.06516,-3.3027344,58.311035,6.489017,15.518042,0.021028042,-21.451275,12.884245,3.2687678,-9.241442,0.77869946,14.661887,-9.026852,-7.621648,15.768593,-6.3626666,-1.4697067,0.74950933,-4.432852,287.5179659138944,0.069793701171875,0
-212.05347,126.624565,-38.50056,69.30398,3.4964066,-31.228151,-30.794346,-31.752916,1.7088549,-23.877079,-11.374973,-3.5110211,-19.03993,3.7849648,-4.6125016,-5.8847337,1.2578144,-4.6435966,3.6686387,-2.1282697,230.7464149328807,0.063629150390625,1
-265.74326,147.07393,-14.488681,68.5332,-44.16104,-14.6172695,1.3582417,-33.314407,8.646698,-16.776608,-11.125656,-4.828809,-14.451967,-0.9452499,-15.76892,-6.422782,-6.6320276,-12.304702,-2.883828,-13.52595,124.35226916761415,0.142791748046875,0
-191.46155,187.9422,-36.75485,49.37245,8.761456,0.9222026,13.793425,0.3107509,12.335447,1.6390243,6.2622004,2.1273732,7.9760733,13.510389,-2.7180977,8.239814,5.185416,2.0871525,8.840229,2.0845275,65.617376512832,0.028564453125,1
-296.82208,114.235275,-19.481438,100.96233,-22.751957,-32.313152,6.154504,-43.347515,-10.481288,-16.178492,-21.690819,-3.8403623,-13.125164,1.5621548,-6.407108,-3.797171,12.112189,-2.555308,0.32844174,4.4502664,0.0,0.1727294921875,1
-206.78885,162.16861,-24.94133,109.42393,-26.439766,-29.57754,6.8643713,-28.970974,7.959112,-18.543594,-11.702905,4.9352326,-10.779483,2.8460617,-9.274912,0.22557688,7.191836,-9.796488,-0.31484234,1.0833043,157.11067276335925,0.065338134765625,1
-247.87671,169.88837,-33.281815,37.68736,-13.095373,-0.14519024,-9.041977,-29.886303,15.32687,-9.722717,-10.83791,-6.5243435,-10.80121,5.456411,-12.6439295,-6.9914064,-3.7520218,-8.98846,1.6745502,-7.6735907,246.6511660579963,0.04693603515625,1
-246.09442,164.33897,-9.404164,62.92223,-22.946835,10.108887,1.8564591,-23.715187,10.751951,-9.869236,-0.38048363,-5.6460075,-0.51592654,7.682435,-10.311635,1.8740808,-3.2088845,-4.9783297,4.0727305,-6.7249775,0.0,0.06939697265625,1
-257.09613,146.43106,12.037941,35.654472,3.5474687,1.1663933,8.376621,-18.182796,-3.8480015,0.6208705,-12.290962,-5.1907053,-4.544052,-14.098805,-9.094774,-2.8086214,-15.652471,-11.082506,1.1128464,-9.146572,316.7162907999456,0.03045654296875,0
-325.87415,127.94837,-28.069881,25.9118,-9.670219,-20.034174,-7.6376853,-30.382587,-7.2638173,-1.7552218,-13.722579,-9.567419,-8.943893,-3.208811,-5.0881743,-8.822718,-1.2620552,-0.6593152,-2.5551367,4.7991304,224.1972682141939,0.0736083984375,1
-248.65852,138.19048,-24.658064,47.012474,-25.399738,-38.60036,-23.379976,-13.520347,4.1874466,-25.387959,-7.996605,-2.127431,-12.645905,-9.109726,-13.425906,-6.088398,-17.423853,-10.440255,-1.479115,-18.664318,341.89750764350407,0.06549072265625,0
-274.3475,137.49402,-3.6490228,43.304047,-33.261707,-31.83893,-0.12156606,-26.996372,-14.424659,-6.6331043,-12.580688,-15.3560295,-5.9926085,-4.534561,-14.618409,-8.801251,-11.875366,-12.082802,-4.3572392,0.51953065,381.34870406652936,0.040374755859375,0
-276.9411,160.81628,3.4379506,63.80313,-32.54279,-48.20939,-10.476828,-15.410683,2.8401706,-19.24925,-19.773067,-7.1669016,-11.321565,-4.3584523,-9.944002,-8.871708,-10.068155,-8.613972,-5.8803945,-12.18359,273.2506221144347,0.057464599609375,0
-276.4237,146.61737,31.523533,68.20621,10.383026,3.3265867,13.471849,-17.572489,11.441103,7.233404,-24.042856,5.407949,12.920074,-18.110004,-5.031719,12.057113,-4.720726,-3.5057025,-3.261173,-5.5210643,319.3258034691754,0.0294189453125,0
-258.561,142.77936,11.00906,33.053017,-22.46907,-14.271941,-8.046659,-11.010829,5.376814,-16.671486,-7.4719925,-6.034732,-9.609055,-9.977982,-23.213375,-0.62698597,-5.8339396,-14.923076,-3.3393772,-13.150094,296.91367021159573,0.045135498046875,0
-221.19826,140.20082,-33.98746,42.7719,-29.828014,-37.200554,3.7567222,-12.746359,-8.091185,-8.201239,-5.268695,-4.045125,-3.5000439,-10.689583,-10.562664,-2.5745206,-19.272226,-4.2272024,-0.0010133982,-14.8614025,364.2339789270189,0.066253662109375,0
-258.07684,168.9032,20.837193,15.976036,-26.250196,21.67289,11.242895,-22.43959,12.941969,-2.7187924,-7.3469725,0.123309016,-10.164955,-7.271944,-1.4947158,-0.09696752,-9.799364,-8.025978,-7.240274,-11.536591,323.3442337171058,0.031036376953125,0
-272.82245,141.51999,0.90047455,56.144417,-28.094395,-20.381283,9.705591,-31.454174,-16.610405,-9.697523,-8.58473,-11.321526,-14.718393,-0.65190893,-7.692935,-8.221687,-6.581442,-8.840508,-5.279726,-9.675957,280.9488523588668,0.059295654296875,0
-176.09366,175.16006,-67.57704,17.45015,-40.346046,-28.9306,1.6815066,-36.230896,5.432231,0.277503,-7.526339,15.201863,-5.8687706,-4.0977297,-3.4388778,-10.489138,-2.6159928,-8.457791,-9.533194,-7.8780093,150.1071736719394,0.093414306640625,1
-147.48444,163.1291,-77.554504,58.565136,-21.79986,1.4894376,-13.176005,-27.736101,23.665417,-19.301296,-2.9539645,3.9130514,-2.4834738,0.41244632,-18.736572,0.4370406,-0.13207483,0.41751564,-1.034684,-15.03014,291.7967016367623,0.137664794921875,0
-245.0838,152.93585,-22.798359,14.392591,-20.579605,-9.603201,-8.40388,-23.618666,11.043772,-10.457308,-16.513378,5.088513,-7.8913646,-16.962345,-13.495638,-5.9214063,-13.265824,-15.860069,-6.1513524,-8.959805,346.269329195401,0.041290283203125,0
-284.58893,140.63889,4.8442717,51.34346,-0.71338403,-33.65599,-23.601135,-22.476183,-1.7231221,-13.778879,-15.002424,2.8277514,-1.0489119,-0.77027273,-2.0191267,-5.4933147,-6.315417,-9.406035,-9.924824,-11.86597,311.0317103642823,0.043731689453125,0
-263.36597,169.26486,-1.1067902,-12.214043,8.374109,9.584778,-16.34771,-27.364075,-4.7438188,-1.5919461,-6.7354684,-3.4218845,-1.2333491,-7.5178895,-15.556165,-10.2047825,-11.260623,-9.905796,-3.9420815,-12.269684,329.0730242121688,0.0341796875,0
-237.27658,159.49088,-16.666332,9.011223,-13.790502,-14.164858,-2.7229931,-17.777288,-6.724032,-15.646675,-14.44252,-3.1402938,-15.425102,-14.985914,-11.793514,-15.092966,-14.583342,-9.8783,-2.9106526,5.7571297,367.11507395195,0.03662109375,0
-226.23438,136.12268,-23.692646,52.592293,9.103032,-1.3803662,9.049831,-7.6514254,13.777944,0.3409114,-1.3624165,4.922862,-6.986975,-4.272567,-7.6297507,-3.1251893,-2.2107627,-2.889513,2.8988242,-4.4444942,331.07502749447286,0.042816162109375,0
-326.12485,144.91547,23.000359,-11.819935,-8.683574,-9.7180395,-9.6567135,-14.322819,-24.468283,-25.307047,-16.678888,-9.428862,-9.18437,-12.788624,-12.3605995,-9.540488,-10.140774,-9.354401,-7.5233912,-9.870289,264.485979437684,0.06927490234375,0
-171.71744,140.13655,-99.32325,53.014977,-40.801647,-20.069584,2.0310493,-4.4505982,23.46057,-15.048554,-10.773706,-11.083989,5.996896,-7.5343895,-23.899181,12.501256,-12.835051,-9.390156,1.6941292,-9.708685,311.5274075259836,0.12274169921875,0
-287.07812,133.08531,19.813274,33.09862,10.32799,-1.3234844,-13.876324,-18.60231,-1.5439534,-16.583298,-7.943182,1.3081203,-16.247414,-8.349038,-4.9250903,-13.841711,-18.7864,-23.683334,-19.52504,-14.063295,154.89151805302083,0.039520263671875,1
-192.69823,136.46036,-66.73512,32.252274,-44.280212,-41.645454,-5.748497,-26.411243,4.809887,-7.406499,-16.833078,-7.8041353,-7.03751,-8.221858,-16.146908,-0.38500816,-5.351375,-9.763346,0.008369088,-9.150161,348.0144951674829,0.075469970703125,0
-294.1762,146.99637,16.41131,49.45558,-1.5983912,-35.032856,-11.299528,-12.548893,-0.61026967,-1.0565548,-10.694185,-7.5081005,-14.548588,-14.500902,-7.4427934,-2.9078605,-4.8616734,-10.835151,-6.443635,-9.432526,348.3845986420904,0.03125,0
-197.14067,108.53673,-37.31411,72.454216,-21.567368,-9.332046,14.495831,-24.30779,9.023956,-6.297818,-10.9923935,-1.5628453,-9.708119,-6.034198,-10.387074,-4.0207024,-10.695215,-10.306166,-2.8389268,-12.760399,330.0928512713845,0.1044921875,0
-269.81827,115.9796,-24.646984,62.023594,-17.47062,-23.18331,3.4849849,-16.515684,2.8231244,-5.8543997,-7.4577236,-2.501389,-5.7719297,-6.6188183,-9.726601,-7.031806,-14.939127,-8.109193,5.705754,17.351137,411.168181742315,0.04962158203125,0
-264.75253,163.27794,2.6524243,38.79808,6.491474,-3.5381188,9.845552,-4.304425,2.2411175,1.4487764,5.3699293,-2.3315897,-4.7581477,14.6574745,1.4462419,-3.6224682,5.727269,-5.0930014,-3.1523879,2.2305505,150.27781455822566,0.02593994140625,1
-204.10614,176.88419,-26.290298,57.431904,-15.505764,-5.6366076,24.830166,-39.7956,-3.7754946,7.265833,-8.673557,4.048213,-11.63731,6.6274476,2.485084,-14.682992,6.215679,-5.850024,-3.982798,4.4663215,158.42389558880532,0.0345458984375,1
-291.63116,138.75331,-12.666155,44.759857,1.9657192,-3.8843417,-14.999767,-21.527447,20.165585,-23.423038,-26.630898,13.07517,-4.229417,-12.869297,-17.999594,-9.417367,-3.6478446,-10.362009,10.712568,5.6434855,325.84379382009206,0.052490234375,0
-248.87086,135.70743,-18.288683,63.3917,-29.33965,-34.870403,-23.380596,-10.037261,15.858631,-22.162857,-6.839944,-5.446286,-10.894178,-12.683926,-23.173492,-1.8919892,-13.055843,-12.5758,-5.101955,-11.646778,313.35375593428705,0.070556640625,0
-188.51526,199.35751,-16.54179,45.60182,-14.270726,-5.624504,21.197384,-7.846373,-2.1037002,-4.1241074,4.894614,2.7158136,1.1472082,8.526752,-0.42539853,-3.2508192,-7.692146,-2.3591952,-1.8820206,-6.1158047,144.29507018312182,0.0618896484375,1
-240.02364,144.9398,-32.340008,45.695023,-4.0190697,-9.119717,-4.9591064,-20.742191,3.4556096,-19.574673,-2.780804,12.789793,-5.165824,5.767331,-7.0340443,-7.11436,1.0658897,-5.0957656,4.846304,-3.5153139,349.64504044401446,0.082672119140625,0
-283.57355,136.04901,-26.090492,24.662785,15.260698,-36.09697,-36.549587,-29.579975,-3.4097722,1.3806705,-18.756687,-5.937016,5.3536663,-7.569504,-12.463486,-11.227509,-16.791431,-14.912195,-7.2579093,-14.508682,368.19789302723206,0.052734375,0
-194.1985,163.51688,-57.060646,31.080912,-20.470203,-9.410729,7.209842,-37.596478,-2.283154,7.5833673,-11.002107,-7.4599843,5.3052077,1.412229,-11.239117,-0.37672162,-7.5623155,-19.275652,-18.089542,-18.914005,125.09837050071998,0.084716796875,1
-222.9187,187.49878,-22.61363,69.426414,-5.925289,2.4755116,20.91079,-26.657429,0.46097487,-7.783895,-10.004308,-3.112685,-9.112496,3.9294627,-6.986389,2.5571811,7.790558,-9.136227,-0.8967025,-4.7730827,141.02428348377467,0.033599853515625,1
-272.28656,139.80649,-23.320879,41.973495,-7.469571,-30.00317,-9.363619,-30.601793,-18.023163,-15.48129,-4.4239874,5.881674,-11.467239,3.1322904,-0.81561697,-15.630063,5.640469,4.6265664,-2.8379693,4.425575,237.38621792427745,0.04364013671875,1
-189.7619,108.21709,-49.933983,76.57531,-21.720327,-19.777618,-15.030308,-21.73271,17.417309,-28.911041,-10.321999,8.607368,-9.738721,-5.391773,-15.338941,-6.595965,-10.230786,-10.602869,3.3175464,0.46673965,417.4700700787106,0.174835205078125,0
-276.43365,134.3689,25.71515,53.826263,-25.149353,-17.710264,-6.487394,-24.250776,5.3628106,-8.9867,-18.663912,-11.591462,-9.066622,-5.552136,-12.9429035,-12.785983,-17.4877,-6.055903,3.2781017,-14.284977,290.7320281310388,0.046966552734375,0
-242.27757,144.271,-32.30242,50.912983,-38.34961,-19.91056,3.7812817,-16.390526,0.8423588,-21.666151,-1.1859014,-0.26102686,-13.699732,-8.930188,-17.289402,-0.44778442,-9.353494,-13.346725,0.2898258,-9.751558,285.7469068882604,0.063385009765625,0
-242.9912,179.73929,-23.919802,7.234362,-7.2728605,-21.577316,-6.408543,-27.698847,-22.186264,-4.626336,-5.067748,-10.940773,-12.925961,-7.7716026,-4.5412316,-2.9385262,-10.136091,-13.363184,-9.087522,-11.518007,293.7658720242927,0.052703857421875,0
-255.87152,172.64844,-34.425377,9.357906,-10.420522,-29.741756,-17.59966,-17.615963,-4.2086506,-15.9065,-12.072817,-0.6159984,-12.269837,-8.545393,-4.3448153,-10.938171,-16.90435,-13.851306,-9.050724,-5.5888553,382.094036714726,0.04888916015625,0
-236.44217,140.96712,-86.388214,30.758877,-51.431942,-33.148155,4.540224,-27.389914,6.851633,-24.324234,-23.664925,7.97576,-8.089115,-8.60477,-10.158228,-2.378696,-1.4571782,-7.35133,2.711085,-2.630345,304.89685063815625,0.090576171875,0
-247.26544,168.57239,-14.516455,24.263554,-6.708669,26.38239,-5.357465,-26.989784,14.310048,-2.437223,-6.880393,2.0015647,12.687762,-6.0273056,-13.072637,1.7246209,-13.71233,1.2494681,-1.7206271,-11.830969,294.8415174254041,0.06036376953125,0
-265.16125,139.04083,21.910212,33.31911,-24.836569,-25.253246,9.164723,-22.823172,-11.620312,7.249262,-16.377373,-15.705307,-4.521653,-11.094677,-10.486877,-2.3053756,-8.525613,-12.971577,-6.951304,-6.6412625,367.72374372887487,0.03948974609375,0
-232.99033,156.2529,-21.380947,16.21846,-12.219604,-6.6325517,-4.543575,-24.04435,-2.9956596,-16.00606,-20.405525,-13.348088,-20.922724,-15.706387,-17.99208,-14.782082,-8.321897,-11.021183,-7.2265096,-7.5147076,308.12939730252594,0.043975830078125,0
-219.3285,114.62576,-25.164425,61.61141,-6.3634157,-6.4356575,17.013306,-17.386074,0.24588466,-5.6493125,-6.687663,2.315948,-3.3998613,-2.3947978,-10.542992,-4.6033955,-2.175488,0.0802501,16.302307,16.874638,429.3589346197636,0.057952880859375,0
-283.5849,150.56133,4.5555935,25.85489,7.5042167,-42.13041,-26.863075,-5.322104,-11.555477,-18.167122,-6.702932,3.619083,-11.415928,-25.005726,-13.485993,-9.220141,-19.541052,-7.819663,0.8074707,-14.4639225,296.87863712420386,0.03228759765625,0
-160.97467,169.73741,-85.88469,57.122326,6.6439857,-33.58194,-0.070828795,-5.6506805,-1.5837373,-19.927214,-4.717224,-0.44858897,-19.749737,-5.5828123,-2.4599507,-1.7515177,0.82186544,2.089497,-1.3184249,-8.778987,290.8717154433729,0.1397705078125,0
-232.02888,163.40448,-35.852005,6.780352,-33.755722,-20.016233,-9.95277,-32.945305,-21.435051,-22.706102,-2.9978445,-2.6251278,-5.131401,2.1365247,-11.417057,-2.6289186,-2.3916876,-5.4683905,-1.8284261,-9.99979,241.4714285265689,0.05279541015625,0
-224.18242,157.58234,-55.50306,15.380227,-34.387596,-12.071719,-14.281024,-31.19401,9.208816,-15.745232,-17.035862,-13.112269,-12.839239,-3.1530433,-11.577225,1.5398028,1.899373,-0.96387655,-3.6059365,-8.976616,254.6833161152443,0.06402587890625,0
-259.03378,148.49829,-23.691284,72.28258,-12.867802,-49.885864,4.6386847,-28.022182,-23.944405,-2.889266,-13.493132,-12.48467,-11.149813,-9.597874,-5.614417,-6.2690516,-6.830683,-1.3743455,-5.8145943,-11.273121,292.3266148590315,0.10235595703125,0
-257.05942,143.57117,-53.48809,72.55594,5.1148067,-8.874596,-11.696678,-22.0634,17.006706,-14.921661,-10.08572,-1.6050427,-12.564617,1.3375789,-8.348335,-8.581287,-4.444703,-7.4706693,-6.6411524,-6.606837,191.2912269147171,0.082244873046875,1
-143.72585,200.1054,-47.89237,9.372161,-11.079739,5.3768563,19.161665,-16.17625,14.667896,8.180532,-9.291821,7.4708424,1.8273418,-4.432618,-3.0019307,2.6775765,-0.05095792,-5.3179474,1.7033834,-3.6289163,130.19175328120738,0.053558349609375,1
-232.43185,140.16298,6.3529425,43.326797,-38.196228,-14.040182,2.7982106,-29.980114,0.41282892,-8.026179,-16.702219,-10.458109,-9.412621,-8.7673435,-13.831362,-0.2598306,-3.2126803,-2.0685992,10.752872,4.414919,355.7592640011544,0.053497314453125,0
-284.91034,154.99228,6.063427,31.069218,17.028862,6.068681,10.376402,6.5749516,24.47496,6.2120667,-9.395874,15.035362,15.130158,-1.7932688,-4.601493,0.16862929,1.9180233,3.2406025,8.892782,13.805453,425.02047667792414,0.025390625,0
-232.52443,194.99481,-39.890457,19.436115,13.8643055,-54.395744,-36.255127,-16.8777,-19.26094,-20.983547,-25.860453,-25.68229,-13.888575,-5.788759,-20.37725,-15.618216,3.608368,-11.599937,-17.480663,-5.3917904,163.4848575770293,0.043792724609375,1
-279.2637,173.54611,-2.0335102,54.2014,-7.3031635,-11.716856,-0.21160668,-15.256978,-11.905711,-11.649158,5.823592,-15.982933,-8.076471,7.9832892,-21.035439,-1.6713982,2.6112113,-14.795085,1.2294049,-4.134385,152.8687671169172,0.07952880859375,1
-218.53497,195.70413,-28.132126,50.87315,-24.40949,-16.21896,20.939528,-26.70702,-3.003687,-4.735277,-15.976347,-2.015281,-8.114271,-3.5755816,-6.935734,-4.034799,-2.3952017,-10.155527,-0.5861027,-6.4460306,136.73644539450194,0.039154052734375,1
-232.99844,164.80035,-65.77872,64.747375,-17.61219,-13.475794,-2.8539171,-17.985142,16.280386,-16.859468,-1.5773889,0.59763294,-9.53845,4.97461,-10.972254,-1.5912364,-3.7927299,-5.874506,5.0540943,-0.7912772,0.0,0.10882568359375,0
-235.20886,132.64166,-65.73636,53.141518,-16.169104,10.435622,1.4217076,-18.837227,25.378025,-22.964386,5.217244,13.983095,-15.653469,12.316364,-6.125671,-7.1206336,4.4118557,-2.0675964,-0.56778914,-14.388592,357.4351971815141,0.1287841796875,0
-172.37555,154.36746,-45.87816,54.038635,-37.04514,-21.84539,-3.6135426,-19.038296,20.542767,-14.320136,-15.308174,-3.120185,-11.145879,-8.6900835,-11.366692,2.0418086,-7.4189925,-7.7347183,3.4158998,-7.5180454,282.3125395286699,0.134185791015625,0
-270.30795,120.10505,-17.965118,34.331657,-12.462414,-24.831306,-12.919489,-19.37604,1.6770387,-13.4166565,-15.356882,0.086378574,-8.265488,-15.611812,-12.628589,1.2533063,2.0299742,11.258011,22.797592,3.239737,466.0451508725639,0.07080078125,0
-252.10114,174.38817,-25.609203,25.86773,-11.711639,-26.253063,-13.554894,-25.408047,-10.2050295,-24.430265,-17.242428,-7.598379,-16.99667,-0.17639565,-12.772863,-12.149366,2.3168182,-19.133068,-5.0534325,9.491169,185.2141680874974,0.050079345703125,1
-238.82826,154.6608,-41.236397,48.908245,-26.497322,-29.88496,-4.375201,-14.912001,13.594,-8.407296,-14.689678,-6.7464037,-4.022446,-2.4880648,-11.35668,0.5121313,-6.603597,-7.067931,4.2175627,-6.799915,286.58915645752694,0.06787109375,0
-233.65985,175.89276,-5.847547,55.180145,-17.728575,-30.85014,0.35088244,-37.18238,-16.67439,-5.1324835,-15.575929,-12.450625,-20.963385,-14.446688,-12.382429,-8.097947,3.2404604,-10.451689,-16.851463,-4.2721844,141.88609568136047,0.03558349609375,1
-262.4442,132.60016,4.8170133,48.597237,-17.674,-9.252883,-3.7741199,-30.493721,-8.587189,-12.501349,-10.46225,-19.430317,-21.974861,-12.036766,-19.688538,-4.4457655,-5.1665273,-9.856996,-2.2881696,-6.624443,371.57197594037245,0.089385986328125,0
-233.56789,125.60754,-38.951466,32.62937,-31.540323,-26.714272,-2.294699,-17.744251,-4.253459,-15.156163,-5.5938435,-6.2671146,-13.2068405,-7.791157,-12.282234,-5.18167,-12.333498,-12.373194,-2.8924928,-4.8870573,335.90365644873947,0.117645263671875,0
-227.66835,125.24346,-46.827232,64.629776,-25.389439,-31.766424,-2.412158,-34.976974,4.667325,-7.542653,-22.362562,-16.98648,-13.216245,14.5308695,-10.306199,-12.929749,9.75767,-7.7047787,-4.4793444,1.1121421,183.0386036865803,0.131591796875,1
-237.70306,149.79837,-36.516914,70.9397,-20.790035,-38.952324,5.637295,-25.036304,-14.481281,-10.131708,-3.9082289,-6.7047915,-13.222979,3.6927557,-1.4650451,-5.448457,-8.631731,-7.464156,-0.5716198,-8.762997,279.76453812414223,0.096832275390625,0
-242.89455,159.88269,-25.48946,54.001884,-26.352535,-36.657436,-9.301323,-15.391575,7.6286864,-7.6331196,-6.3308783,-0.52405775,-1.3484998,-5.700027,-9.649696,5.6979,-9.888788,-5.8045535,4.8871927,-11.229625,292.07447266307395,0.0498046875,0
-321.22266,149.35114,42.007687,57.02179,-2.2588284,-10.649522,-5.150278,-18.920547,-0.7351998,-3.052835,-9.810688,-13.087265,-9.715729,1.0846988,-7.0575194,-10.835936,-4.7285013,-5.0765886,-7.3082848,-4.4572515,205.0500268763297,0.018829345703125,1
-257.57922,143.0949,-9.178047,-2.7695212,-1.2569244,-12.63835,-18.111998,-2.901702,15.596003,-5.858497,-12.356541,-4.892866,-6.7568293,-7.9163074,-16.976177,-11.017232,-1.421658,-3.7347097,-4.448306,-6.066185,315.78733248129714,0.05499267578125,0
-186.41881,155.23561,-12.636601,52.398373,-4.402412,8.81689,-3.5668278,-25.880209,6.038884,-2.4274921,-1.8764781,-12.123089,-11.582251,1.4485344,-7.6236835,-11.568968,-8.8526325,-5.5358715,-11.469826,-6.6224976,271.33466460854663,0.080474853515625,1
-249.81769,110.36598,1.6101737,97.960915,-45.540073,-39.964397,5.158066,-25.887554,-5.238187,-11.680937,-2.0146224,-3.7432685,-8.789141,-1.6071031,-13.806201,-10.352412,-17.61066,-11.583421,-4.5008707,-16.525772,347.30469047509274,0.117340087890625,0
-193.5166,139.13416,-35.16413,85.59785,-31.41898,-0.24725991,20.841526,-39.900215,1.0204558,-14.083732,-12.446023,-4.0980453,-9.167718,11.230511,-2.6707473,1.2680807,-0.2724489,-7.7062597,3.6846752,-5.062094,129.59951276809434,0.16619873046875,1
-212.55681,129.68814,-63.971992,36.292908,-49.102066,-29.947876,5.4583983,-23.079947,12.555077,-17.622406,-29.867025,-4.846594,-14.63246,-16.404625,-11.98654,-6.3126316,-9.033833,-3.7512522,3.8596463,9.800603,412.4976601368396,0.097076416015625,0
-244.90602,170.46002,6.074662,51.531715,2.7228956,1.482151,-3.9305382,-15.239718,4.6951966,-8.265724,3.954215,-3.2956805,-9.751277,9.005306,-6.7381144,-13.393917,-6.3073664,-7.4525447,-8.822278,-7.534884,176.06116281083715,0.046173095703125,1
-231.9573,170.96144,-17.529179,87.33199,-10.243305,-0.6177888,-5.6368914,-30.740032,6.4414587,-4.7700706,5.1795645,-12.601533,-7.1113577,13.0671425,-17.936039,-5.6220884,8.016682,-5.904862,-4.5908523,-2.9246836,133.54853656506614,0.069000244140625,1
-304.40726,173.91151,-22.552343,30.322826,-6.4786854,-3.7152395,-1.3295419,-14.342439,8.518514,-11.108958,-16.868269,-6.8131404,-5.5760827,-11.058087,-15.6872015,-4.595169,-11.503757,-11.073519,-5.4849067,-10.05397,271.70248917621325,0.0513916015625,0
-254.86383,175.98782,-70.81583,30.81784,-13.538798,-17.71922,-8.366774,-32.957485,6.8894415,-2.0023413,-15.803385,-3.2006912,-0.17803839,-5.51957,-6.3884478,5.291132,-11.49083,-5.1815786,9.36822,-13.540705,307.84503457543616,0.079315185546875,0
-187.58118,201.59738,-20.049505,29.297012,4.0125847,-4.3691807,-5.2698174,-11.800275,12.863567,-7.9592986,-6.8881526,-0.06725553,-8.495607,0.86343396,-8.314968,-6.221496,-3.3123271,-9.187753,-0.589121,-4.424242,297.1069623735232,0.03814697265625,0
-218.06448,189.46118,-6.454264,49.064354,9.756052,-3.8289034,19.031137,0.19839206,10.500684,3.1736822,-4.122635,0.016622782,-2.050549,12.183126,5.148609,-1.9882828,5.240258,1.0776758,2.5554857,0.47731698,0.0,0.020660400390625,1
-179.2283,119.79881,-75.50857,65.33513,-38.722534,3.8963504,-12.849037,-31.196396,31.679558,-26.03416,-10.684174,11.29992,-11.158325,-7.7705865,-11.432018,-5.047017,-4.145341,6.516079,21.04152,24.340721,431.27339353704224,0.141143798828125,0
-288.3275,157.49103,-60.83806,-20.606335,-31.042622,-22.826365,17.187267,-22.830942,-24.018261,8.996557,-5.266394,-21.793926,-16.439457,-11.054852,-10.47538,-0.46128464,20.538877,42.97255,45.1007,18.001213,485.9476874889143,0.072113037109375,0
-183.69707,183.04189,-54.12444,48.143585,-27.650433,-7.664855,35.451492,-43.392002,-12.1075,14.36389,5.9391327,6.876259,-31.27194,-13.470651,3.6673284,-17.304388,8.46451,-3.8278868,-21.958439,15.710621,153.5200223306295,0.041290283203125,1
-214.11523,168.95285,-53.021507,32.84067,10.324371,15.482735,10.550432,-36.61171,-15.402462,8.995346,21.613043,-2.745838,-6.25658,25.758604,-7.158093,-23.16593,2.7650044,-11.568882,-16.37374,-4.2413554,163.8313919925033,0.067169189453125,1
-223.73318,141.65683,-30.645529,9.45029,-71.83013,6.537327,15.161621,-40.97688,0.42203426,1.2631931,0.06235528,1.033057,4.0781403,0.8278804,-7.3585176,-2.7208834,-10.813072,-3.8873315,-0.7847183,-4.9357796,232.56044447314267,0.17059326171875,1
-232.3734,151.62033,-35.70399,88.02788,-5.4648385,-3.997491,16.392515,-32.08043,-23.96555,-19.544731,11.176686,-7.3462057,-24.924358,6.794326,-7.624364,-11.839016,0.6109626,-2.5007591,-4.9988523,-3.3088484,141.2833834842767,0.0819091796875,1
-281.5943,166.64774,-45.736176,28.262487,-6.0689497,-44.0614,-21.626808,-21.544006,-8.039592,-11.436407,-17.408558,-23.917736,-22.673748,-3.206366,-14.141202,-15.043192,-2.4724128,-8.897627,-5.6035724,-8.850423,193.0450225545759,0.06451416015625,1
-191.76955,170.61961,-26.692387,86.66209,-24.90652,-11.139051,4.7425213,-16.141605,15.447472,-12.849255,-4.6084905,3.365817,1.8401341,2.5863163,-11.736732,0.086168736,0.83363146,-7.057473,-0.83592206,1.2329719,132.2089971630058,0.059051513671875,1
-222.28804,151.82358,-57.91193,27.487133,-24.298939,-42.62848,-12.70347,-17.38234,-0.99121034,-19.521832,-27.84676,-9.339703,-14.873163,-9.217554,15.097092,13.001512,7.4382153,7.0909834,-8.750732,1.4983417,528.2958362971909,0.063629150390625,0
-195.78221,140.883,-43.60278,61.2587,-22.69816,-10.95762,17.370197,-14.352335,6.7105203,-8.114429,-9.525604,-3.4946554,-3.4572804,-7.4395046,-13.982589,-0.3598412,-10.33185,-6.877987,-0.14602323,-8.698183,326.5466453299352,0.059326171875,0
-239.35727,133.30733,24.789078,93.929054,-66.96096,-37.614315,15.492044,-33.646187,-12.263575,-9.125252,-2.7301407,-13.7783785,-4.664567,8.935923,-17.139315,-0.24792579,-4.0513763,-9.449057,-3.082964,-14.997637,308.3993182057268,0.046173095703125,0
-274.66736,151.19565,28.88181,38.438705,13.735676,-24.736301,-15.467663,-5.6484547,-8.097501,-11.788659,-10.671684,-4.8401113,-4.5093074,-11.726044,-10.963398,-5.185702,-10.675972,-9.752208,-6.832435,-14.142071,314.42196444125534,0.02630615234375,0
-272.67865,160.04149,-13.637861,62.508682,-13.8596945,5.6738973,-10.4192705,-35.973755,-3.6337488,-8.726576,0.031969547,-18.732975,-5.552355,10.717806,-8.896881,-4.043539,-0.929655,2.337119,-4.855811,-5.2374954,127.73551317222343,0.0855712890625,1
-241.33197,142.00189,-32.5532,37.8353,-14.055927,-29.158724,-12.056433,-36.87925,-28.819023,-22.445251,-13.927109,-10.294989,-8.351388,-9.564867,-18.242128,-4.1571393,-5.542248,-17.46001,-9.41178,-7.0977955,268.687233029143,0.044525146484375,0
-265.82117,178.06328,1.9264126,33.23786,-6.305864,-8.44071,-0.18245113,-20.339779,-1.9937899,-7.1416454,-13.588718,-12.615665,-13.421057,-3.772191,-9.940775,-7.103176,-1.4198104,-5.570213,-4.876612,-8.649662,219.9907729733848,0.030670166015625,1
-270.24387,135.09995,-24.40819,10.245681,-2.4651823,-2.0557413,-19.642189,-26.92594,11.739481,-11.464266,-19.187208,2.739512,-13.56712,-22.938093,-11.397246,-3.8450627,-9.325261,-5.6681356,1.5108376,-2.438904,369.7672316192448,0.055419921875,0
-222.85773,174.76065,12.376992,63.809483,-17.52509,-18.32369,4.663496,-26.094414,-4.788334,-14.34634,-11.489649,3.1599145,-13.081722,-1.8776095,-0.535338,-10.034109,-3.193634,-4.3361526,-6.303425,-3.6251302,195.0361521054429,0.035736083984375,1
-179.96262,104.98688,-26.022,111.847984,-35.72567,-32.01905,-10.422586,-26.243084,2.6336749,-22.126614,-0.1394136,-11.582272,-14.742911,3.239801,-17.587982,-5.6019697,-10.277004,-19.480724,-4.7772985,1.3007522,393.40809813018313,0.145233154296875,0
-216.83408,201.05466,-17.41864,15.442871,1.2793002,0.030935764,17.122126,-2.9267318,-3.0142667,2.3001852,12.147827,3.772592,-8.044008,3.0107384,-1.1380137,-3.3163495,-3.921462,-8.226459,-3.4419882,-5.9683514,150.28597901553613,0.02685546875,1
-208.02347,166.50192,-39.773026,36.805153,-61.581406,-16.36811,3.274548,-31.718565,10.558105,-7.132216,-7.545997,-1.2375371,-3.495086,0.88117033,-6.7145605,-3.6164951,-6.4392853,-4.6708117,-4.5644093,-3.5873992,181.87795163617105,0.082183837890625,1
-240.7561,164.09735,-15.413136,51.682137,5.7011075,8.700472,-25.678217,-27.678858,8.301235,-15.439005,5.1383147,-10.37516,-5.84777,20.468723,-11.924769,-7.645898,4.1649866,-4.1287966,-6.682453,-2.2086558,186.81331677915105,0.053375244140625,1
-251.00162,172.68132,7.6939187,40.379997,-16.988197,0.5794705,6.1666436,-27.176706,-3.2441285,-7.7419796,-5.1159954,-4.970223,-8.592892,5.589863,-5.4110327,-4.3912544,1.7031453,-6.9303184,-7.007573,-1.6293403,130.81193234518233,0.030731201171875,1
-202.43405,155.0592,-45.04044,27.068789,-18.39476,-1.4076929,-7.35909,-24.907202,1.7458714,-29.889568,4.2020426,20.678621,-5.221786,9.102963,-4.873276,-4.1640325,3.901625,-3.9048164,-1.9216001,-11.828237,309.4686013383798,0.067779541015625,0
-253.12093,147.56635,7.794932,65.173996,-15.989862,-39.592606,-22.044388,-4.0023847,0.7706223,-17.383198,7.0310264,-7.1242743,-8.648532,-5.914692,-22.67811,-0.75765705,-13.499277,-18.716566,-5.3284197,-10.529491,274.5896394732012,0.065093994140625,0
-227.21713,195.80434,-4.1713142,44.377586,-8.972231,-2.2090824,0.7470677,-29.67582,0.1687541,-2.337936,-1.0752478,-1.1221645,-7.902108,7.4141374,-1.5802482,-7.8230934,-5.322048,-5.025208,-3.576513,-7.2108746,138.68047076865687,0.046661376953125,1
-217.5873,201.25085,-14.754126,36.158325,-13.3183975,2.5318832,18.973724,-27.365864,3.5526874,0.27786154,-19.177612,-1.6608847,-5.330014,-10.14536,-7.3224087,-3.9734015,-6.7189546,-8.590956,-5.533623,-9.420551,149.17298221182693,0.039764404296875,1
-271.51477,135.37038,-16.336706,29.893494,-9.855286,-5.7349796,-10.84889,-34.239357,-1.9387112,-10.372945,-5.529513,1.272584,-17.654858,-7.554059,-6.8846025,-5.3158035,8.113015,21.225197,35.55244,31.297186,451.5423911571023,0.04095458984375,0
-223.5023,151.58392,-57.64512,-7.7823677,-45.962303,-10.344314,-4.964221,-22.598345,3.7377918,-23.535168,-14.177938,-4.120575,-18.283699,-16.002678,-13.0624695,0.77504385,3.778417,8.848848,6.5231576,3.3206112,410.8519853438044,0.08538818359375,0
-253.21396,173.2681,12.321291,19.98779,-18.405104,-12.040757,30.012094,-11.119536,-35.334312,-20.868093,-18.194408,-15.365992,-11.628192,-10.898434,-14.59251,-5.8392243,-1.6534607,-16.023802,-5.751466,-1.3584131,186.7368316408135,0.06060791015625,1
-272.24377,165.42769,9.241947,27.911703,1.4481726,6.1966567,20.255346,-10.56645,-16.599659,-21.230986,-15.266506,-12.86434,-25.18784,-14.441459,-18.211685,-17.356815,-1.4648299,-7.9725695,-3.702177,-0.97996926,142.4912038705075,0.0479736328125,1
-235.74216,150.78217,-22.631561,35.18488,11.494337,-8.627063,-5.8331194,-25.952515,-13.683992,5.1450768,10.991408,-8.553637,-3.326667,17.176752,-16.946753,-20.429125,3.0535545,-15.677545,-10.469238,-1.5184791,230.68878071432977,0.0562744140625,1
-245.50606,114.08456,-27.32242,96.760574,16.868769,-21.820807,2.2224374,-22.2033,-20.294413,-15.4558,-14.897518,-13.828006,-9.4312,-11.03025,-8.894411,-6.1272845,-14.065469,-9.9170685,-3.183281,-5.36217,163.14699559189262,0.081024169921875,1
-283.41724,143.091,1.3414626,43.631233,-4.927061,-13.486219,0.67367816,-2.752884,14.026484,-4.627006,-3.0228715,12.125127,0.6064387,-4.7793064,-0.03073901,3.0014782,-5.3480496,-0.6205961,5.432885,-2.4840674,296.51985833834414,0.04034423828125,0
-263.36862,149.23587,-14.355764,64.27393,2.2181287,-0.7761996,2.4321365,-31.34391,-15.544971,-24.73907,-9.401109,-12.107285,-25.762009,4.9872417,-5.0619583,-13.580344,0.7041199,-7.8814487,-3.3108978,0.053453982,162.51864033884266,0.073394775390625,1
-226.50128,169.89601,-4.121396,10.285423,-7.590782,-24.17386,-6.563533,-16.72416,-12.088579,-3.8724773,-12.743592,-10.934702,-6.6058617,-13.060434,-14.239319,-5.0393276,-8.056636,-11.290011,-3.8080273,-5.116374,367.38213512809887,0.039154052734375,0
-239.53204,148.77585,-18.797695,55.9523,14.178154,-14.415468,2.4910984,-13.933707,-3.0030897,-5.853415,0.39918208,4.0309744,-11.412163,1.239116,-2.8278756,-4.5227976,8.903261,-2.6728492,-5.6542068,-6.830493,167.79871066814675,0.0238037109375,1
-246.35776,147.31639,6.7007294,52.54567,22.830318,18.270958,20.911331,0.061677814,16.219536,6.856367,-0.32550716,4.7797503,2.7696402,9.377001,2.8249533,3.2740045,7.5366454,3.7459707,5.4446354,3.4448285,65.59916336055035,0.01458740234375,0
-232.84552,141.28082,-9.152331,56.156864,-11.479354,-9.45768,6.347364,-21.91196,-1.5151917,-5.407875,-12.285864,-9.940273,-4.771767,-7.673218,-14.815542,-2.9958389,-9.46805,-9.686953,-4.045872,-8.68185,327.36310876872784,0.032440185546875,0
-206.55896,205.05655,-21.604187,31.536642,-21.385067,-8.319489,15.996922,-24.688099,8.410662,3.1555042,-18.227203,5.238052,-4.0137606,-18.70689,-6.9869266,-6.147002,-16.284988,-4.238076,-1.63989,-12.21406,140.36130281112614,0.042572021484375,1
-211.6617,152.25702,-27.620626,60.41278,9.064859,-0.3610854,-7.459319,-27.563557,-5.76038,-15.334924,0.15172434,-8.078989,-27.163551,-3.8248487,-1.0268526,-7.123864,-6.891447,-8.02781,-3.3197865,-3.4204335,169.54709485343412,0.08428955078125,1
-256.55585,175.841,-35.798286,50.78904,2.6719456,-11.990849,-5.135988,-18.909296,3.1042876,-11.660902,-6.6974006,-3.7325268,-7.864511,-1.2372401,-13.345156,-3.4028487,-1.9360108,-7.7526298,1.1618562,-4.5885873,132.4556091813206,0.049835205078125,1
-214.88115,156.54056,-60.57543,55.07657,-37.891525,-38.2671,10.361551,-12.269351,1.5333557,-17.919056,-8.781902,-1.7649238,-22.654438,-10.935038,-6.2711425,-12.844524,-10.981508,4.5271873,0.6850389,-9.159307,300.4161815919049,0.052734375,0
-278.23672,129.85364,-13.058844,55.78869,1.4423261,-35.64011,-19.431206,-17.839012,-9.853858,-27.701996,-28.340452,-17.388042,-19.688215,-11.523153,-12.120211,-14.882599,-0.55050194,-1.6991692,-12.443683,0.3882084,168.0868352140109,0.089324951171875,1
-243.47539,134.68347,-36.83806,55.988632,11.328435,-50.222137,-31.492289,-22.169325,-8.023087,-20.257404,-19.83056,-4.656886,-9.124762,3.7344027,-3.0554957,-17.652664,3.679374,3.5675678,-8.968142,3.8222563,235.275706621551,0.044097900390625,1
-205.42874,141.50278,-40.520763,37.177536,-16.433315,-9.077663,-7.3507695,-22.494465,3.244513,-17.419977,3.4524374,10.526682,-0.38657677,7.477467,-8.677836,-0.38838577,-1.9405506,-6.2135515,1.6813592,-11.454226,322.91307386445783,0.08380126953125,0
-191.5436,141.034,-43.90625,61.465256,-23.449482,-8.664994,19.427177,-13.454258,8.148407,-7.2751665,-9.031155,-3.1317668,-3.1506805,-6.9342027,-13.467995,-0.18256348,-10.05138,-6.423568,-0.6617329,-8.917351,326.0426550011157,0.064056396484375,0
-246.89963,135.4454,-12.593647,46.463028,-26.320198,-35.854095,2.2770486,-27.811762,-15.78853,-5.305089,-12.552183,-11.300518,-8.397128,-4.4683123,-10.172136,-2.98061,-0.40452135,-1.9989072,1.4542118,-7.34838,288.8237270690704,0.067779541015625,0
-245.92502,147.88242,-44.02426,25.760212,-8.098545,3.875954,12.024675,-19.488136,0.18366766,-14.995235,-16.884615,-5.5205364,-12.799378,-10.799448,-13.311042,-7.738962,-11.8674345,-12.342592,4.502269,8.088079,413.61203572182666,0.05426025390625,0
-237.44089,194.4385,-54.57216,35.088795,-28.18378,-22.014881,-9.87068,-50.39948,7.5124664,-0.060938895,-15.934548,-4.254229,-15.60992,3.8963459,-13.995768,-15.438448,2.4732473,-16.775436,2.626737,1.2934202,174.13012240717637,0.05242919921875,1
-218.68149,175.10938,-38.800232,42.536148,-37.085144,-24.70491,-19.249748,-28.91387,-10.065433,-27.56251,-7.555319,-11.345502,-5.723365,-4.2220287,-10.91054,0.6276563,-15.129265,-4.6173205,-1.3095942,-8.468851,250.39302976808773,0.054107666015625,0
-198.44098,138.43716,-76.770035,23.691053,-41.988113,-30.747953,-14.674355,-16.542141,21.449791,-17.015015,-14.825342,1.3104223,-12.707755,-11.222961,-8.49111,-3.999425,-7.7928743,-0.43381333,-1.0442693,-4.605313,359.0590815218215,0.100128173828125,0
-218.80707,184.68123,-49.204166,28.186869,-20.575233,2.479919,10.523888,-18.131931,-16.714367,-18.022112,13.731509,-6.2408566,-16.851898,7.6068516,-3.5379546,-14.046681,-3.7714875,4.0910797,-11.522572,-6.2623386,141.43952014948945,0.124298095703125,1
-250.3945,202.98283,9.649707,4.014076,-0.29370522,13.159795,12.238253,-4.8483276,11.261723,6.8903003,-8.584955,-1.1163601,9.791117,-3.043188,-11.720482,3.1552665,-2.2040243,-2.883495,5.4697437,-2.8578696,319.599946807818,0.041473388671875,0
-230.23634,214.37909,-3.2399068,0.14775383,-28.615944,-21.762123,-0.39504474,-26.569782,-7.1907525,-23.444418,-31.887798,16.89109,-7.1897297,-16.592052,18.684374,-5.4268026,-7.625578,7.037072,-13.261435,-4.5970387,211.6345512761684,0.0462646484375,1
-214.33551,138.39246,-28.248917,47.490726,-0.33367205,-6.1679573,-3.2075684,-15.981712,8.062414,-10.081392,-1.4737923,4.248831,-9.850744,-4.6193995,-8.533421,0.2395516,-0.44675672,-4.3782454,2.165595,0.03807178,289.4701511384894,0.049285888671875,0
-184.142,168.31966,-51.333183,67.688736,-17.830626,12.201798,16.192135,-22.364935,23.97177,2.75096,2.0735273,3.3027163,-0.5259141,8.864065,-7.142455,3.3104038,7.0150003,-0.34073716,-0.7196212,-6.2877474,105.29095099319814,0.05810546875,1
-270.61087,132.471,9.903099,38.010735,-19.57605,-17.060556,0.33914638,-25.382008,6.8293295,0.5063386,-26.257359,-2.8398664,-3.8447595,-15.782447,-1.5975202,-7.169834,-22.363806,-8.078961,-9.138142,-21.21468,334.0497710126986,0.035186767578125,0
-222.56516,154.35051,-51.865883,23.185373,-42.46209,-37.86649,-14.585825,-23.69482,-3.9696968,-19.65017,-1.6066724,-0.18505406,-17.24809,-4.1516886,-7.7353287,-9.106383,-4.614461,0.46385175,-1.3267139,-8.278366,282.9801054332876,0.05596923828125,0
-271.82037,203.72246,-10.673155,13.244698,40.888084,13.381882,-42.821228,-48.205727,2.8390245,-6.163513,-21.849821,-5.8306284,3.1284633,10.600651,-1.2795277,-8.774407,-6.2840185,-18.286695,-16.141289,-8.324502,135.1961539374927,0.05413818359375,1
-210.85962,166.22461,-46.05295,59.91035,-9.192883,3.0126636,-0.12169993,-23.625944,11.9332485,-11.11837,3.1936996,-5.830525,-13.449354,9.845547,-13.646075,-6.2805905,-1.5925524,-9.279824,1.0381031,-2.9356997,147.13450524018012,0.05224609375,1
-252.52075,123.313324,-31.959196,114.774925,-21.12326,-60.236134,2.570222,-32.408504,-8.329214,-21.855642,-24.25948,4.7808733,-21.38899,-8.329254,1.1682582,-2.2610881,4.5313373,-14.174428,4.451406,15.267064,160.4149348186726,0.06939697265625,1
-242.39151,171.77783,-2.830202,64.75888,-4.72664,1.0105562,12.029677,-27.567005,-7.9660096,-10.008549,-1.9998431,-1.0330781,-8.20624,5.2123346,-3.7961586,0.47232103,1.2456455,-8.145744,-1.402731,-8.206245,166.6597759628465,0.029510498046875,1
-256.57614,172.86647,-51.65343,39.28665,-13.756186,-33.575027,-15.270398,-34.994408,9.442728,-7.206545,-23.811605,1.9601226,-10.896104,-10.05975,-20.200901,-16.257435,3.4787507,-15.021875,-4.9138556,-0.5739516,0.0,0.067413330078125,1
-257.04132,175.32503,0.24244499,57.950653,-5.734653,-16.828382,14.662777,-22.709244,-11.060374,-10.667672,-14.708935,3.6955025,-9.638641,-4.491161,1.1740494,-5.7537737,3.8409326,-3.147911,-4.661187,4.561058,139.00673247336402,0.03546142578125,1
-148.81558,179.336,-62.72797,13.207405,-21.485209,-0.5980556,-13.3788185,-17.071838,4.754467,-33.17674,-10.123256,-6.2814054,-12.32682,-1.9866037,-19.202211,-9.693739,-5.8337526,-7.5853233,7.3709335,8.624403,390.73804006617314,0.082916259765625,0
-243.90958,167.37915,-21.638477,79.54106,-30.101177,3.2078156,0.4176265,-43.111794,8.203759,-8.050417,2.1721241,-8.831611,-15.117088,18.735321,-8.140668,-7.6136284,4.237007,-11.935542,-4.3519278,-4.728681,84.43278099708364,0.104705810546875,1
-263.84155,150.38089,-8.046596,78.16501,-21.769318,-1.286231,11.271331,-26.208517,0.93954,-19.76636,-9.153508,-2.4883068,-13.718119,5.455168,-7.9733377,-10.933584,5.0639167,-4.4548416,-6.515022,0.10595077,0.0,0.111083984375,1
-258.65826,124.42665,-5.651762,39.831356,-22.893482,-29.817509,-7.394897,-19.01525,-7.1309776,-17.30494,-9.78895,-7.997628,-18.068405,-3.5334868,-7.3051233,-11.242456,-11.048176,-12.407284,-6.9949675,-12.04488,333.63361888099394,0.0345458984375,0
-258.80432,158.27309,-22.815918,80.66197,-9.616131,-21.98012,-8.893295,-25.536951,-3.21492,-25.051695,-0.2509154,0.15720028,-13.903032,7.778493,-11.484841,-0.9761604,1.6891413,-17.022394,2.8993473,-3.4874787,151.69984994508803,0.038177490234375,1
-230.14365,117.109406,-3.352127,50.295906,-27.821882,-2.9168453,14.030652,-23.183783,1.8074917,0.26001573,-4.0940304,-7.3819513,-9.441824,-8.758862,-13.766127,-2.0728045,-8.149105,-5.9604473,4.512976,5.273511,411.52541057377664,0.046234130859375,0
-287.62592,186.46812,22.034912,25.530182,-11.004534,-9.60749,-4.996807,-14.337078,-6.349816,-5.6044126,8.303757,-1.3974187,-7.669633,4.776753,-5.931478,-6.283599,-2.546659,-8.166968,-7.3784075,-7.463125,148.92967511504224,0.036895751953125,1
-251.6247,141.3595,-51.307552,26.708973,-30.040043,-14.771885,4.91033,-23.917692,-6.16813,-15.849911,0.6008092,2.828395,-11.289072,2.674752,-9.438204,-7.8042116,1.705302,1.4068629,3.6261263,-4.1911836,295.58476486644406,0.120208740234375,0
-249.82513,137.27676,-10.740929,29.209051,-24.097872,-17.453236,5.7679396,-19.477486,7.634791,-7.35473,-23.462345,3.7120562,-13.799959,-23.577105,-3.4936056,-11.25712,-23.52628,-9.895074,-5.9502716,-14.1879425,318.18195698184184,0.029327392578125,0
-187.97003,169.75696,-61.709698,46.14476,-16.785986,-26.6425,4.191003,-8.396363,18.408081,-5.025544,-8.087024,1.1078836,-12.023663,-6.499943,-13.427894,-5.4598036,-1.3695346,-5.36001,0.4683928,-6.3103857,308.97075103596853,0.085784912109375,0
-326.5078,148.36118,-6.90878,55.17717,-0.6399511,-35.80212,-16.21808,-16.281635,-9.191271,-15.2428875,-6.1070337,-0.3031791,-12.201384,-13.657467,-5.9809265,-5.0105553,-15.225314,-3.7033086,2.8780127,-4.7975054,214.79009197346977,0.057861328125,0
-197.93604,151.21002,-36.40976,38.843693,-15.40305,-15.788493,-22.223038,-19.7789,17.15557,-21.124573,-8.950298,6.2441187,-5.033593,-11.306876,-27.825893,-7.036858,-8.030306,-11.719966,-0.2260437,-12.695207,306.3506876130956,0.035369873046875,0
-224.34314,182.39832,-26.460045,47.90439,-5.499789,-13.234266,-6.6684327,-24.687843,5.3607006,-22.645058,-9.974915,9.605751,-19.739079,3.033718,-0.2565447,-14.130369,2.8293948,-6.557182,-7.2974777,-1.5171895,162.72462731301803,0.04290771484375,1
-273.46115,139.09459,-22.219402,40.54206,-5.863572,-43.91008,-14.58794,-1.3843858,3.2769191,-9.712415,-7.185729,-3.5888078,-10.55551,-10.950934,-9.61405,-2.5117326,-10.017044,-14.468393,-2.7798254,-2.5839562,348.4317225390181,0.0751953125,0
-202.80716,163.82245,-31.748184,47.84938,-17.37511,-2.2402565,-2.6374428,-43.572014,-19.492264,-5.920986,-2.8466535,-16.224466,-5.954687,-3.8774934,-9.569754,2.7865262,-15.155607,-14.09598,-6.3262815,-13.228295,212.19344017019185,0.07037353515625,1
-322.44788,95.09109,17.469057,53.666107,-5.103302,-22.190228,-14.330828,-27.09058,-7.006935,-1.124875,-9.146322,-19.335758,-16.900913,-6.5349336,-13.1874485,-10.922812,-3.6787038,0.20909971,5.5374637,6.5832653,423.5465405996507,0.108551025390625,0
-283.4115,184.60617,-11.678853,25.197195,-0.7114503,-22.100166,-15.338209,-12.135435,0.4702878,-30.59951,-24.68819,-9.145533,-25.30035,-3.4720209,-8.451347,-18.912308,1.98136,-7.035305,-6.2850533,-0.1883641,161.86315229441612,0.04217529296875,1
-221.11902,157.56052,-35.202156,77.4166,-12.828133,2.4157205,5.110012,-26.267193,2.397443,-14.875527,-1.3962374,-10.142666,-9.679115,7.9524684,-11.9560585,-3.412929,1.85134,-1.704453,-5.182371,-6.3911667,194.2158510338204,0.097412109375,1
-277.92706,189.62015,-15.166577,46.186646,0.672033,11.0302105,-11.876087,-26.254902,13.448427,-19.983631,-3.8113508,1.5282108,-18.38411,2.9861984,-9.01375,-11.6549,-3.002812,-6.877222,-3.4075108,-0.29421616,143.9932142148122,0.033050537109375,1
-219.99542,203.64539,-23.968176,24.882801,-7.8268867,7.9343514,10.619688,-23.324457,5.966303,-7.8721085,-12.069827,3.4474766,-6.4622126,-5.7018466,-11.5071335,-5.517372,-2.976317,-12.419638,-6.908396,-9.846536,147.25961010824182,0.035675048828125,1
-233.47105,109.54707,-13.213614,69.61038,-24.193735,-46.928043,-17.60556,-19.715637,-0.8926201,-21.139927,-16.376537,-12.692111,-18.829063,-8.040771,-15.441317,-7.699296,-8.216767,-6.54691,5.7935166,-11.409153,357.9045341882424,0.045166015625,0
-165.38399,186.23038,-45.642868,66.33168,-9.991744,4.122323,6.1110454,-38.56971,0.14427328,-9.350313,11.544111,11.719081,-12.110718,11.184551,1.8317661,0.7235496,6.478161,-0.22980982,0.21786463,-4.566716,131.174750531414,0.02734375,1
-218.54404,147.28468,-61.44142,55.830196,-29.792608,-15.795313,5.1078777,-33.0353,-1.787704,-28.397835,-9.960426,0.3698902,-22.852152,5.2839503,-15.3476515,-19.055145,2.9699967,-12.2714205,-10.251297,-8.822599,203.51734053151137,0.07366943359375,1
-189.63692,167.19931,-24.763798,91.17158,-15.91814,-19.118708,21.210257,-19.482138,0.50810194,-9.87384,-10.137366,1.4566634,-7.9193077,-0.3221104,-3.7521124,-4.5709257,0.76095486,-1.4680965,-5.1675005,-0.003042519,142.26438729834155,0.057464599609375,1
-360.51996,132.82584,-31.480732,52.332687,-8.392549,16.378803,-8.134726,-32.03118,3.7040029,-14.865263,-7.194156,-5.508522,-5.557698,-6.843332,-7.392792,-4.448244,-14.142876,-0.87637997,-5.1883183,-13.114027,0.0,0.08160400390625,0
-240.76958,150.86345,-30.972164,60.342903,-19.48874,-22.122137,4.621297,-16.708048,-5.9396057,-28.595636,-8.811602,3.076993,-21.294891,-7.1042733,0.27017546,-5.247781,-9.606173,-7.520071,-1.9636889,-10.726015,280.1517486207674,0.11279296875,0
-220.51163,167.68495,-5.477799,18.27444,-7.449651,-9.80626,1.535609,-4.8573184,2.2998142,-9.916197,-1.22841,6.158457,-8.110612,-5.5180235,-0.29575127,-1.2664113,-0.40529633,9.646684,11.768033,4.6908383,466.7004706017666,0.042724609375,0
-215.73837,164.41788,-56.80128,30.969006,-33.38538,-36.708893,-12.818644,-32.378044,2.879245,-9.470459,-15.008827,-5.7439127,-12.46101,-3.6101255,-9.565315,-2.145349,0.18055993,-5.2272286,2.9666057,-6.7766037,261.6932765709906,0.0635986328125,0
-235.45251,169.23505,-6.473983,76.501,-25.071213,-13.01293,10.042915,-34.285793,-13.365444,-16.805607,-1.634166,0.61435485,-13.976727,1.5201142,-0.8130309,-4.440338,-5.2503924,-0.63253593,-1.78193,-14.221914,194.998629012166,0.0594482421875,1
-241.80927,132.32727,-6.199074,59.595898,-5.660367,-26.6011,-0.88216686,-15.421739,-3.6166303,-22.05454,-18.351837,1.0886679,-17.842266,-11.583847,-2.5429125,-7.6136208,-10.69055,-9.823285,-2.2532248,-12.051004,308.1194427515724,0.053253173828125,0
-286.8994,159.90012,-9.5537195,16.105242,-5.792984,-12.54323,0.86604095,-13.622757,-6.430387,-14.119593,-15.739056,-4.205742,-12.219208,-10.00672,-6.9204216,-11.174841,-10.824271,-9.2549515,-5.6373796,-2.054687,350.5858387387885,0.037078857421875,0
-222.65689,171.29938,-31.405262,38.186703,-27.953243,-11.448254,7.271207,-21.594603,7.2843914,-1.6429348,-4.8376045,-6.5622377,-9.141853,0.61646163,-11.843486,-6.0811896,-4.9406986,-8.299146,0.1431576,-9.263809,274.8078630237856,0.059356689453125,0
-237.03918,103.10392,-49.947094,50.078705,-22.722916,-32.035072,-9.871032,-23.767185,7.837926,-10.21393,-8.069614,0.54936516,-9.221968,2.302578,-7.773368,-6.265025,-9.2286,-15.758199,-7.1707864,-13.610059,327.67819040500245,0.09088134765625,0
-234.05939,145.90175,-1.4763594,41.75483,-11.5788765,-22.32667,-0.6077597,-16.107553,-8.814771,-9.4137,-15.637334,-16.515804,-3.0306504,-2.7416284,-19.919247,-10.944841,-12.458796,-15.900772,-10.776056,-15.342613,311.4542218466023,0.029205322265625,0
-224.71135,157.59439,-41.35767,33.934235,-26.496393,-1.5437983,16.928503,-25.693642,8.930614,0.716265,-10.001436,0.8944341,-6.242707,-6.9683,-8.034025,-0.6902922,-7.299377,-7.8890333,2.6075428,-7.8445606,336.84087504518675,0.075531005859375,0
-244.69617,165.70161,-61.60966,12.455564,-45.547146,-29.903742,-6.560856,-31.570885,4.0028305,-14.373993,-17.329273,-2.9588232,-14.141784,-5.6600623,-9.678208,-0.468363,2.9839647,-5.6539793,0.23420286,-10.454082,275.19569082069904,0.05487060546875,0
-236.45987,171.31036,-17.648659,67.21669,-1.4956388,-10.59218,-1.90488,-34.254147,-1.395575,-14.467919,-17.92891,-7.495162,-12.634175,3.4212248,-8.318491,-4.897578,2.1479924,-11.531721,-1.7907069,-5.583267,183.6789234341385,0.04766845703125,1
-219.40337,125.851166,-38.36149,60.736374,38.974762,7.5169196,2.5166075,-25.160744,-5.3701496,-3.8960664,-4.1257706,-4.517797,-8.418814,18.807724,-1.4035383,-20.048359,5.6704574,-3.2287366,-13.169252,-10.233309,184.88370586659943,0.053375244140625,1
-246.0571,182.91556,-0.35166943,33.78454,-59.19496,-35.813217,25.755005,-23.203087,-22.433256,-22.410461,0.30594492,15.265832,-23.481562,8.410197,9.0135975,-29.709187,2.144568,-4.8845687,-24.10675,5.505599,141.60557625802278,0.05816650390625,1
-247.79756,164.15317,-15.569493,40.352715,-5.482018,24.284323,-9.527262,-30.122107,12.527535,-14.139255,7.1335635,-4.757921,-19.980902,11.591997,-9.756081,-12.687494,-2.6660647,-8.615506,-5.0403647,-0.2365973,165.4516058826097,0.028350830078125,1
-246.58932,152.33368,-11.407054,85.4496,-16.65939,-60.895428,-24.615026,-24.571918,-11.413147,-19.74231,-4.773739,1.6029617,-11.479949,-5.93252,-10.321627,-8.800291,-4.723652,-7.758454,-9.039785,-11.156618,281.1068355537745,0.077362060546875,0
-206.58557,177.20316,-36.420937,36.908134,1.953738,-35.734837,-18.64859,-3.2957845,10.925089,-2.156734,-3.8177657,-7.966364,-10.968134,-10.952707,-11.441549,5.8041887,-0.061460078,-9.008047,-3.5185513,-6.424145,245.40373117186084,0.07733154296875,0
-173.49634,133.51585,-38.12345,50.561005,-47.645466,-30.016346,-6.385384,-24.672832,12.296708,-20.230736,-16.04382,-0.68115544,-17.02349,-12.647148,-7.9491982,1.6629272,-6.852171,-3.9181337,3.5626113,-6.463792,327.5645838815486,0.12744140625,0
-236.68279,166.88597,-35.608418,67.98611,-10.679934,-30.808815,-13.687773,-20.645878,-6.0912857,-16.750011,8.102327,6.6013865,-0.20325264,1.9442573,-11.917055,0.77919436,-4.560931,-1.9427023,4.042089,-10.934427,280.2190819707967,0.054656982421875,0
-141.34721,197.51599,-32.95301,53.61526,7.8761487,-6.000372,17.348461,-7.231412,12.22413,0.65065336,-9.592985,-4.0944085,-12.695632,2.8743691,0.9260294,-8.787248,-1.4946686,1.9538448,2.0738125,-2.984012,67.61322030437715,0.03814697265625,1
-299.40015,145.4928,14.020987,38.07547,8.673433,-24.117477,-20.113417,-18.283823,-10.348821,-10.808001,-5.8295274,0.47705233,-4.7936234,-8.592674,-9.366778,-5.5694084,-6.5067825,-6.3438177,-4.455431,-9.755332,326.998068924154,0.042633056640625,0
-234.38052,155.22635,-22.488789,58.61435,-27.555132,9.668959,-12.196215,-28.76252,9.048307,-36.135323,-14.042683,-17.441292,-17.046797,-0.9262116,-27.475311,0.995582,-0.05042219,-20.311787,2.4304447,3.3524468,162.29352530006184,0.063262939453125,1
-278.12183,131.64786,-12.395515,39.25872,-7.768459,-5.5934463,-11.879397,-50.74035,-15.244418,-4.4091845,-9.810162,-15.05577,-14.396894,2.4505987,-11.520477,-11.555335,-3.684226,-8.846468,1.8724601,-3.384869,200.46484075873755,0.042388916015625,1
-234.45789,159.11108,-51.17344,39.69898,-37.122818,-31.43753,16.209206,-28.11216,-7.256095,4.6753416,-7.5797615,-4.8638434,-6.921492,-2.9092202,-3.3436503,-4.652918,-11.930103,-10.282489,0.12428653,-7.6093073,305.8980209156123,0.13330078125,0
-232.45734,195.21191,-17.71556,42.1819,-23.701199,-3.4832842,1.1352518,-22.295244,25.656431,18.572073,12.273942,4.4010105,3.2012157,12.154797,-8.391297,4.307268,9.354427,-0.22207035,5.558178,-5.644861,160.99715566242827,0.041168212890625,1
-257.87518,160.44241,-45.98226,62.3319,-6.699742,-6.045785,10.08887,-24.895184,10.610029,-2.0792322,-1.7039547,7.7998457,-9.971724,3.994516,-3.194159,-4.4487634,7.414577,-6.5981684,-6.775425,-1.8622162,176.289838011025,0.063262939453125,1
-194.92174,198.30511,-28.286806,40.03086,13.930952,-0.60762143,24.701977,6.079687,2.0858934,-6.1881046,-1.1762623,3.3667078,-2.162063,5.583464,-0.7068798,-3.151331,1.3994224,3.3586729,7.817477,5.7627754,105.36146069240336,0.03106689453125,1
-272.8521,166.41406,-14.771165,43.617332,-27.253895,-25.954657,7.7908974,-29.427488,-16.782293,-12.182676,-12.838202,-12.359726,-18.134155,-8.003126,-14.300629,-4.9523945,1.1575153,-14.322188,-9.869536,-8.745123,197.97330614234428,0.062408447265625,1
-196.40782,173.73328,-37.54187,62.475746,-14.004608,0.6264245,3.60433,-17.977789,20.718166,-3.3530428,4.540907,5.795766,1.2341723,17.134567,2.165578,4.348747,2.8015099,1.2605059,1.6796632,-7.9339547,112.22587452434176,0.03033447265625,1
-257.24307,193.47755,-5.7580724,78.23129,-22.450813,-20.60157,25.495995,-28.648779,-17.246002,-13.35482,-4.6819735,3.0918026,-17.804533,5.7557726,8.577295,-10.40647,-3.6268315,-3.5955145,-9.247997,-7.7668,86.14101895103092,0.0360107421875,1
-242.14044,125.58685,-13.693535,36.634132,-48.94824,-24.225391,1.3748531,-31.299284,-5.100746,-17.798372,-9.625126,1.6061012,-18.720491,-13.3553705,-14.931007,-19.3949,-17.963455,-3.4909983,10.225328,13.250399,411.81862959879874,0.064971923828125,0
-284.5063,173.94366,-1.8667839,32.69741,-0.90348005,-4.076194,-1.0707057,-28.7916,-5.462381,-13.041883,-12.981955,0.9116634,-21.222153,-7.1647243,3.4317045,-12.119222,-6.150078,-5.725439,-8.538313,-7.185575,166.64978943233146,0.031890869140625,1
-244.6158,187.725,8.8583975,21.573013,-6.2460747,-5.7316046,-5.84267,-26.655476,-11.657852,-22.047716,-10.235973,4.710235,-17.681862,-3.039054,4.5903845,-10.597679,-1.8237138,-1.1850946,-7.3104925,-8.113767,172.4410390170365,0.036773681640625,1
-245.44592,154.50015,-18.959236,63.147816,-4.8431625,-10.017806,0.43719208,-31.709599,5.150762,-10.351629,-17.433357,-2.9832802,-21.636827,-7.6899705,-7.2439184,-13.856459,-4.766839,-10.460807,-3.0447035,-2.7492566,162.40820753836454,0.049896240234375,1
-190.79211,156.91531,-32.774586,53.682697,5.6847353,-4.311265,2.7876844,-24.39673,5.2628975,1.587371,3.013276,5.943825,-7.9223614,0.15967238,-6.210515,3.1663148,6.3270226,-12.278019,-3.5524352,-4.990864,166.71448323716584,0.030487060546875,1
-201.12659,96.051125,-27.028929,97.266594,-44.929787,-4.4941483,7.2843313,-27.714626,6.53523,-15.383167,4.2356,-4.352468,-2.7576704,6.513172,-12.351291,-0.30759025,-7.7182183,-7.7983546,-9.1388,-9.865492,369.7188868408184,0.1451416015625,0
-236.49239,180.10173,-18.531149,41.705574,-1.142056,-24.919804,-34.65854,-33.078194,14.946596,-14.810986,-16.888264,8.325684,-10.293413,3.0560503,0.72894907,-19.059063,-13.476722,-10.657139,-10.51337,-12.792662,304.64636461058615,0.052398681640625,0
-205.17534,138.48207,-38.88478,40.199493,-12.660836,-13.080514,-16.335012,-10.042544,26.14049,-12.940081,-6.8694477,-3.3617706,-14.556919,-10.373693,-25.066708,-3.2995248,-4.2422676,-15.65983,-0.65522015,-8.280705,292.7906347385168,0.046478271484375,0
-206.0155,154.10168,-75.489456,76.99255,-26.556932,-38.169746,2.9094064,-7.423145,-3.199426,-18.35986,4.462463,-5.478531,-9.810747,-3.007211,-9.975026,-9.29216,-16.020466,4.910678,-0.8043101,-8.026213,0.0,0.14599609375,0
-200.42728,199.41678,-23.055794,35.305874,15.554855,-1.3081521,14.386419,-2.4041276,5.740452,7.5909896,8.456449,7.406548,2.4288774,9.974312,1.2213356,-0.3540634,2.7201395,-0.5825443,7.1974506,3.896089,68.1833285357047,0.025726318359375,1
-240.85916,140.37189,-25.325985,65.551575,-12.961837,-23.319489,-23.119678,-21.843418,10.428482,-17.74694,-0.32300127,-0.08287251,-9.707392,-1.4222691,-21.107456,-7.385831,-6.7061014,-16.346478,-9.022728,-8.719488,272.1595485859457,0.09039306640625,0
-151.06415,137.17194,-96.55084,39.361153,-6.218269,-8.350563,14.792126,-8.438185,11.434135,-31.681837,-23.321587,7.739009,-15.721491,-7.429779,-14.479689,-14.211155,-1.3933048,-12.022203,-2.6819215,11.749876,376.9831139728444,0.08709716796875,0
-192.01619,146.15074,-21.806162,58.411987,-20.86584,-11.687219,4.097504,-26.847052,3.0562146,-2.5065188,-9.130837,-9.542828,-5.9345083,-5.1163583,-12.048239,-2.036691,-11.223265,-8.457631,-3.7102516,-10.119831,344.6884951416376,0.039581298828125,0
-196.62764,126.50493,-39.409447,135.23465,-15.443458,-18.718761,14.200817,-24.367212,10.049028,-13.511127,-6.461343,-2.6877103,-16.86083,1.9449652,-5.6552215,-8.263835,-0.54951966,-4.396059,-5.809078,0.012032792,156.57850736822297,0.14508056640625,1
-218.63995,145.4195,-54.335434,11.882738,-48.935944,-28.39045,-2.169541,-31.291073,1.6294816,-13.353456,-18.49297,1.508552,-10.392805,-9.621441,-7.16613,-7.4028683,-10.155289,-6.3978252,-3.2106156,-11.342208,317.9157275170559,0.066009521484375,0
-188.48422,154.63138,-67.638565,43.075348,-24.103992,-27.100523,-7.7191715,-25.676857,15.732123,0.35740083,-11.099371,4.1007385,12.817271,4.9804125,-14.915658,1.3942384,-2.4588046,-14.268645,-0.026629567,-3.0131533,146.2356429575984,0.124267578125,1
-221.73798,171.09894,-8.899535,46.55042,-19.67551,-17.55805,9.207901,-21.014122,5.5333753,-0.5730221,-13.202275,-3.9231596,-11.499157,-5.4874454,-6.216628,-10.8197155,-8.322186,-5.9258924,-7.52934,-14.013438,126.1692981870687,0.076751708984375,1
-252.88309,130.65028,-52.26783,40.95398,-2.9624646,-42.377365,-6.1615705,-15.035393,-9.595422,-18.65104,-34.76521,-17.923613,-12.917572,-12.467478,-10.475538,-13.917272,-5.948354,-5.940644,-11.116347,1.7854316,164.83376480640538,0.1044921875,1
-263.93042,117.74776,-97.821365,53.77945,-24.322035,-25.058132,-5.169387,-16.401854,6.2364917,-21.991364,-5.833943,-2.4425113,-10.597193,-0.8185489,-18.765644,-7.0374694,1.9331,-17.018356,-8.353821,-4.0881495,248.82110585112284,0.170684814453125,0
-227.57759,147.80019,-27.41397,87.07668,5.951468,11.522341,3.8123977,-13.527105,11.890672,-26.498623,-8.922489,-2.4888878,-10.671642,-0.33421946,-11.747328,2.9410615,8.156948,-3.3817582,-2.610338,2.5018995,143.82426383156124,0.048095703125,1
-251.66263,199.68503,-30.916233,31.743729,6.5910454,8.360697,-18.56163,-29.10778,10.056082,0.26646376,6.6458435,-5.5970125,0.7575977,12.143929,-15.039427,-1.5087849,-0.2699683,-9.801322,4.6853065,0.1671384,150.94091272494708,0.045623779296875,1
-244.67685,118.3855,-13.310528,66.81965,-9.928549,-38.27365,-18.841057,-16.15079,4.9655647,-15.695061,-8.368572,-3.1321926,-12.249734,-7.4553733,-19.460953,-7.9400864,-8.9158945,-15.088994,1.6994449,-10.010822,282.53262700397414,0.051422119140625,0
-229.28726,139.14783,-6.972999,93.44054,-54.45276,-51.046417,-7.1061873,-26.95092,-6.835705,-23.363853,-7.2424984,7.864093,-12.625262,-18.839127,-6.1812515,-9.01416,-14.4964905,1.4362566,-2.869811,-11.04253,305.7420712220425,0.120086669921875,0
-198.7563,166.77007,-33.669647,64.785034,-4.737204,-6.2357855,22.45296,-18.45906,-6.3753285,1.6134894,-1.9299562,-4.4521437,2.6897502,3.204669,-8.92155,1.9166781,0.6564318,-7.4552217,-5.564942,-6.684659,162.08318632320348,0.045562744140625,1
-230.9234,169.61879,-7.943136,21.80385,-29.140545,-10.387834,-14.867522,-32.729874,8.529414,-12.199312,-18.238792,-6.375115,-14.800609,-11.00412,-12.805028,-10.511002,-10.207954,-7.0218983,-7.228533,-11.832357,288.0181024168401,0.034576416015625,0
-209.84406,188.18427,-22.187292,61.25187,-5.8166924,-14.838934,18.343153,-29.359373,2.4320385,13.2552395,-17.373322,-1.8805711,-3.9067605,-6.9466763,2.9746408,-2.803451,0.08658664,-0.81239855,-7.1094527,-3.5919185,164.5185520862474,0.03741455078125,1
-277.0625,98.15145,5.699943,71.199265,-29.448277,-24.682152,-0.020853281,-23.074604,-0.8583721,-8.834194,-2.4579773,-1.445065,-8.960133,-4.995776,-8.190224,-5.4604473,-20.098696,-14.484113,-6.078361,-9.6201,380.8228218435844,0.04833984375,0
-226.49619,173.76457,-44.158638,53.209217,-12.520173,1.6326399,32.712906,-23.439133,-13.70268,-9.0616455,-4.532555,-9.789658,-10.772331,7.893694,-13.820721,-3.910503,11.187087,-3.8952198,4.0067506,-1.3322766,154.07146196418918,0.042633056640625,1
-243.04958,168.59116,0.24781752,58.272263,-14.407229,-17.505484,-4.167268,-29.482101,-2.6914306,-16.04129,-11.346141,-1.3886992,-13.966015,7.5740476,3.7731245,-8.588478,-3.0693245,-5.1538277,-5.225213,-8.467429,185.8796068891193,0.0888671875,1
-234.7447,201.54684,-23.454317,25.954624,-10.75742,-1.483563,-14.584088,-41.45195,-0.62225187,-22.307945,-22.336836,-8.738049,-11.794234,6.797082,-16.127483,-9.231127,5.691978,-16.973055,0.13803965,1.0006115,152.54551516409174,0.04144287109375,1
-175.34651,173.0401,-75.79888,46.610737,-35.166935,3.121983,-7.982147,-41.42102,13.779711,-15.985465,-12.062146,-7.464793,-11.646143,-1.402258,-15.875338,-6.217308,-6.2044773,-6.3558784,5.052322,-7.2279034,247.54770783105093,0.101959228515625,1
-245.4821,115.83182,4.7871,66.78134,-19.025963,-32.673286,-10.803051,-4.857025,13.087515,-14.658424,-10.874674,-2.9222052,-11.344502,-20.90578,-22.869678,-2.4377804,-10.991108,-15.383537,-10.312205,-8.764696,313.4767260227705,0.05908203125,0
-254.61308,151.22256,-19.666922,47.604126,7.290119,4.2794123,-8.319807,-33.078068,1.8660148,-10.113237,-8.256906,-12.610952,-18.931664,8.661126,-14.280741,-15.815857,9.312323,-4.9844303,-8.011292,-3.3613238,190.60195657512665,0.037628173828125,1
-188.40726,160.00726,-29.99063,67.31579,-17.243872,-8.451851,-0.51225996,-23.933771,-10.089552,-20.750496,10.449427,-0.14558911,-4.5863895,10.653063,-10.709857,0.3349718,0.6586406,-3.795257,2.3773994,-8.627111,283.4518088297097,0.0775146484375,0
-203.55992,192.42657,-31.847637,25.790518,-6.7654324,-15.775127,-1.6777927,-19.726433,-15.094726,-9.940502,8.346481,-8.017586,-16.468784,2.7875645,-13.111878,-10.753771,-4.8400354,-13.230245,-4.610932,-6.183528,172.80948304957963,0.0369873046875,1
-281.67712,137.04012,17.68494,87.11049,-27.008955,-27.795712,10.4809885,-21.206875,-7.850132,-20.051142,-7.819174,4.8968725,-9.08461,2.6714487,-5.5767317,-6.978738,1.6870147,-7.600176,-7.8906317,-5.1538076,185.3524374420788,0.08056640625,1
-242.30861,155.75562,-17.618223,10.807351,-16.048794,-35.13344,-17.73181,-16.712814,-3.765208,-7.660079,-12.159323,-5.591142,-13.97739,-21.86708,-15.0450945,-7.906152,-13.971411,-13.563752,-4.9621024,0.8468044,355.5947148887269,0.04168701171875,0
-218.68967,132.01573,-32.38423,79.821014,-9.835659,-1.4298909,6.3587966,-30.732975,-2.7934463,-20.99938,-17.580116,-14.176692,-14.144168,0.7157456,-9.610715,-10.413112,-6.90591,-0.3959365,-6.5769897,-7.8818398,187.83796212623963,0.093719482421875,1
-199.19426,151.0677,-59.40297,45.510857,-13.355664,-42.12567,-18.13504,-33.030106,-1.6130548,-7.7658195,-27.279179,-18.3481,-17.651886,-8.451734,-8.775297,-17.527191,-5.169286,-2.479427,-15.086853,-5.4212933,179.21487146304904,0.127838134765625,1
-328.40137,106.86978,13.834054,67.63391,-33.36789,-37.1688,5.25679,-29.2524,-17.735586,-9.44653,-14.907293,-15.996084,-13.961343,-3.8412614,-9.600393,-9.0145645,-11.265768,-13.95941,-9.314182,-15.15099,308.55006697530587,0.078826904296875,0
-223.23605,113.68048,-14.42322,62.81345,-22.06569,-16.260542,-2.0376942,-27.293005,-11.926703,-24.00242,2.4884477,0.777451,-10.709568,6.374553,-11.304743,-0.2899251,14.971422,19.298517,27.545692,14.783196,475.0341374348629,0.0875244140625,0
-197.00632,156.18338,-13.641584,57.849,-1.2602488,-8.748823,10.787434,-4.2320437,-8.405448,-27.19226,1.6223258,-0.6537544,-19.715855,5.9377418,-4.284007,-11.406048,-1.1604946,-5.1563444,-1.3517139,1.5105575,136.270135505477,0.03985595703125,1
-255.37851,186.74777,7.322527,25.82785,-2.3863003,3.8387194,0.07461727,-17.139774,-6.9694743,-9.311207,9.6843405,3.841815,-7.232833,3.6877067,-4.222797,-3.233044,-5.267559,-5.8496056,-1.2588272,-6.1285257,168.75613310202093,0.036041259765625,1
-162.69046,171.86891,-62.10497,75.302185,-15.087217,-6.803684,9.738414,-10.373274,23.829105,0.17347336,11.135963,1.252392,-10.987305,1.7659469,-7.6192446,5.7394357,-2.0422702,-3.3661432,5.18641,-3.5590067,65.40639132514967,0.071502685546875,0
-212.74036,129.66083,-22.757412,69.70262,-21.467258,-23.206467,2.7954519,-21.63824,-0.6378029,-2.5943122,-5.388595,-10.089174,-3.0479743,-4.0411596,-13.013333,0.79452145,-10.260029,-7.0906897,-1.5781181,-12.612114,330.99264548493943,0.0400390625,0
-328.1285,132.76833,14.498272,15.125313,6.452517,-22.214273,-10.609315,-4.7482047,-18.343174,-19.985909,-19.276379,-16.137997,-9.3073845,-11.443559,-10.646305,-4.3808327,-7.395455,-9.689148,-4.216495,-5.029807,174.92382739296164,0.04852294921875,1
-259.0642,88.78145,-36.778297,66.60013,-24.567268,-22.08105,-15.682566,-37.09816,-13.666011,-22.154263,-9.069654,-14.960264,-11.217743,-7.549468,-24.271849,-7.652841,-14.081118,-20.590317,-4.979744,-12.919839,275.15390249768706,0.125335693359375,0
-242.68814,182.4371,6.8142357,43.619392,-7.573148,12.933529,-6.453148,-25.044882,16.12571,-7.225833,9.679226,3.1177442,-10.244851,22.572868,-16.913826,-17.172863,17.212013,-8.126301,-6.5874104,2.7987201,182.7655082192583,0.02691650390625,1
-277.0692,152.03926,-20.814137,9.534869,10.941139,-43.103943,-44.527035,-22.13071,-13.500159,-14.644982,-9.724677,-6.065126,-12.287085,-14.579087,-14.920956,-12.09272,-10.967939,-14.1351385,-6.7678504,-1.9269192,368.765676846312,0.040252685546875,0
-244.78363,201.115,-14.450168,-8.285021,-25.641884,-4.6346602,-20.797363,-32.015438,20.303673,-4.0279303,-14.621273,2.4084556,-15.945492,-11.237531,-8.3696575,-8.700822,-2.227889,-2.786501,2.9842093,1.7120056,256.45458382721347,0.059356689453125,0
-168.48048,155.30766,-61.37063,82.50214,-6.7024336,1.5121474,39.88046,-22.569584,-5.3523774,-16.664959,-3.3444397,-0.08692074,-30.926514,3.825811,-5.747707,-12.715885,7.228841,-9.547075,5.7506604,7.275626,176.83503515782155,0.056488037109375,1
-214.7378,131.82504,-37.512367,71.67374,-35.62016,-15.353004,-0.5173726,-22.499464,-2.8224213,-25.86982,-2.300314,-14.758057,-8.885738,11.688056,-14.889484,2.7329035,-2.7016492,-11.594318,4.1685905,-7.07989,270.9239732373821,0.1060791015625,0
-251.6644,130.5648,-26.1824,68.67472,-27.130692,-11.467531,-24.99996,-21.591286,9.26244,-38.41884,-6.9727335,-10.257938,-8.299101,5.92777,-21.800346,1.6933492,-7.3144813,-22.512691,-4.9740157,-8.972139,141.19812525205174,0.119232177734375,1
-282.1101,116.21122,-2.5522008,67.17639,-27.736729,-50.28716,-12.866974,-12.045164,-7.985398,-20.988018,-3.6215754,-6.53905,-14.953976,-5.3568816,-17.103798,-11.480785,-15.8021965,-17.13036,-6.351799,-15.158916,365.6167780457189,0.048797607421875,0
-140.55972,185.70819,-52.260216,26.675232,-10.362321,-1.5372682,4.487343,-24.651968,7.146004,-13.382216,-17.695507,-5.0998,-16.33149,-4.0773273,-9.245268,-6.9692,-1.9479203,-8.330021,4.279393,0.44827336,210.6369878934238,0.052825927734375,1
-268.31537,146.21758,6.621623,110.2845,-15.3014145,-17.276619,20.524239,-19.36995,-2.7384171,-19.377724,-9.949261,-1.7685302,-11.831469,11.769937,2.703487,-7.148361,-3.0116184,-3.9244106,-2.3767147,-4.5269084,140.10331444403303,0.0316162109375,1
-314.03403,119.42705,40.75441,51.87392,1.9225962,-21.869434,-9.628416,-19.89553,-23.29643,-1.3833501,5.2761,-22.404186,-13.268544,2.1092734,-13.247446,-7.7364855,-14.190622,-18.995407,-4.366263,-9.407394,355.8602386656408,0.037017822265625,0
-115.82475,137.59349,-112.746765,78.73953,-38.330326,1.9617398,6.177398,-10.111329,35.15058,-26.185085,-14.392047,13.163311,11.96654,-7.5864162,-15.952953,-1.4251491,-14.410965,-6.8661847,-0.81101215,-3.44281,309.9323440119715,0.199920654296875,0
-226.96701,167.37527,-18.239166,56.703117,-3.10497,-25.020847,7.1157727,-7.29408,-2.0247035,-9.776678,-5.8933067,1.7887479,-8.765962,-1.6780218,-0.89825106,-6.084079,-3.646946,0.7116569,-0.25222418,-2.828413,0.0,0.072967529296875,0
-194.63106,164.29169,-84.338745,13.615149,-41.944912,-37.485924,-13.223001,-28.954754,14.500635,-11.661005,-28.84173,-6.764689,-5.332062,-10.274556,-18.53136,0.98179096,-1.3914545,-10.907885,0.6116427,-13.169485,269.96090980116554,0.066986083984375,0
-289.98474,169.5108,19.104065,49.4803,-1.5523946,-40.332,-17.566551,-21.93225,-8.732822,1.2506025,-11.347643,-6.7405005,-2.6560426,-13.216875,-11.701435,-1.7584928,-9.375696,-9.818773,-0.59195566,-8.790326,305.96158588991153,0.04290771484375,0
-244.78891,133.66635,-26.573713,59.095955,0.38442707,-30.538433,2.282338,-15.210978,-4.80981,-9.332106,-17.045795,-5.0397267,-10.801845,-8.772474,-6.852261,-6.2427306,-1.398275,-4.0205445,-5.418166,-7.271639,275.6374645350979,0.1123046875,0
-211.57883,159.81572,-20.332838,65.34218,-10.747617,-36.47503,-1.8334526,-27.68662,-11.978948,-13.065122,-17.097933,-7.039237,-17.979366,-12.828154,-12.455212,-6.4793725,5.2915683,-11.154736,-14.075821,-0.93493676,135.2063623510654,0.069488525390625,1
-226.9046,176.75603,-42.519867,35.162476,-0.15166807,-29.419998,-18.924622,-12.4827175,11.41371,2.9799147,-1.9252403,-13.003816,-15.111747,-7.2933764,-13.726367,0.12417257,-0.6948543,-9.378225,-2.0616727,-7.1840625,224.2023973742785,0.085601806640625,0
-211.64645,181.75919,-26.73231,30.448492,6.820665,-23.056768,-3.075613,-13.746826,-12.1627,-0.26383734,8.46984,-0.3203807,-3.3129015,5.7333302,-11.379734,-6.1336117,3.2238421,-14.399601,-4.2334585,4.7134247,209.66770096403167,0.046844482421875,0
